CITY,CITY_region
Hamilton,GTA
Ottawa,Eastern Ontario
Montreal,Quebec Metro
Toronto,GTA
East Zorra-Tavistock,Other
Longueuil,Other
Hamilton,GTA
Bowmanville,Other
Mississauga,GTA
Delta,Other
Didsbury,Other
Edmonton,Alberta Metro
Oshawa,Other
Oakville,Other
Kitchener,Other
Kitchener,Other
Brampton,GTA
Guelph,Other
Moncton,Other
Toronto,GTA
Victoria,Other
Middlesex Centre,Other
Edwardsburgh/Cardinal,Other
Markham,GTA
Toronto,GTA
Toronto,GTA
Vancouver,Lower Mainland
Montreal,Quebec Metro
Ottawa,Eastern Ontario
Kamloops,Other
Ottawa,Eastern Ontario
Innisfil,Other
Vancouver,Lower Mainland
Toronto,GTA
Toronto,GTA
Windsor,Other
Ottawa,Eastern Ontario
Toronto,GTA
Hamilton,GTA
Peterborough,Other
Hamilton,GTA
Red Lake,Other
Quebec City,Quebec Metro
Markham,GTA
Mississauga,GTA
Nanaimo,Other
Toronto,GTA
Montreal,Quebec Metro
Toronto,GTA
Toronto,GTA
Trent Hills,Other
Vaughan,GTA
Laval,Quebec Metro
Calgary,Alberta Metro
Victoria,Other
Brossard,Other
Brandon,Other
Winnipeg,Prairies
Vancouver,Lower Mainland
Kitchener,Other
Vancouver,Lower Mainland
Gatineau,Other
Toronto,GTA
Barrie,Other
Montreal-Ouest,Other
Toronto,GTA
Toronto,GTA
Gravenhurst,Other
Toronto,GTA
Toronto,GTA
Calgary,Alberta Metro
Genelle,Other
Ottawa,Eastern Ontario
Edmonton,Alberta Metro
Toronto,GTA
Montreal,Quebec Metro
Wilmot,Other
Windsor,Other
Plessisville,Other
London,Other
Vancouver,Lower Mainland
St. Catharines,Other
Mississauga,GTA
Moncton,Other
Ottawa,Eastern Ontario
Montreal,Quebec Metro
Toronto,GTA
Toronto,GTA
Montreal,Quebec Metro
Vancouver,Lower Mainland
Clarington,Other
Toronto,GTA
Hamilton,GTA
Hamilton,GTA
Montreal,Quebec Metro
Toronto,GTA
Ottawa,Eastern Ontario
Toronto,GTA
Mississauga,GTA
Cambridge,Other
Toronto,GTA
Mississauga,GTA
Toronto,GTA
Toronto,GTA
La Prairie,Other
Orillia,Other
London,Other
Vancouver,Lower Mainland
Toronto,GTA
Lakeshore,Other
Lloydminster,Other
Vancouver,Lower Mainland
Montreal,Quebec Metro
Hamilton,GTA
Montreal,Quebec Metro
Augusta,Other
Vaughan,GTA
Cambridge,Other
Drummondville,Other
Mississauga,GTA
The North Shore,Other
Regina,Prairies
LaSalle,Other
Kanata,Other
Regina,Prairies
Toronto,GTA
Perth,Other
Toronto,GTA
Vancouver,Lower Mainland
Quispamsis,Other
Quebec City,Quebec Metro
Toronto,GTA
Kitchener,Other
Cobourg,Other
Brampton,GTA
Edmonton,Alberta Metro
Mount Brydges,Other
Toronto,GTA
Hamilton,GTA
Burlington,Other
Chicoutimi,Other
Saskatoon,Prairies
Strathroy,Other
Wingham,Other
Toronto,GTA
Vancouver,Lower Mainland
South Glengarry,Other
Toronto,GTA
Toronto,GTA
Toronto,GTA
Vancouver,Lower Mainland
Sherbrooke,Other
Gatineau,Other
Vancouver,Lower Mainland
Cambridge,Other
Toronto,GTA
Barrie,Other
Edmonton,Alberta Metro
Kingston,Eastern Ontario
Mississauga,GTA
Georgian Bluffs,Other
Montreal,Quebec Metro
Halifax,Maritimes
Pickering,Other
White Rock,Other
Quebec City,Quebec Metro
Toronto,GTA
North Dundas,Other
Toronto,GTA
Toronto,GTA
Sarnia,Other
Loyalist,Other
Vancouver,Lower Mainland
Edmonton,Alberta Metro
Toronto,GTA
Montreal,Quebec Metro
Ottawa,Eastern Ontario
Vancouver,Lower Mainland
West Grey,Other
Vancouver,Lower Mainland
Vaughan,GTA
Toronto,GTA
Mississauga,GTA
Halifax,Maritimes
Springwater,Other
Ottawa,Eastern Ontario
Ottawa,Eastern Ontario
Kitchener,Other
Brant,Other
Toronto,GTA
Vancouver,Lower Mainland
Candiac,Other
Calgary,Alberta Metro
St. John's,Maritimes
Vancouver,Lower Mainland
Sault Ste. Marie,Other
Sherbrooke,Other
Brampton,GTA
Richmond Hill,Other
Westmount,Other
Southwold,Other
Toronto,GTA
Stratford,Other
Oakville,Other
Vancouver,Lower Mainland
Uxbridge,Other
Kanata,Other
Montreal,Quebec Metro
Toronto,GTA
Richmond Hill,Other
Kitchener,Other
Toronto,GTA
Thunder Bay,Other
Toronto,GTA
Innisfil,Other
Windsor,Other
West Nipissing / Nipissing Ouest,Other
Vancouver,Lower Mainland
Chilliwack,Other
White Rock,Other
Whitby,Other
Montreal,Quebec Metro
LaSalle,Other
Edmonton,Alberta Metro
Montreal,Quebec Metro
Vancouver,Lower Mainland
Meaford,Other
Toronto,GTA
Richmond,Other
Vancouver,Lower Mainland
Surrey,Lower Mainland
Mississauga,GTA
Port Alberni,Other
Ottawa,Eastern Ontario
Toronto,GTA
Toronto,GTA
St. Catharines,Other
Mont-Joli,Other
Vancouver,Lower Mainland
Oakville,Other
Toronto,GTA
Sault Ste. Marie,Other
Toronto,GTA
Toronto,GTA
Hearst,Other
Vaughan,GTA
Montreal,Quebec Metro
Toronto,GTA
Grande Prairie,Other
London,Other
Toronto,GTA
Newmarket,Other
Toronto,GTA
Quebec City,Quebec Metro
Moncton,Other
Sarnia,Other
Hamilton,GTA
Kitchener,Other
Edmonton,Alberta Metro
Quebec City,Quebec Metro
Vaughan,GTA
Burnaby,Lower Mainland
London,Other
Thunder Bay,Other
Toronto,GTA
Montreal,Quebec Metro
Markham,GTA
Montreal,Quebec Metro
Thetford Mines,Other
Vaughan,GTA
Toronto,GTA
Toronto,GTA
Montreal,Quebec Metro
Kitchener,Other
Winnipeg,Prairies
Drummondville,Other
Edmonton,Alberta Metro
Toronto,GTA
Kitchener,Other
Westbank,Other
Regina,Prairies
Oakbank,Other
Mississauga,GTA
Prince George,Other
Halifax,Maritimes
Ottawa,Eastern Ontario
White River,Other
Quebec City,Quebec Metro
Burnaby,Lower Mainland
St. John's,Maritimes
Toronto,GTA
Toronto,GTA
Vaughan,GTA
Barrie,Other
Edmonton,Alberta Metro
Windsor,Other
Toronto,GTA
Saanich,Other
Belleville,Other
Toronto,GTA
Kingston,Eastern Ontario
Toronto,GTA
Surrey,Lower Mainland
Toronto,GTA
Toronto,GTA
Toronto,GTA
Toronto,GTA
Montreal,Quebec Metro
Toronto,GTA
Vaughan,GTA
Toronto,GTA
Toronto,GTA
Levis,Other
Picture Butte,Other
Bois-des-Filion,Other
Montreal,Quebec Metro
Toronto,GTA
Toronto,GTA
Bradford,Other
North Glengarry,Other
Gatineau,Other
Caledon,Other
Rimouski,Other
Malahide,Other
Alfred and Plantagenet,Other
Clarenville,Other
Hamilton,GTA
Ottawa,Eastern Ontario
Montreal,Quebec Metro
Niagara Falls,Other
Sudbury,Other
Toronto,GTA
Coquitlam,Other
Montreal,Quebec Metro
Montreal,Quebec Metro
Montreal-Ouest,Other
Oakville,Other
Estevan,Other
Quebec City,Quebec Metro
Vancouver,Lower Mainland
Toronto,GTA
Calgary,Alberta Metro
St. Catharines,Other
Wood Buffalo,Other
Toronto,GTA
Toronto,GTA
Montreal,Quebec Metro
Kitchener,Other
Windsor,Other
Kitchener,Other
Quebec City,Quebec Metro
Montreal,Quebec Metro
Toronto,GTA
Hamilton,GTA
Hamilton,GTA
Saanich,Other
Chicoutimi,Other
Ottawa,Eastern Ontario
Saint-Ludger,Other
Surrey,Lower Mainland
Toronto,GTA
Brampton,GTA
Hamilton,GTA
Edmonton,Alberta Metro
Toronto,GTA
Toronto,GTA
Montreal,Quebec Metro
Mississauga,GTA
Toronto,GTA
Sudbury,Other
Ottawa,Eastern Ontario
Quebec City,Quebec Metro
Toronto,GTA
Prevost,Other
Ottawa,Eastern Ontario
Halton Hills,Other
Hamilton,GTA
Toronto,GTA
Port Colborne,Other
Toronto,GTA
Montreal,Quebec Metro
Vancouver,Lower Mainland
Hamilton,GTA
Vancouver,Lower Mainland
Hamilton,GTA
Mississauga,GTA
Vaughan,GTA
Charlottetown,Other
Vancouver,Lower Mainland
Toronto,GTA
London,Other
Ottawa,Eastern Ontario
Quebec City,Quebec Metro
Port Coquitlam,Other
Toronto,GTA
Montreal,Quebec Metro
Calgary,Alberta Metro
Surrey,Lower Mainland
Kitchener,Other
Calgary,Alberta Metro
Victoria,Other
Winnipeg,Prairies
Winnipeg,Prairies
Toronto,GTA
Toronto,GTA
Windsor,Other
Toronto,GTA
Ottawa,Eastern Ontario
Caledon,Other
Quebec City,Quebec Metro
Toronto,GTA
Levis,Other
Toronto,GTA
Kanata,Other
Amherstburg,Other
Regina,Prairies
Strathroy-Caradoc,Other
Brossard,Other
Montreal,Quebec Metro
Montreal,Quebec Metro
Laval,Quebec Metro
Montreal,Quebec Metro
Peterborough,Other
Middlesex Centre,Other
Vancouver,Lower Mainland
Georgian Bluffs,Other
Montreal,Quebec Metro
Toronto,GTA
Windsor,Other
Toronto,GTA
Montreal,Quebec Metro
Chatham,Other
Saguenay,Other
Toronto,GTA
Toronto,GTA
Montreal,Quebec Metro
Brampton,GTA
Kitchener,Other
Chatham,Other
Toronto,GTA
Kanata,Other
Calgary,Alberta Metro
Levis,Other
Montreal,Quebec Metro
Levis,Other
Longueuil,Other
Edmonton,Alberta Metro
Stephenville,Other
Laval,Quebec Metro
West Lincoln,Other
Drummondville,Other
Quesnel,Other
Toronto,GTA
Armstrong,Other
Brampton,GTA
Vernon,Other
Montreal,Quebec Metro
Windsor,Other
Edmonton,Alberta Metro
Ottawa,Eastern Ontario
Edmonton,Alberta Metro
Ajax,Other
Vancouver,Lower Mainland
Ottawa,Eastern Ontario
Toronto,GTA
Toronto,GTA
Victoria,Other
Montreal,Quebec Metro
Bradford West Gwillimbury,Other
Simcoe,Other
Markham,GTA
Boisbriand,Other
Markham,GTA
Caledon,Other
Saint-Quentin,Other
Saguenay,Other
Ottawa,Eastern Ontario
Oshawa,Other
Saint-Jerome,Other
London,Other
Edmonton,Alberta Metro
Balgonie,Other
Toronto,GTA
Toronto,GTA
Toronto,GTA
Cobourg,Other
Mississauga,GTA
Guelph,Other
Mont-Royal,Other
Sturgeon Falls,Other
Toronto,GTA
Toronto,GTA
Bradford,Other
Toronto,GTA
Bayham,Other
St. Catharines,Other
Montreal,Quebec Metro
Toronto,GTA
London,Other
Toronto,GTA
Caledon,Other
Toronto,GTA
Brampton,GTA
Saint-Celestin,Other
Mississauga,GTA
Windsor,Other
Markham,GTA
Houston,Other
Toronto,GTA
Chatham,Other
Toronto,GTA
Montreal,Quebec Metro
Montreal,Quebec Metro
Winnipeg,Prairies
Saguenay,Other
Saint-Jean-sur-Richelieu,Other
Cape Breton,Other
Barrie,Other
Markham,GTA
Perce,Other
Barrie,Other
Montreal,Quebec Metro
Chicoutimi,Other
Burlington,Other
Brampton,GTA
Toronto,GTA
Toronto,GTA
Hamilton,GTA
Montreal,Quebec Metro
Toronto,GTA
Vancouver,Lower Mainland
Lakefield,Other
Montreal,Quebec Metro
Milton,Other
Oshawa,Other
Montmagny,Other
London,Other
Burlington,Other
Edmonton,Alberta Metro
London,Other
Sudbury,Other
Saskatoon,Prairies
Toronto,GTA
Sudbury,Other
Kitchener,Other
Toronto,GTA
Acton,Other
Halifax,Maritimes
Kitchener,Other
Toronto,GTA
Halifax,Maritimes
Port Coquitlam,Other
Central Saanich,Other
Montreal,Quebec Metro
Whitby,Other
Brossard,Other
Vauxhall,Other
Austin,Other
Triton,Other
Edmonton,Alberta Metro
Toronto,GTA
Rimouski,Other
Kingston,Eastern Ontario
Edmonton,Alberta Metro
Brampton,GTA
Georgetown,Other
Montreal,Quebec Metro
Whitehorse,Other
Uxbridge,Other
Toronto,GTA
Magog,Other
Milton,Other
Montreal,Quebec Metro
Edmonton,Alberta Metro
Toronto,GTA
Renfrew,Other
Collingwood,Other
Vancouver,Lower Mainland
Newmarket,Other
Calgary,Alberta Metro
Halton Hills,Other
Longueuil,Other
Cornwall,Other
New Westminster,Other
Sarnia,Other
Kanata,Other
Toronto,GTA
Bowmanville,Other
Toronto,GTA
Ottawa,Eastern Ontario
Ajax,Other
Toronto,GTA
Petrolia,Other
Clarington,Other
Kitchener,Other
Laval,Quebec Metro
Toronto,GTA
Toronto,GTA
Montreal,Quebec Metro
Lindsay,Other
Toronto,GTA
Toronto,GTA
Toronto,GTA
Peterborough,Other
Edmonton,Alberta Metro
Surrey,Lower Mainland
Hanwell,Other
Mont-Tremblant,Other
Montreal,Quebec Metro
Toronto,GTA
Vaughan,GTA
Georgina,Other
Surrey,Lower Mainland
Toronto,GTA
Wallaceburg,Other
Saguenay,Other
Toronto,GTA
Montreal,Quebec Metro
Toronto,GTA
Edmonton,Alberta Metro
Oakville,Other
Toronto,GTA
Levis,Other
Toronto,GTA
Toronto,GTA
Toronto,GTA
Edmonton,Alberta Metro
London,Other
Toronto,GTA
Edmonton,Alberta Metro
Chicoutimi,Other
Toronto,GTA
Toronto,GTA
Hamilton,GTA
Quebec City,Quebec Metro
Calgary,Alberta Metro
Calgary,Alberta Metro
Winnipeg,Prairies
Richmond,Other
Wainfleet,Other
Montreal,Quebec Metro
Mississauga,GTA
Delta,Other
Calgary,Alberta Metro
Kitchener,Other
Clarence-Rockland,Other
Vancouver,Lower Mainland
Kitchener,Other
Kelowna,Other
Windsor,Other
Vancouver,Lower Mainland
Toronto,GTA
Westville,Other
Montreal,Quebec Metro
Mississauga,GTA
Vancouver,Lower Mainland
Coquitlam,Other
Toronto,GTA
Ottawa,Eastern Ontario
Waterloo,Other
Calgary,Alberta Metro
Vancouver,Lower Mainland
Kitchener,Other
Calgary,Alberta Metro
Terrebonne,Other
Oakville,Other
Langley,Other
Montreal,Quebec Metro
Montreal,Quebec Metro
Barrie,Other
Pickering,Other
Calgary,Alberta Metro
Quebec City,Quebec Metro
Montreal,Quebec Metro
Sherbrooke,Other
Cold Lake,Other
Victoria,Other
Surrey,Lower Mainland
Vancouver,Lower Mainland
St. Catharines,Other
Midland,Other
Toronto,GTA
Saint-Damase,Other
Montreal,Quebec Metro
Hamilton,GTA
Red Deer,Other
Vancouver,Lower Mainland
Brandon,Other
Hamilton,GTA
St. John's,Maritimes
Winnipeg,Prairies
Toronto,GTA
Richmond Hill,Other
Toronto,GTA
Quinte West,Other
Toronto,GTA
Halifax,Maritimes
Timmins,Other
Bradford West Gwillimbury,Other
Oshawa,Other
Alliston,Other
Vancouver,Lower Mainland
Waterloo,Other
Edmonton,Alberta Metro
Regina,Prairies
Toronto,GTA
Burlington,Other
Thorold,Other
Milton,Other
St. Thomas,Other
Toronto,GTA
Edmonton,Alberta Metro
Surrey,Lower Mainland
Montreal,Quebec Metro
Toronto,GTA
Montreal,Quebec Metro
Vancouver,Lower Mainland
Brampton,GTA
Kitchener,Other
Kitchener,Other
Toronto,GTA
Vancouver,Lower Mainland
Longueuil,Other
Orillia,Other
Vancouver,Lower Mainland
Montreal,Quebec Metro
Severn,Other
Burnaby,Lower Mainland
Vancouver,Lower Mainland
Toronto,GTA
Burlington,Other
Toronto,GTA
Vancouver,Lower Mainland
Kitchener,Other
Toronto,GTA
Vaughan,GTA
Fruitvale,Other
Victoria,Other
St. Catharines,Other
Centre Wellington,Other
Vancouver,Lower Mainland
Toronto,GTA
Ottawa,Eastern Ontario
Saskatoon,Prairies
Winnipeg,Prairies
South Dundas,Other
Brampton,GTA
Toronto,GTA
Edmonton,Alberta Metro
Ottawa,Eastern Ontario
Calgary,Alberta Metro
Brampton,GTA
Moncton,Other
Georgetown,Other
Boucherville,Other
Ottawa,Eastern Ontario
Oakville,Other
Montreal,Quebec Metro
Quebec City,Quebec Metro
Surrey,Lower Mainland
Toronto,GTA
Montreal,Quebec Metro
Mississauga,GTA
Kitchener,Other
Toronto,GTA
Montreal,Quebec Metro
Midland,Other
Toronto,GTA
Calgary,Alberta Metro
Toronto,GTA
Toronto,GTA
Chateau-Richer,Other
Toronto,GTA
Burnaby,Lower Mainland
Edmonton,Alberta Metro
Kenora,Other
Kanata,Other
Fort McMurray,Other
Laval,Quebec Metro
Abbotsford,Other
Winnipeg,Prairies
Montreal,Quebec Metro
Montreal,Quebec Metro
Victoria,Other
Ajax,Other
Calgary,Alberta Metro
Mascouche,Other
Vaughan,GTA
Saint-Gabriel-de-Brandon,Other
Bradford,Other
Toronto,GTA
Calgary,Alberta Metro
Toronto,GTA
Vancouver,Lower Mainland
Vernon,Other
Hawkesbury,Other
Surrey,Lower Mainland
Delta,Other
Brampton,GTA
Windsor,Other
Goderich,Other
Ottawa,Eastern Ontario
Toronto,GTA
Waterloo,Other
Vancouver,Lower Mainland
Vaughan,GTA
Quebec City,Quebec Metro
Toronto,GTA
Kitchener,Other
Whitby,Other
Halifax,Maritimes
Toronto,GTA
Ajax,Other
Bolton,Other
Sainte-Anne-des-Plaines,Other
Winnipeg,Prairies
Kelowna,Other
Laval,Quebec Metro
Toronto,GTA
Gatineau,Other
Nanaimo,Other
Calgary,Alberta Metro
South Glengarry,Other
Hartland,Other
Calgary,Alberta Metro
Montreal,Quebec Metro
Toronto,GTA
Moncton,Other
Vancouver,Lower Mainland
Bonaventure,Other
Guelph,Other
Ottawa,Eastern Ontario
Montreal,Quebec Metro
Markham,GTA
Oakville,Other
Quebec City,Quebec Metro
Toronto,GTA
London,Other
Markham,GTA
Ottawa,Eastern Ontario
Caledon,Other
Montreal,Quebec Metro
Markham,GTA
Cote-Saint-Luc,Other
Kitchener,Other
Mississauga,GTA
Waterloo,Other
Toronto,GTA
St. Catharines,Other
Montreal,Quebec Metro
Tottenham,Other
Laval,Quebec Metro
Montreal,Quebec Metro
Calgary,Alberta Metro
Toronto,GTA
Trent Hills,Other
Toronto,GTA
Vancouver,Lower Mainland
Brossard,Other
Toronto,GTA
Newmarket,Other
Brampton,GTA
Edmonton,Alberta Metro
Toronto,GTA
Cambridge,Other
Montreal,Quebec Metro
Toronto,GTA
Ottawa,Eastern Ontario
Toronto,GTA
London,Other
Toronto,GTA
Saguenay,Other
Windsor,Other
Toronto,GTA
Mascouche,Other
Toronto,GTA
Montreal,Quebec Metro
Thunder Bay,Other
Winnipeg,Prairies
Edmonton,Alberta Metro
Trois-Rivieres,Other
Brampton,GTA
Hamilton,GTA
Calgary,Alberta Metro
Longueuil,Other
Edmonton,Alberta Metro
Ajax,Other
Toronto,GTA
Toronto,GTA
Burlington,Other
Whitby,Other
Toronto,GTA
Montreal,Quebec Metro
Kitchener,Other
Woolwich,Other
Hamilton,GTA
Roxton Pond,Other
Mississauga,GTA
Brampton,GTA
Toronto,GTA
Laval,Quebec Metro
Edmonton,Alberta Metro
Saskatoon,Prairies
Barrie,Other
Guelph,Other
Hamilton,GTA
Vancouver,Lower Mainland
London,Other
Toronto,GTA
Edmundston,Other
Toronto,GTA
Edmundston,Other
Toronto,GTA
Toronto,GTA
Laval,Quebec Metro
Barrie,Other
Surrey,Lower Mainland
Calgary,Alberta Metro
Toronto,GTA
Gatineau,Other
Montreal,Quebec Metro
Toronto,GTA
Thornbury,Other
Brossard,Other
London,Other
Quebec City,Quebec Metro
Edmonton,Alberta Metro
Brampton,GTA
London,Other
Toronto,GTA
Vancouver,Lower Mainland
Aurora,Other
Edmonton,Alberta Metro
Toronto,GTA
Toronto,GTA
Gatineau,Other
Regina,Prairies
Milton,Other
Toronto,GTA
Disraeli,Other
Toronto,GTA
Hamilton,GTA
Cornwall,Other
Edmonton,Alberta Metro
Cambridge,Other
Brampton,GTA
Hamilton,GTA
Saskatoon,Prairies
Kitchener,Other
Toronto,GTA
Vancouver,Lower Mainland
Winnipeg,Prairies
Toronto,GTA
Toronto,GTA
North Glengarry,Other
Waterloo,Other
Saskatoon,Prairies
Toronto,GTA
Toronto,GTA
Oshawa,Other
Vancouver,Lower Mainland
Toronto,GTA
Calgary,Alberta Metro
Hamilton,GTA
St. Catharines,Other
Stayner,Other
Ottawa,Eastern Ontario
Vancouver,Lower Mainland
Burnaby,Lower Mainland
Quebec City,Quebec Metro
Toronto,GTA
Toronto,GTA
Toronto,GTA
Selwyn,Other
Vancouver,Lower Mainland
Ladner,Other
Toronto,GTA
Toronto,GTA
Montreal,Quebec Metro
Vancouver,Lower Mainland
Quebec City,Quebec Metro
Chatham,Other
Ottawa,Eastern Ontario
Toronto,GTA
North Kawartha,Other
Ottawa,Eastern Ontario
Vancouver,Lower Mainland
Toronto,GTA
Grand Bay-Westfield,Other
Toronto,GTA
Toronto,GTA
Surrey,Lower Mainland
Ottawa,Eastern Ontario
Toronto,GTA
North Dundas,Other
McMasterville,Other
Coquitlam,Other
Sherbrooke,Other
Lincoln,Other
Chatham,Other
Winkler,Other
Toronto,GTA
Hythe,Other
Edmonton,Alberta Metro
Saint-Hyacinthe,Other
Toronto,GTA
Montreal,Quebec Metro
Montreal,Quebec Metro
Edmonton,Alberta Metro
Toronto,GTA
Edmonton,Alberta Metro
Toronto,GTA
Montreal,Quebec Metro
Cape Breton,Other
Stouffville,Other
Markham,GTA
Toronto,GTA
Toronto,GTA
Wilkie,Other
Sault Ste. Marie,Other
Chambly,Other
London,Other
Winnipeg,Prairies
Mississauga,GTA
Calgary,Alberta Metro
Assiniboia,Other
Brampton,GTA
Toronto,GTA
Richmond Hill,Other
Toronto,GTA
Tay,Other
Campbell River,Other
Vancouver,Lower Mainland
Quebec City,Quebec Metro
Winnipeg,Prairies
Vancouver,Lower Mainland
London,Other
Hamilton,GTA
Laval,Quebec Metro
Toronto,GTA
Lavaltrie,Other
Hamilton,GTA
Peterborough,Other
Woolwich,Other
Winnipeg,Prairies
Brampton,GTA
Markham,GTA
Hamilton,GTA
London,Other
Quebec City,Quebec Metro
Brockton,Other
Saint-Constant,Other
Terrebonne,Other
Montreal,Quebec Metro
Toronto,GTA
New Tecumseth,Other
Magog,Other
Vaughan,GTA
Mississauga,GTA
Toronto,GTA
Vancouver,Lower Mainland
Toronto,GTA
Kamloops,Other
Toronto,GTA
Kamloops,Other
Montreal,Quebec Metro
East Gwillimbury,Other
Brockville,Other
Oshawa,Other
Metcalfe,Other
Ottawa,Eastern Ontario
Moncton,Other
Pickering,Other
Toronto,GTA
London,Other
Surrey,Lower Mainland
Montreal,Quebec Metro
West Interlake,Other
Toronto,GTA
Welland,Other
Calgary,Alberta Metro
Ingersoll,Other
Montreal,Quebec Metro
Toronto,GTA
Piedmont,Other
Thunder Bay,Other
Coquitlam,Other
Vaughan,GTA
Edmonton,Alberta Metro
Brampton,GTA
Montreal,Quebec Metro
Halifax,Maritimes
Caledon,Other
Toronto,GTA
Toronto,GTA
Toronto,GTA
Calgary,Alberta Metro
Montreal,Quebec Metro
Toronto,GTA
Toronto,GTA
Montreal,Quebec Metro
Hamilton,GTA
Exshaw,Other
Montreal,Quebec Metro
Toronto,GTA
Calgary,Alberta Metro
Coquitlam,Other
Toronto,GTA
Moncton,Other
St. John's,Maritimes
Toronto,GTA
London,Other
Montreal,Quebec Metro
Sherbrooke,Other
Oshawa,Other
Richmond Hill,Other
Burlington,Other
Toronto,GTA
Winnipeg,Prairies
Montreal,Quebec Metro
Oakville,Other
Tottenham,Other
Ottawa,Eastern Ontario
Clarington,Other
Langley,Other
Ottawa,Eastern Ontario
Kelowna,Other
Toronto,GTA
London,Other
Stouffville,Other
Marathon,Other
Whitby,Other
Halifax,Maritimes
Pincourt,Other
Hamilton,GTA
Alfred and Plantagenet,Other
Chicoutimi,Other
Edmonton,Alberta Metro
Kitchener,Other
Winnipeg,Prairies
Toronto,GTA
Abbotsford,Other
Kawartha Lakes,Other
Montreal,Quebec Metro
Delta,Other
Montreal,Quebec Metro
Burlington,Other
Black River-Matheson,Other
Ottawa,Eastern Ontario
Montreal,Quebec Metro
Toronto,GTA
Winnipeg,Prairies
Markham,GTA
Vancouver,Lower Mainland
Ashfield-Colborne-Wawanosh,Other
Toronto,GTA
Keswick,Other
Oakville,Other
Georgina,Other
Whitby,Other
Oakville,Other
Guelph,Other
Toronto,GTA
Montreal,Quebec Metro
Montreal,Quebec Metro
Toronto,GTA
Vancouver,Lower Mainland
Toronto,GTA
Ottawa,Eastern Ontario
Toronto,GTA
Milton,Other
Victoria,Other
Toronto,GTA
Vaughan,GTA
Abbotsford,Other
Montreal,Quebec Metro
Edmonton,Alberta Metro
Oro-Medonte,Other
Brampton,GTA
Ajax,Other
Toronto,GTA
Winnipeg,Prairies
London,Other
Toronto,GTA
Oakville,Other
Fergus,Other
Montreal,Quebec Metro
Saskatoon,Prairies
Vancouver,Lower Mainland
London,Other
St. Catharines,Other
Amaranth,Other
Brampton,GTA
Montreal,Quebec Metro
Calgary,Alberta Metro
Toronto,GTA
Montreal,Quebec Metro
Clearview,Other
New Tecumseth,Other
Toronto,GTA
Kingston,Eastern Ontario
Toronto,GTA
Halton Hills,Other
Coquitlam,Other
Sherbrooke,Other
Wasaga Beach,Other
Montreal,Quebec Metro
Vancouver,Lower Mainland
Toronto,GTA
Delta,Other
Brampton,GTA
Toronto,GTA
Calgary,Alberta Metro
Saguenay,Other
Montreal,Quebec Metro
Whitby,Other
Toronto,GTA
Kitchener,Other
Montreal,Quebec Metro
Ottawa,Eastern Ontario
Barrie,Other
Becancour,Other
Tache,Other
Edmonton,Alberta Metro
Toronto,GTA
Obedjiwan,Other
Oshawa,Other
Toronto,GTA
Calgary,Alberta Metro
Montague,Other
Ottawa,Eastern Ontario
Roberval,Other
Toronto,GTA
Bolton,Other
Terrebonne,Other
Vancouver,Lower Mainland
Toronto,GTA
Halifax,Maritimes
Waterloo,Other
Hamilton,GTA
Maple Ridge,Other
New Westminster,Other
Toronto,GTA
Central Elgin,Other
Mississauga,GTA
Barrie,Other
Sainte-Marie,Other
Saint-Jerome,Other
Hamilton,GTA
Brampton,GTA
Montreal,Quebec Metro
London,Other
Vancouver,Lower Mainland
Montreal,Quebec Metro
Granby,Other
Winnipeg,Prairies
Toronto,GTA
Bradford,Other
Montreal,Quebec Metro
Vancouver,Lower Mainland
White City,Other
Calgary,Alberta Metro
London,Other
North Vancouver,Other
Owen Sound,Other
Tsawwassen,Other
Charlottetown,Other
St. John's,Maritimes
Lanoraie,Other
Ottawa,Eastern Ontario
Toronto,GTA
Newmarket,Other
Brampton,GTA
Ramara,Other
Toronto,GTA
Ottawa,Eastern Ontario
Longueuil,Other
Richmond Hill,Other
Quebec City,Quebec Metro
Clarington,Other
Vancouver,Lower Mainland
Calgary,Alberta Metro
Brant,Other
Ottawa,Eastern Ontario
St. John's,Maritimes
Ottawa,Eastern Ontario
Quebec City,Quebec Metro
Mississauga,GTA
Ottawa,Eastern Ontario
Montreal,Quebec Metro
Montreal,Quebec Metro
Vancouver,Lower Mainland
White Rock,Other
Quebec City,Quebec Metro
Ottawa,Eastern Ontario
Ajax,Other
Burlington,Other
Stratford,Other
Burlington,Other
Toronto,GTA
Toronto,GTA
Sudbury,Other
Winkler,Other
Toronto,GTA
Toronto,GTA
Strasbourg Station,Other
Toronto,GTA
Calgary,Alberta Metro
Ajax,Other
Montreal,Quebec Metro
Toronto,GTA
Ottawa,Eastern Ontario
Kitchener,Other
Regina,Prairies
Vancouver,Lower Mainland
Cambridge,Other
Fort McMurray,Other
Vineland,Other
Nanton,Other
Quebec City,Quebec Metro
Ottawa,Eastern Ontario
Rideau Lakes,Other
Burnaby,Lower Mainland
Hamilton,GTA
Burlington,Other
Edmonton,Alberta Metro
Saint-Lazare,Other
Edmonton,Alberta Metro
Oro-Medonte,Other
Quebec City,Quebec Metro
Leamington,Other
Calgary,Alberta Metro
LaSalle,Other
Guelph,Other
Mono,Other
Toronto,GTA
Toronto,GTA
Hamilton,GTA
Victoria,Other
Mississauga,GTA
Toronto,GTA
Wood Buffalo,Other
Vancouver,Lower Mainland
Brampton,GTA
Brampton,GTA
Sudbury,Other
Ottawa,Eastern Ontario
Toronto,GTA
Edmonton,Alberta Metro
Vancouver,Lower Mainland
Toronto,GTA
Kitchener,Other
Toronto,GTA
Toronto,GTA
St. John's,Maritimes
Terrebonne,Other
Beloeil,Other
Midland,Other
Toronto,GTA
Ottawa,Eastern Ontario
Oshawa,Other
Bowmanville,Other
Montreal,Quebec Metro
Harrow,Other
Toronto,GTA
Montreal,Quebec Metro
Toronto,GTA
Vaughan,GTA
Toronto,GTA
West Vancouver,Other
Saint John,Other
Kitchener,Other
Windsor,Other
Montreal,Quebec Metro
Kitchener,Other
Vancouver,Lower Mainland
Edmonton,Alberta Metro
Montreal,Quebec Metro
Quebec City,Quebec Metro
Windsor,Other
Ottawa,Eastern Ontario
Toronto,GTA
Trois-Rivieres,Other
Sainte-Adele,Other
Montreal,Quebec Metro
Kapuskasing,Other
Toronto,GTA
Vancouver,Lower Mainland
Clarence-Rockland,Other
Levis,Other
Orillia,Other
Vancouver,Lower Mainland
Alfred and Plantagenet,Other
Kanata,Other
Toronto,GTA
Halifax,Maritimes
Richmond Hill,Other
Toronto,GTA
Kitchener,Other
Montreal,Quebec Metro
Montreal,Quebec Metro
Mount Albert,Other
Sudbury,Other
Gatineau,Other
Montreal,Quebec Metro
Calgary,Alberta Metro
Brant,Other
Saint John,Other
Brampton,GTA
Toronto,GTA
Toronto,GTA
Toronto,GTA
Winnipeg,Prairies
Toronto,GTA
Edmonton,Alberta Metro
Surrey,Lower Mainland
Brantford,Other
Richmond,Other
Toronto,GTA
Toronto,GTA
Toronto,GTA
Kitchener,Other
Vancouver,Lower Mainland
Wilmot,Other
Fort McMurray,Other
Blainville,Other
Victoria,Other
Montreal,Quebec Metro
Leduc,Other
Chelmsford,Other
Perth,Other
Quebec City,Quebec Metro
Vancouver,Lower Mainland
Mission,Other
Ottawa,Eastern Ontario
Airdrie,Other
Toronto,GTA
Toronto,GTA
Montreal,Quebec Metro
Hamilton,GTA
Quebec City,Quebec Metro
Waterloo,Other
Brampton,GTA
Vancouver,Lower Mainland
Ottawa,Eastern Ontario
Hamilton,GTA
Toronto,GTA
Toronto,GTA
Winnipeg,Prairies
Toronto,GTA
Burlington,Other
Surrey,Lower Mainland
Calgary,Alberta Metro
Les Coteaux,Other
Toronto,GTA
Montreal,Quebec Metro
West Lincoln,Other
Winnipeg,Prairies
Toronto,GTA
Toronto,GTA
Toronto,GTA
Markham,GTA
Toronto,GTA
Vancouver,Lower Mainland
Napanee,Other
Montreal,Quebec Metro
Brampton,GTA
Morinville,Other
Edmonton,Alberta Metro
Toronto,GTA
Edmonton,Alberta Metro
Brampton,GTA
Toronto,GTA
Burlington,Other
Vancouver,Lower Mainland
North Grenville,Other
Rimouski,Other
New Westminster,Other
Mont-Tremblant,Other
Brandon,Other
Montreal,Quebec Metro
Edmonton,Alberta Metro
Lindsay,Other
Toronto,GTA
London,Other
Toronto,GTA
Clarington,Other
Vancouver,Lower Mainland
Brampton,GTA
Cambridge,Other
Trois-Rivieres,Other
Brampton,GTA
Whitby,Other
Barrie,Other
Quebec City,Quebec Metro
Toronto,GTA
Montreal,Quebec Metro
Calgary,Alberta Metro
Montreal,Quebec Metro
Toronto,GTA
Regina,Prairies
Ottawa,Eastern Ontario
Winnipeg,Prairies
Toronto,GTA
Coquitlam,Other
Courtenay,Other
Kitchener,Other
Calgary,Alberta Metro
Hamilton,GTA
Surrey,Lower Mainland
Toronto,GTA
Calgary,Alberta Metro
Brampton,GTA
Markham,GTA
Armstrong,Other
Montreal,Quebec Metro
Squamish,Other
Toronto,GTA
Montreal,Quebec Metro
Toronto,GTA
Montreal,Quebec Metro
Montreal,Quebec Metro
Vancouver,Lower Mainland
Coquitlam,Other
Pembroke,Other
Timmins,Other
Toronto,GTA
Toronto,GTA
Calgary,Alberta Metro
Saint-Patrice-de-Sherrington,Other
Toronto,GTA
Windsor,Other
Winnipeg,Prairies
Toronto,GTA
Laval,Quebec Metro
Sainte-Therese,Other
Whitehorse,Other
Toronto,GTA
Toronto,GTA
Regina,Prairies
Winnipeg,Prairies
Ottawa,Eastern Ontario
Peace River,Other
Toronto,GTA
Vancouver,Lower Mainland
Montreal,Quebec Metro
Hanover,Other
Toronto,GTA
Almonte,Other
New Tecumseth,Other
Toronto,GTA
Calgary,Alberta Metro
Oakville,Other
Toronto,GTA
Richmond Hill,Other
Burnaby,Lower Mainland
Dorval,Other
Vancouver,Lower Mainland
Toronto,GTA
Montreal,Quebec Metro
Toronto,GTA
Saanich,Other
Sainte-Julie,Other
North Stormont,Other
Ottawa,Eastern Ontario
Montreal,Quebec Metro
Saint-Eustache,Other
St. John's,Maritimes
Toronto,GTA
Sarnia,Other
Orillia,Other
Shelburne,Other
Stony Plain,Other
Tiny,Other
Saanich,Other
Toronto,GTA
Toronto,GTA
Toronto,GTA
Toronto,GTA
Brussels,Other
Toronto,GTA
Windsor,Other
Vancouver,Lower Mainland
Watson,Other
Sudbury,Other
Peterborough,Other
Richmond,Other
Toronto,GTA
Asbestos,Other
Abbotsford,Other
Toronto,GTA
Brampton,GTA
Montreal,Quebec Metro
Toronto,GTA
Toronto,GTA
Kitchener,Other
Toronto,GTA
Ottawa,Eastern Ontario
Hawkesbury,Other
Coldstream,Other
Toronto,GTA
Toronto,GTA
Montreal,Quebec Metro
Markham,GTA
Vaughan,GTA
Toronto,GTA
Niagara Falls,Other
Toronto,GTA
London,Other
Calgary,Alberta Metro
Saanich,Other
Toronto,GTA
Vancouver,Lower Mainland
Halifax,Maritimes
Loyalist,Other
Clarington,Other
Toronto,GTA
Toronto,GTA
Coalhurst,Other
Toronto,GTA
Vancouver,Lower Mainland
Toronto,GTA
Toronto,GTA
Markham,GTA
Ottawa,Eastern Ontario
Milton,Other
Peterborough,Other
Brampton,GTA
Lorraine,Other
Red Deer,Other
Toronto,GTA
Toronto,GTA
Montreal,Quebec Metro
Quebec City,Quebec Metro
Brampton,GTA
Ottawa,Eastern Ontario
Ottawa,Eastern Ontario
Clarington,Other
Edmonton,Alberta Metro
Mississauga,GTA
Thorold,Other
North Frontenac,Other
Toronto,GTA
Winnipeg,Prairies
Essex,Other
Toronto,GTA
Abbotsford,Other
Toronto,GTA
Toronto,GTA
Moncton,Other
Vancouver,Lower Mainland
Saguenay,Other
Edmonton,Alberta Metro
Gatineau,Other
Orangeville,Other
Edmonton,Alberta Metro
Beloeil,Other
Perth,Other
Toronto,GTA
Kitchener,Other
Ajax,Other
Saint-Eustache,Other
Grimsby,Other
Levis,Other
Clarington,Other
Calgary,Alberta Metro
Milton,Other
Hamilton,GTA
North Grenville,Other
Brampton,GTA
Burnaby,Lower Mainland
Joliette,Other
Meaford,Other
Halifax,Maritimes
Rideau Lakes,Other
Moose Jaw,Other
Oakville,Other
Gatineau,Other
Vancouver,Lower Mainland
Toronto,GTA
Montreal,Quebec Metro
Toronto,GTA
Sainte-Anne-des-Plaines,Other
Vaughan,GTA
Ottawa,Eastern Ontario
London,Other
Richmond Hill,Other
Saint-Jean-sur-Richelieu,Other
Montreal,Quebec Metro
Vancouver,Lower Mainland
Essa,Other
Edmonton,Alberta Metro
Toronto,GTA
Winnipeg,Prairies
Hamilton,GTA
Toronto,GTA
Toronto,GTA
Toronto,GTA
Halton Hills,Other
Niagara-on-the-Lake,Other
Ottawa,Eastern Ontario
Halifax,Maritimes
Calgary,Alberta Metro
Toronto,GTA
Mississauga,GTA
Kingsville,Other
Thunder Bay,Other
Edmonton,Alberta Metro
Montreal,Quebec Metro
Coquitlam,Other
Mississauga,GTA
Kamloops,Other
Montreal,Quebec Metro
Toronto,GTA
Notre-Dame-des-Neiges,Other
Mississauga,GTA
Toronto,GTA
Halifax,Maritimes
Hamilton,GTA
Vancouver,Lower Mainland
Hamilton,GTA
Guelph,Other
Halifax,Maritimes
Longueuil,Other
Brampton,GTA
Toronto,GTA
Port Moody,Other
Toronto,GTA
St. Catharines,Other
Port Perry,Other
Saanich,Other
Moncton,Other
Edmonton,Alberta Metro
Vancouver,Lower Mainland
Sudbury,Other
Guelph,Other
Langford Station,Other
Toronto,GTA
Guelph,Other
Richmond Hill,Other
New Tecumseth,Other
Mississauga,GTA
Oakville,Other
Huntsville,Other
Saint-Jean-de-Matha,Other
Toronto,GTA
London,Other
Kitchener,Other
Brossard,Other
Hamilton,GTA
Montreal,Quebec Metro
Cambridge,Other
Toronto,GTA
Quebec City,Quebec Metro
North Grenville,Other
Toronto,GTA
Victoria,Other
Edmonton,Alberta Metro
Toronto,GTA
Toronto,GTA
Toronto,GTA
Colwood,Other
Peterborough,Other
Kitchener,Other
Onoway,Other
Toronto,GTA
Toronto,GTA
Calgary,Alberta Metro
Elmira,Other
Hamilton,GTA
Oshawa,Other
Montreal,Quebec Metro
Burlington,Other
Chatham,Other
Kelowna,Other
Guelph,Other
Kingston,Eastern Ontario
Eganville,Other
Montreal,Quebec Metro
Saint-Eustache,Other
Red Deer,Other
Toronto,GTA
Montreal,Quebec Metro
Salmon Arm,Other
Halifax,Maritimes
Beaconsfield,Other
L'Ange-Gardien,Other
Laval,Quebec Metro
Vancouver,Lower Mainland
Toronto,GTA
Stony Plain,Other
Markham,GTA
Yorkton,Other
Lake Country,Other
Pickering,Other
Saanich,Other
Surrey,Lower Mainland
Georgetown,Other
Halifax,Maritimes
Laval,Quebec Metro
Toronto,GTA
Brampton,GTA
Markham,GTA
Laval,Quebec Metro
Saanich,Other
Toronto,GTA
Hanover,Other
Winnipeg,Prairies
Milverton,Other
Toronto,GTA
Hamilton,GTA
Toronto,GTA
Calgary,Alberta Metro
Richmond Hill,Other
Toronto,GTA
Lakeshore,Other
Coleman,Other
Calgary,Alberta Metro
Orillia,Other
Toronto,GTA
Vancouver,Lower Mainland
Toronto,GTA
Ajax,Other
Victoria,Other
Vaughan,GTA
Sudbury,Other
Edmonton,Alberta Metro
Montreal,Quebec Metro
Ryerson,Other
Victoria,Other
Muskoka Falls,Other
Vancouver,Lower Mainland
Montreal,Quebec Metro
Toronto,GTA
Windsor,Other
Saguenay,Other
Toronto,GTA
Vancouver,Lower Mainland
Vaughan,GTA
Sudbury,Other
Montreal,Quebec Metro
Edmonton,Alberta Metro
Wilmot,Other
Winnipeg,Prairies
Winnipeg,Prairies
Toronto,GTA
Montreal,Quebec Metro
Ottawa,Eastern Ontario
Mississauga,GTA
Sault Ste. Marie,Other
Ajax,Other
Toronto,GTA
Ottawa,Eastern Ontario
Toronto,GTA
Montreal,Quebec Metro
Maugerville,Other
Toronto,GTA
Saguenay,Other
Halifax,Maritimes
Saint-Joseph-du-Lac,Other
Vancouver,Lower Mainland
Markham,GTA
Sarnia,Other
Maple Ridge,Other
Gatineau,Other
London,Other
New Tecumseth,Other
Toronto,GTA
Cornwall,Other
Toronto,GTA
Toronto,GTA
Ottawa,Eastern Ontario
Windsor,Other
Toronto,GTA
Edmonton,Alberta Metro
West Lincoln,Other
New Tecumseth,Other
Ottawa,Eastern Ontario
Edmonton,Alberta Metro
Burlington,Other
Montreal,Quebec Metro
Toronto,GTA
Montreal,Quebec Metro
Toronto,GTA
Vancouver,Lower Mainland
Calgary,Alberta Metro
Winnipeg,Prairies
Vancouver,Lower Mainland
Montreal,Quebec Metro
Laval,Quebec Metro
Granby,Other
Toronto,GTA
Ottawa,Eastern Ontario
Deux-Montagnes,Other
Toronto,GTA
Hamilton,GTA
Levis,Other
Toronto,GTA
Montreal,Quebec Metro
St. Catharines,Other
Toronto,GTA
Vancouver,Lower Mainland
Toronto,GTA
Milton,Other
Mercier,Other
Toronto,GTA
Montreal,Quebec Metro
Victoria,Other
Hamilton,GTA
Vaughan,GTA
Wood Buffalo,Other
Vancouver,Lower Mainland
Terrebonne,Other
Richmond,Other
Victoria,Other
London,Other
Vancouver,Lower Mainland
Toronto,GTA
Langford Station,Other
Montreal,Quebec Metro
Halifax,Maritimes
Montreal,Quebec Metro
London,Other
Mississauga,GTA
Cannington,Other
Edmonton,Alberta Metro
Oakville,Other
Calgary,Alberta Metro
Old Chelsea,Other
Montreal,Quebec Metro
Toronto,GTA
Montreal,Quebec Metro
Calgary,Alberta Metro
The Nation / La Nation,Other
Mount Pearl Park,Other
Pincher Creek,Other
Brampton,GTA
Thorold,Other
Kelowna,Other
Ottawa,Eastern Ontario
Toronto,GTA
Ottawa,Eastern Ontario
Edmonton,Alberta Metro
Milton,Other
Toronto,GTA
Toronto,GTA
Toronto,GTA
Toronto,GTA
Vancouver,Lower Mainland
Montreal,Quebec Metro
Simcoe,Other
Nanaimo,Other
Nobleton,Other
Hamilton,GTA
Port Hope,Other
Temiskaming Shores,Other
St. Catharines,Other
Toronto,GTA
Vaughan,GTA
Halifax,Maritimes
Saint-Jerome,Other
Toronto,GTA
Kingston,Eastern Ontario
Conception Bay South,Other
Mississauga,GTA
Hamilton,GTA
Winnipeg,Prairies
Toronto,GTA
Toronto,GTA
St. Clair,Other
Cobourg,Other
Toronto,GTA
Edmonton,Alberta Metro
Saint-Calixte,Other
Burnaby,Lower Mainland
Richmond Hill,Other
Victoria,Other
Montreal,Quebec Metro
Delta,Other
Toronto,GTA
Burnaby,Lower Mainland
Mississauga,GTA
Vancouver,Lower Mainland
Edmonton,Alberta Metro
Montreal,Quebec Metro
Edmonton,Alberta Metro
Toronto,GTA
Burlington,Other
Markham,GTA
Kanata,Other
Kitchener,Other
Toronto,GTA
Quebec City,Quebec Metro
Vancouver,Lower Mainland
Halifax,Maritimes
Hamilton,GTA
Guelph,Other
Toronto,GTA
Toronto,GTA
Windsor,Other
Tecumseh,Other
Toronto,GTA
Surrey,Lower Mainland
Brampton,GTA
Kingston,Eastern Ontario
Burnaby,Lower Mainland
Mitchell,Other
Edmonton,Alberta Metro
Oakville,Other
Hanover,Other
Quebec City,Quebec Metro
Vancouver,Lower Mainland
Uxbridge,Other
Ottawa,Eastern Ontario
Ottawa,Eastern Ontario
Montreal,Quebec Metro
Montreal,Quebec Metro
Kitchener,Other
Hamilton,GTA
Toronto,GTA
Toronto,GTA
Vancouver,Lower Mainland
Toronto,GTA
Toronto,GTA
Montreal,Quebec Metro
Saint-Jean-sur-Richelieu,Other
Ottawa,Eastern Ontario
Toronto,GTA
Toronto,GTA
Montreal,Quebec Metro
Montreal,Quebec Metro
Mississauga,GTA
Mississauga,GTA
Oshawa,Other
Thorold,Other
Toronto,GTA
Toronto,GTA
Abbotsford,Other
Ottawa,Eastern Ontario
Toronto,GTA
Pembroke,Other
Vancouver,Lower Mainland
Grande Prairie,Other
Cambridge,Other
Toronto,GTA
Winnipeg,Prairies
Toronto,GTA
Midland,Other
Toronto,GTA
Mississauga,GTA
Vancouver,Lower Mainland
Asbestos,Other
Vancouver,Lower Mainland
Vancouver,Lower Mainland
Moncton,Other
Winnipeg,Prairies
Ajax,Other
Toronto,GTA
Sudbury,Other
Canora,Other
Toronto,GTA
Montreal,Quebec Metro
Sudbury,Other
Montreal,Quebec Metro
Rimouski,Other
Cornwall,Other
Markham,GTA
Toronto,GTA
Strathmore,Other
Toronto,GTA
Vancouver,Lower Mainland
Forest,Other
Montreal,Quebec Metro
Whitby,Other
Beaumont,Other
Toronto,GTA
Winnipeg,Prairies
Montreal,Quebec Metro
Edmonton,Alberta Metro
Quebec City,Quebec Metro
Quebec City,Quebec Metro
Richmond,Other
Toronto,GTA
Toronto,GTA
Toronto,GTA
Toronto,GTA
Toronto,GTA
Montreal,Quebec Metro
Midale,Other
St. Catharines,Other
Toronto,GTA
Bonnechere Valley,Other
Surrey,Lower Mainland
Montreal,Quebec Metro
Vancouver,Lower Mainland
Welland,Other
Toronto,GTA
Vancouver,Lower Mainland
Levis,Other
Oshawa,Other
Midland,Other
Toronto,GTA
South Porcupine,Other
Vancouver,Lower Mainland
Montreal,Quebec Metro
Vancouver,Lower Mainland
Calgary,Alberta Metro
Toronto,GTA
Halton Hills,Other
Mississauga,GTA
Brock,Other
Montreal,Quebec Metro
Victoria,Other
Brampton,GTA
Toronto,GTA
Toronto,GTA
Winnipeg,Prairies
Edmonton,Alberta Metro
Markham,GTA
Mississauga,GTA
Surrey,Lower Mainland
East Gwillimbury,Other
Toronto,GTA
Caledonia,Other
Saint-Honore-de-Shenley,Other
Winnipeg,Prairies
Toronto,GTA
Toronto,GTA
Obedjiwan,Other
Calgary,Alberta Metro
Halifax,Maritimes
Saguenay,Other
Vancouver,Lower Mainland
Toronto,GTA
Toronto,GTA
Victoria,Other
Montreal,Quebec Metro
Pincourt,Other
Camrose,Other
Montreal,Quebec Metro
Ottawa,Eastern Ontario
Saint-Philippe,Other
Montreal,Quebec Metro
Calgary,Alberta Metro
Toronto,GTA
Ottawa,Eastern Ontario
Newmarket,Other
Brossard,Other
Toronto,GTA
Lakeshore,Other
Edmonton,Alberta Metro
West Elgin,Other
London,Other
Regina,Prairies
Vernon,Other
Squamish,Other
Toronto,GTA
Vaughan,GTA
Montreal,Quebec Metro
Greater Napanee,Other
Temiskaming Shores,Other
Windsor,Other
Toronto,GTA
Richmond Hill,Other
Peterborough,Other
Vancouver,Lower Mainland
Alma,Other
Montreal,Quebec Metro
View Royal,Other
Toronto,GTA
Hamilton,GTA
Ottawa,Eastern Ontario
Brampton,GTA
Vancouver,Lower Mainland
Montreal,Quebec Metro
Thunder Bay,Other
Whitewater Region,Other
Brampton,GTA
Rouyn-Noranda,Other
Toronto,GTA
Edmonton,Alberta Metro
Tay Valley,Other
Hamilton,GTA
Montreal,Quebec Metro
Laval,Quebec Metro
St. Catharines,Other
Milton,Other
Abbotsford,Other
Toronto,GTA
Toronto,GTA
Oshawa,Other
Hamilton,GTA
Ottawa,Eastern Ontario
Toronto,GTA
Vancouver,Lower Mainland
Toronto,GTA
Aurora,Other
Toronto,GTA
Calgary,Alberta Metro
Ottawa,Eastern Ontario
Montreal,Quebec Metro
Cobourg,Other
Montreal,Quebec Metro
Tilbury,Other
Toronto,GTA
Chatham,Other
Terrace,Other
Kitchener,Other
Montreal,Quebec Metro
Quebec City,Quebec Metro
Toronto,GTA
Angus,Other
Hamilton,GTA
Montreal,Quebec Metro
Richmond,Other
Herouxville,Other
Vaughan,GTA
Scugog,Other
Montreal,Quebec Metro
Toronto,GTA
Toronto,GTA
Toronto,GTA
Georgetown,Other
Calgary,Alberta Metro
Ottawa,Eastern Ontario
Montreal,Quebec Metro
Delta,Other
Amherstburg,Other
Hamilton,GTA
Victoria,Other
Stevensville,Other
Victoria,Other
La Prairie,Other
Ajax,Other
Toronto,GTA
Toronto,GTA
Hamilton,GTA
Calgary,Alberta Metro
Montreal,Quebec Metro
Montreal,Quebec Metro
Toronto,GTA
Victoria,Other
Toronto,GTA
New Glasgow,Other
Malahide,Other
Burlington,Other
Richmond,Other
Toronto,GTA
Toronto,GTA
Edmonton,Alberta Metro
Kitchener,Other
Beauport,Other
Montreal,Quebec Metro
St. John's,Maritimes
Oshawa,Other
Ottawa,Eastern Ontario
Toronto,GTA
Toronto,GTA
Guelph,Other
Laval,Quebec Metro
Toronto,GTA
Caledon,Other
Wellington North,Other
Coquitlam,Other
Brant,Other
Mississauga,GTA
Chicoutimi,Other
Kelowna,Other
Hamilton,GTA
Edmonton,Alberta Metro
Surrey,Lower Mainland
Calgary,Alberta Metro
The Nation / La Nation,Other
Clarington,Other
Montreal,Quebec Metro
Hamilton,GTA
Toronto,GTA
Montreal,Quebec Metro
Toronto,GTA
Mulmur,Other
Toronto,GTA
Toronto,GTA
Vancouver,Lower Mainland
Ottawa,Eastern Ontario
Blainville,Other
Montreal,Quebec Metro
Cambridge,Other
Windsor,Other
Mississauga,GTA
Angers,Other
Toronto,GTA
Vancouver,Lower Mainland
Morell,Other
Belleville,Other
Montreal,Quebec Metro
Montreal,Quebec Metro
Toronto,GTA
Oakville,Other
Montreal,Quebec Metro
Kitchener,Other
Ottawa,Eastern Ontario
East Ferris,Other
Dauphin,Other
West Vancouver,Other
Coquitlam,Other
Toronto,GTA
Waterloo,Other
Markham,GTA
Toronto,GTA
Toronto,GTA
Regina,Prairies
St. Catharines,Other
Ottawa,Eastern Ontario
Vancouver,Lower Mainland
Ottawa,Eastern Ontario
Toronto,GTA
Chatham,Other
Kawartha Lakes,Other
Vancouver,Lower Mainland
Oakville,Other
Saskatoon,Prairies
St. Alban's,Other
Port Colborne,Other
Toronto,GTA
Brampton,GTA
Brampton,GTA
Kitchener,Other
Red Deer,Other
Toronto,GTA
Brantford,Other
Elizabethtown-Kitley,Other
Vancouver,Lower Mainland
Montreal,Quebec Metro
Milverton,Other
Stouffville,Other
St. Andrews,Other
Montreal,Quebec Metro
Rouyn-Noranda,Other
Wallaceburg,Other
Winnipeg,Prairies
Ottawa,Eastern Ontario
Ottawa,Eastern Ontario
Pickering,Other
Whitehorse,Other
Oshawa,Other
Saint-Felicien,Other
Montreal,Quebec Metro
Halifax,Maritimes
Vancouver,Lower Mainland
Vancouver,Lower Mainland
Rockland,Other
Pickering,Other
Brampton,GTA
Sherbrooke,Other
Ottawa,Eastern Ontario
Dieppe,Other
Saint-Lambert,Other
Montreal,Quebec Metro
Oakville,Other
Toronto,GTA
Surrey,Lower Mainland
Winnipeg,Prairies
Montreal,Quebec Metro
Toronto,GTA
White Rock,Other
Calgary,Alberta Metro
Moose Jaw,Other
Victoria,Other
Calgary,Alberta Metro
Toronto,GTA
Toronto,GTA
Toronto,GTA
Toronto,GTA
Toronto,GTA
Toronto,GTA
Toronto,GTA
Halifax,Maritimes
Richmond,Other
Calgary,Alberta Metro
Burlington,Other
Toronto,GTA
Devon,Other
Toronto,GTA
Saint-Augustin-de-Desmaures,Other
Miramichi,Other
Sudbury,Other
Montreal,Quebec Metro
Carling,Other
Toronto,GTA
Vancouver,Lower Mainland
Saskatoon,Prairies
Laval,Quebec Metro
Mississauga,GTA
Calgary,Alberta Metro
Montmagny,Other
Redcliff,Other
Whitehorse,Other
London,Other
North Middlesex,Other
Toronto,GTA
London,Other
Mont-Saint-Hilaire,Other
Toronto,GTA
Windsor,Other
Edmonton,Alberta Metro
Bolton,Other
Paradise,Other
Montreal,Quebec Metro
Vaughan,GTA
Cambridge,Other
Oakville,Other
Montreal,Quebec Metro
Gatineau,Other
Toronto,GTA
Winnipeg,Prairies
Toronto,GTA
Montreal,Quebec Metro
South Huron,Other
Thunder Bay,Other
Nicolet,Other
Conception Bay South,Other
Toronto,GTA
Kitchener,Other
Welland,Other
Edmonton,Alberta Metro
Mississauga,GTA
Mississauga,GTA
Toronto,GTA
Haileybury,Other
Montreal,Quebec Metro
Vancouver,Lower Mainland
Candiac,Other
Wellesley,Other
Montreal,Quebec Metro
Calgary,Alberta Metro
Vancouver,Lower Mainland
Waterloo,Other
Scugog,Other
Whitewater Region,Other
Saanich,Other
Vancouver,Lower Mainland
Toronto,GTA
St. John's,Maritimes
Surrey,Lower Mainland
Milton,Other
Ottawa,Eastern Ontario
Toronto,GTA
Surrey,Lower Mainland
Toronto,GTA
Toronto,GTA
Quebec City,Quebec Metro
Montreal,Quebec Metro
Toronto,GTA
Edmonton,Alberta Metro
Hamilton,GTA
Toronto,GTA
Ottawa,Eastern Ontario
Toronto,GTA
Bradford,Other
Edmonton,Alberta Metro
Quebec City,Quebec Metro
Notre-Dame-de-l'Ile-Perrot,Other
Markham,GTA
Toronto,GTA
Kanata,Other
Toronto,GTA
Kanata,Other
Toronto,GTA
Montreal,Quebec Metro
Montreal,Quebec Metro
Montreal,Quebec Metro
Vancouver,Lower Mainland
Ottawa,Eastern Ontario
Kingston,Eastern Ontario
Toronto,GTA
Toronto,GTA
Nanaimo,Other
Quebec City,Quebec Metro
Quebec City,Quebec Metro
Kitchener,Other
Longueuil,Other
Mississauga,GTA
Surrey,Lower Mainland
Kanata,Other
Toronto,GTA
Guelph,Other
Mississauga,GTA
Surrey,Lower Mainland
Peterborough,Other
Richmond,Other
Surrey,Lower Mainland
Montreal,Quebec Metro
Ottawa,Eastern Ontario
Montreal,Quebec Metro
Laval,Quebec Metro
Ottawa,Eastern Ontario
Ottawa,Eastern Ontario
Ottawa,Eastern Ontario
Ottawa,Eastern Ontario
Lakeshore,Other
London,Other
Rimouski,Other
Toronto,GTA
Ottawa,Eastern Ontario
Milton,Other
Hamilton,GTA
Guelph,Other
Quebec City,Quebec Metro
Jarvis,Other
Toronto,GTA
Sudbury,Other
Saskatoon,Prairies
St. Catharines,Other
Winnipeg,Prairies
Winnipeg,Prairies
Toronto,GTA
Edmonton,Alberta Metro
Milton,Other
Mississauga,GTA
Mississauga,GTA
Victoria,Other
Milton,Other
Toronto,GTA
Kitchener,Other
Calgary,Alberta Metro
Hamilton,GTA
Gatineau,Other
Quebec City,Quebec Metro
St. Thomas,Other
Saugeen Shores,Other
Burlington,Other
Ottawa,Eastern Ontario
Winnipeg,Prairies
Montreal,Quebec Metro
Vancouver,Lower Mainland
Vancouver,Lower Mainland
Toronto,GTA
Edmonton,Alberta Metro
Toronto,GTA
Toronto,GTA
Calgary,Alberta Metro
Mississauga,GTA
Toronto,GTA
Sept-Iles,Other
Ritchot,Other
Windsor,Other
Vernon,Other
Edmonton,Alberta Metro
London,Other
Toronto,GTA
Thunder Bay,Other
Trois-Pistoles,Other
Hamilton,GTA
Mississauga,GTA
Bluewater,Other
Brampton,GTA
Fort McMurray,Other
Toronto,GTA
Ottawa,Eastern Ontario
Montreal,Quebec Metro
Mississauga,GTA
Hamilton,GTA
Vaughan,GTA
Whitby,Other
Newmarket,Other
Kitchener,Other
Richmond,Other
Leamington,Other
Mississauga,GTA
Cambridge,Other
Toronto,GTA
Mississauga,GTA
Pickering,Other
North Bay,Other
Ottawa,Eastern Ontario
Montreal,Quebec Metro
Toronto,GTA
Milton,Other
Montreal,Quebec Metro
Toronto,GTA
Guelph,Other
Toronto,GTA
Grimsby,Other
Mississauga,GTA
Ladner,Other
Toronto,GTA
Vancouver,Lower Mainland
Mississauga,GTA
Hamilton,GTA
Vaughan,GTA
Saanich,Other
Brampton,GTA
Laval,Quebec Metro
Montreal,Quebec Metro
Victoria,Other
Alliston,Other
Montreal,Quebec Metro
Harbour Grace,Other
Montreal,Quebec Metro
London,Other
Calgary,Alberta Metro
Toronto,GTA
Vancouver,Lower Mainland
Moncton,Other
Mississauga,GTA
Montreal,Quebec Metro
Calgary,Alberta Metro
Toronto,GTA
Toronto,GTA
Saint-Roch-de-l'Achigan,Other
Brantford,Other
Oshawa,Other
London,Other
Toronto,GTA
Toronto,GTA
Guelph,Other
Petawawa,Other
Collingwood,Other
Toronto,GTA
Ottawa,Eastern Ontario
Edmonton,Alberta Metro
Burlington,Other
Montreal,Quebec Metro
Port Colborne,Other
Toronto,GTA
Oshawa,Other
Vancouver,Lower Mainland
Kitchener,Other
Toronto,GTA
Sarnia,Other
St. Catharines,Other
Shannon,Other
Sorel-Tracy,Other
Buckingham,Other
Toronto,GTA
Quebec City,Quebec Metro
Montreal,Quebec Metro
Vancouver,Lower Mainland
Leroy No. 339,Other
Montreal,Quebec Metro
North Bay,Other
New Glasgow,Other
Laval,Quebec Metro
Brampton,GTA
Vaughan,GTA
Lucan Biddulph,Other
St. John's,Maritimes
Halifax,Maritimes
Southwest Middlesex,Other
Quebec City,Quebec Metro
Toronto,GTA
Kingston,Eastern Ontario
Calgary,Alberta Metro
Toronto,GTA
Toronto,GTA
Amherstburg,Other
Quebec City,Quebec Metro
Surrey,Lower Mainland
Ottawa,Eastern Ontario
Montreal,Quebec Metro
Newmarket,Other
Montreal,Quebec Metro
Montreal,Quebec Metro
Cambridge,Other
Quebec City,Quebec Metro
Ottawa,Eastern Ontario
Montreal,Quebec Metro
Mount Brydges,Other
Riviere-Rouge,Other
Kitchener,Other
Quebec City,Quebec Metro
Mississauga,GTA
Breslau,Other
Toronto,GTA
Toronto,GTA
Sooke,Other
Winnipeg,Prairies
Matane,Other
Grande Prairie,Other
Vancouver,Lower Mainland
Kitchener,Other
Mont-Tremblant,Other
Mississauga,GTA
Blackfalds,Other
Thames Centre,Other
Clearview,Other
Winnipeg,Prairies
Toronto,GTA
Vancouver,Lower Mainland
Vancouver,Lower Mainland
Winnipeg,Prairies
Innisfil,Other
Kitchener,Other
Port Coquitlam,Other
Kitchener,Other
Regina,Prairies
Drummond/North Elmsley,Other
Toronto,GTA
Toronto,GTA
Toronto,GTA
Gatineau,Other
Edmonton,Alberta Metro
Toronto,GTA
Calgary,Alberta Metro
St. Paul,Other
Laval,Quebec Metro
Vaughan,GTA
Halifax,Maritimes
Oshawa,Other
Toronto,GTA
St. John's,Maritimes
Toronto,GTA
Gatineau,Other
Chicoutimi,Other
Toronto,GTA
Montreal,Quebec Metro
Ottawa,Eastern Ontario
White Rock,Other
Montreal,Quebec Metro
Langley,Other
Kitchener,Other
Dudswell,Other
Edmonton,Alberta Metro
Laval,Quebec Metro
Toronto,GTA
Montreal,Quebec Metro
Oshawa,Other
Montreal,Quebec Metro
Quebec City,Quebec Metro
Montreal,Quebec Metro
Edson,Other
Morris-Turnberry,Other
Ottawa,Eastern Ontario
Toronto,GTA
Newmarket,Other
Burnaby,Lower Mainland
Toronto,GTA
Levis,Other
Toronto,GTA
Calgary,Alberta Metro
Toronto,GTA
Alexandria,Other
Terrebonne,Other
Waterloo,Other
Calgary,Alberta Metro
Botwood,Other
Vancouver,Lower Mainland
Ajax,Other
Brossard,Other
Sainte-Marthe-sur-le-Lac,Other
Guelph,Other
Saskatoon,Prairies
Calgary,Alberta Metro
Vancouver,Lower Mainland
Boucherville,Other
London,Other
Toronto,GTA
Toronto,GTA
Mississauga,GTA
Burnaby,Lower Mainland
Montreal,Quebec Metro
Toronto,GTA
Trois-Rivieres,Other
Vancouver,Lower Mainland
Airdrie,Other
Ottawa,Eastern Ontario
Regina,Prairies
Ottawa,Eastern Ontario
Toronto,GTA
Saint John,Other
Toronto,GTA
Vancouver,Lower Mainland
Toronto,GTA
St. John's,Maritimes
Richmond Hill,Other
Milton,Other
Vancouver,Lower Mainland
Montreal,Quebec Metro
Vancouver,Lower Mainland
Toronto,GTA
Saskatoon,Prairies
Vancouver,Lower Mainland
East Garafraxa,Other
Toronto,GTA
South Huron,Other
Saint-Joseph-de-Sorel,Other
Toronto,GTA
Essa,Other
Montreal,Quebec Metro
Toronto,GTA
Hamilton Township,Other
Strathroy,Other
Halifax,Maritimes
Toronto,GTA
Montreal,Quebec Metro
Calgary,Alberta Metro
Burlington,Other
Montreal,Quebec Metro
Toronto,GTA
Elmira,Other
Montreal,Quebec Metro
Oshawa,Other
Vancouver,Lower Mainland
Whitehorse,Other
Toronto,GTA
Montreal,Quebec Metro
Toronto,GTA
Toronto,GTA
Maple Ridge,Other
Oakville,Other
Hamilton,GTA
Wainwright,Other
Calgary,Alberta Metro
Levis,Other
Vancouver,Lower Mainland
Ottawa,Eastern Ontario
Kingston,Eastern Ontario
Tay,Other
Brampton,GTA
Montreal,Quebec Metro
North Algona Wilberforce,Other
Toronto,GTA
Burnaby,Lower Mainland
North Dundas,Other
Fort McMurray,Other
Toronto,GTA
Halifax,Maritimes
Calgary,Alberta Metro
Brampton,GTA
Toronto,GTA
Toronto,GTA
Ottawa,Eastern Ontario
Thunder Bay,Other
Brossard,Other
Edmonton,Alberta Metro
Toronto,GTA
Saskatoon,Prairies
Trois-Rivieres,Other
Vancouver,Lower Mainland
Pickering,Other
Toronto,GTA
Toronto,GTA
Owen Sound,Other
Quebec City,Quebec Metro
Caledon,Other
Regina,Prairies
Quebec City,Quebec Metro
Toronto,GTA
North Vancouver,Other
Toronto,GTA
Ottawa,Eastern Ontario
Quebec City,Quebec Metro
Moose Jaw,Other
Montreal,Quebec Metro
Hamilton,GTA
Toronto,GTA
Laval,Quebec Metro
Woolwich,Other
Strathroy-Caradoc,Other
Blandford-Blenheim,Other
Welland,Other
Nanaimo,Other
Toronto,GTA
Toronto,GTA
Toronto,GTA
Guelph,Other
Toronto,GTA
Ottawa,Eastern Ontario
Markham,GTA
Toronto,GTA
Brampton,GTA
Halton Hills,Other
Toronto,GTA
Calgary,Alberta Metro
St. Catharines,Other
Chatham,Other
Vancouver,Lower Mainland
Ottawa,Eastern Ontario
Sainte-Catherine-de-Hatley,Other
Sudbury,Other
Toronto,GTA
Clarence-Rockland,Other
Laval,Quebec Metro
Richmond,Other
Ottawa,Eastern Ontario
Grand Bank,Other
Toronto,GTA
Vancouver,Lower Mainland
Surrey,Lower Mainland
Oakville,Other
Mississauga,GTA
Brampton,GTA
Calgary,Alberta Metro
Kitchener,Other
Toronto,GTA
Vernon,Other
Brampton,GTA
Vancouver,Lower Mainland
Hamilton,GTA
Calgary,Alberta Metro
Toronto,GTA
Ajax,Other
Toronto,GTA
Centre Wellington,Other
Winchester,Other
Whitby,Other
Toronto,GTA
Hamilton,GTA
Elliot Lake,Other
Toronto,GTA
Georgian Bluffs,Other
Ottawa,Eastern Ontario
Owen Sound,Other
Fort Erie,Other
Mississauga,GTA
Bois-des-Filion,Other
Saint-Michel,Other
Montreal,Quebec Metro
Ottawa,Eastern Ontario
Toronto,GTA
Terrebonne,Other
Langdon,Other
Toronto,GTA
Markham,GTA
Dildo,Other
Montreal,Quebec Metro
Quebec City,Quebec Metro
Barrie,Other
Toronto,GTA
Toronto,GTA
Barrie,Other
Toronto,GTA
Nanaimo,Other
Saanich,Other
Quebec City,Quebec Metro
Toronto,GTA
Toronto,GTA
Cambridge,Other
Quebec City,Quebec Metro
Victoria,Other
Fort Frances,Other
Edmonton,Alberta Metro
Hamilton,GTA
Toronto,GTA
Toronto,GTA
Toronto,GTA
Toronto,GTA
Ottawa,Eastern Ontario
Calgary,Alberta Metro
Toronto,GTA
Brampton,GTA
Mississauga,GTA
Longueuil,Other
Saguenay,Other
Cambridge,Other
Deux-Montagnes,Other
Toronto,GTA
Toronto,GTA
Toronto,GTA
Mulmur,Other
Montreal,Quebec Metro
Whitehorse,Other
Oshawa,Other
Vancouver,Lower Mainland
Clarington,Other
Calgary,Alberta Metro
Lloydminster,Other
Kingston,Eastern Ontario
Toronto,GTA
Strathroy,Other
Winnipeg,Prairies
Montreal,Quebec Metro
Aurora,Other
Vaughan,GTA
Vancouver,Lower Mainland
Halifax,Maritimes
Ottawa,Eastern Ontario
Cambridge,Other
Kitchener,Other
Kingston,Eastern Ontario
Repentigny,Other
Toronto,GTA
Toronto,GTA
Toronto,GTA
Edmonton,Alberta Metro
Rosemere,Other
Vancouver,Lower Mainland
Quinte West,Other
Vancouver,Lower Mainland
Halton Hills,Other
Paris,Other
Toronto,GTA
Burlington,Other
Vancouver,Lower Mainland
Toronto,GTA
Vancouver,Lower Mainland
Vancouver,Lower Mainland
Calgary,Alberta Metro
Quebec City,Quebec Metro
Chicoutimi,Other
Vancouver,Lower Mainland
Orillia,Other
Winnipeg,Prairies
Port-Alfred,Other
Montreal,Quebec Metro
Dieppe,Other
Newmarket,Other
Marmora and Lake,Other
Vaughan,GTA
Toronto,GTA
Cambridge,Other
Vancouver,Lower Mainland
Toronto,GTA
Niagara Falls,Other
Havelock-Belmont-Methuen,Other
Montreal,Quebec Metro
Toronto,GTA
Calgary,Alberta Metro
Longueuil,Other
West Nipissing / Nipissing Ouest,Other
Regina,Prairies
Newmarket,Other
Black Diamond,Other
Thunder Bay,Other
Toronto,GTA
Montreal,Quebec Metro
Mississauga,GTA
Bowmanville,Other
Saanich,Other
Vancouver,Lower Mainland
Vancouver,Lower Mainland
Sherbrooke,Other
Vancouver,Lower Mainland
Toronto,GTA
Calgary,Alberta Metro
Montreal,Quebec Metro
Les Coteaux,Other
Toronto,GTA
Brampton,GTA
Montreal,Quebec Metro
Windsor,Other
Toronto,GTA
Winnipeg,Prairies
Saint-Lambert,Other
Elmira,Other
Vancouver,Lower Mainland
Toronto,GTA
Gatineau,Other
Toronto,GTA
Vaughan,GTA
Laurentian Valley,Other
Toronto,GTA
Montreal,Quebec Metro
Ottawa,Eastern Ontario
Cote-Saint-Luc,Other
Toronto,GTA
Vancouver,Lower Mainland
Ajax,Other
Toronto,GTA
Ottawa,Eastern Ontario
Burlington,Other
Nanaimo,Other
Montreal,Quebec Metro
Springwater,Other
Stouffville,Other
Ottawa,Eastern Ontario
Toronto,GTA
Toronto,GTA
Markham,GTA
Brampton,GTA
Toronto,GTA
Thunder Bay,Other
Niagara Falls,Other
Central Frontenac,Other
Quebec City,Quebec Metro
Toronto,GTA
Toronto,GTA
Markham,GTA
Winnipeg,Prairies
Delta,Other
Ottawa,Eastern Ontario
Red Deer,Other
Toronto,GTA
Hamilton,GTA
Brampton,GTA
Quebec City,Quebec Metro
Burlington,Other
Saint-Joseph-de-Sorel,Other
Windsor,Other
Montreal,Quebec Metro
Toronto,GTA
Montreal,Quebec Metro
Minto,Other
Toronto,GTA
Toronto,GTA
Calgary,Alberta Metro
Mississauga,GTA
Montreal,Quebec Metro
Toronto,GTA
Vancouver,Lower Mainland
Burnaby,Lower Mainland
Guelph,Other
Ottawa,Eastern Ontario
Surrey,Lower Mainland
Chicoutimi,Other
Vaughan,GTA
Vancouver,Lower Mainland
Oshawa,Other
Toronto,GTA
Calgary,Alberta Metro
Toronto,GTA
Toronto,GTA
Milton,Other
Winnipeg,Prairies
Vaughan,GTA
Toronto,GTA
Toronto,GTA
Vancouver,Lower Mainland
Lions Bay,Other
Vancouver,Lower Mainland
Toronto,GTA
Welland,Other
North Bay,Other
Ramara,Other
Toronto,GTA
Brampton,GTA
London,Other
Longueuil,Other
Vancouver,Lower Mainland
Montreal,Quebec Metro
Laval,Quebec Metro
Edmonton,Alberta Metro
Lorette,Other
Woodstock,Other
London,Other
Calgary,Alberta Metro
Fort Saskatchewan,Other
Montreal,Quebec Metro
Montreal,Quebec Metro
Peterborough,Other
Vaughan,GTA
Toronto,GTA
Toronto,GTA
Quebec City,Quebec Metro
Toronto,GTA
Mississauga,GTA
Vancouver,Lower Mainland
St. Catharines,Other
Abbotsford,Other
Vancouver,Lower Mainland
Vancouver,Lower Mainland
Burlington,Other
London,Other
Campbell River,Other
Kelowna,Other
Calgary,Alberta Metro
Ajax,Other
Brampton,GTA
Montreal,Quebec Metro
Montreal,Quebec Metro
Victoria,Other
Saint-Jerome,Other
Beloeil,Other
Toronto,GTA
Montreal,Quebec Metro
Montreal,Quebec Metro
Toronto,GTA
Mississauga,GTA
Muskoka Falls,Other
Keswick,Other
Toronto,GTA
Marmora and Lake,Other
London,Other
Mississauga,GTA
Sault Ste. Marie,Other
Toronto,GTA
Toronto,GTA
Winnipeg,Prairies
Toronto,GTA
Quinte West,Other
Saint-Jean-sur-Richelieu,Other
Toronto,GTA
Kingston,Eastern Ontario
Killarney,Other
Toronto,GTA
Toronto,GTA
Rimouski,Other
Vancouver,Lower Mainland
Conception Bay South,Other
Hamilton,GTA
Hamilton,GTA
Toronto,GTA
Kitchener,Other
Calgary,Alberta Metro
Vancouver,Lower Mainland
Montreal,Quebec Metro
Mississauga,GTA
Toronto,GTA
Toronto,GTA
Toronto,GTA
Ajax,Other
Winnipeg,Prairies
Ottawa,Eastern Ontario
Windsor,Other
Levis,Other
Toronto,GTA
Windsor,Other
Mississauga,GTA
Markham,GTA
Toronto,GTA
Gatineau,Other
Orillia,Other
Toronto,GTA
Terrebonne,Other
Richmond Hill,Other
Toronto,GTA
Caledon,Other
Vancouver,Lower Mainland
Toronto,GTA
London,Other
Montreal,Quebec Metro
Toronto,GTA
Toronto,GTA
Langley,Other
Toronto,GTA
Calgary,Alberta Metro
Petawawa,Other
Edmonton,Alberta Metro
Coquitlam,Other
Oakville,Other
Toronto,GTA
Binbrook,Other
North Grenville,Other
Toronto,GTA
Collingwood,Other
Calgary,Alberta Metro
Frampton,Other
Grenville-sur-la-Rouge,Other
Toronto,GTA
Montreal,Quebec Metro
Claresholm,Other
Mississauga,GTA
Montreal,Quebec Metro
Toronto,GTA
Ottawa,Eastern Ontario
Toronto,GTA
Toronto,GTA
Montreal,Quebec Metro
Mississauga,GTA
Richmond Hill,Other
Toronto,GTA
Toronto,GTA
Markham,GTA
Toronto,GTA
Toronto,GTA
Edmonton,Alberta Metro
Toronto,GTA
Winnipeg,Prairies
Penticton,Other
Montreal,Quebec Metro
Spruce Grove,Other
Esquimalt,Other
Coquitlam,Other
Bridgewater,Other
Toronto,GTA
Markham,GTA
Winnipeg,Prairies
Vancouver,Lower Mainland
Milton,Other
Montreal,Quebec Metro
Sault Ste. Marie,Other
Toronto,GTA
Toronto,GTA
Toronto,GTA
Montreal,Quebec Metro
Ottawa,Eastern Ontario
Bradford,Other
St. Albert,Other
South Porcupine,Other
Bifrost-Riverton,Other
Toronto,GTA
Toronto,GTA
Toronto,GTA
Selwyn,Other
Huntsville,Other
Orillia,Other
Ottawa,Eastern Ontario
Toronto,GTA
Lachute,Other
Elizabethtown-Kitley,Other
Richmond,Other
Toronto,GTA
Vancouver,Lower Mainland
Quebec City,Quebec Metro
Ottawa,Eastern Ontario
Kelowna,Other
Vancouver,Lower Mainland
Calgary,Alberta Metro
St. Thomas,Other
Augusta,Other
East Gwillimbury,Other
Toronto,GTA
Brossard,Other
Merrickville,Other
Montreal,Quebec Metro
Winnipeg,Prairies
Markham,GTA
Hamilton,GTA
Levis,Other
Falkland,Other
Toronto,GTA
Hamilton,GTA
Levis,Other
Toronto,GTA
Calgary,Alberta Metro
Toronto,GTA
Cambridge,Other
Montreal,Quebec Metro
Montreal,Quebec Metro
Burlington,Other
Grand Falls,Other
Squamish,Other
Saguenay,Other
Toronto,GTA
Vancouver,Lower Mainland
Vernon,Other
Vancouver,Lower Mainland
Trent Hills,Other
Pitt Meadows,Other
Coaticook,Other
Kingston,Eastern Ontario
Guelph,Other
Richmond Hill,Other
Calgary,Alberta Metro
Toronto,GTA
Niagara Falls,Other
Guelph,Other
Toronto,GTA
Midland,Other
Toronto,GTA
Port Colborne,Other
Mississauga,GTA
Montreal,Quebec Metro
Calgary,Alberta Metro
Ottawa,Eastern Ontario
Toronto,GTA
Edmonton,Alberta Metro
Penticton,Other
Toronto,GTA
Calgary,Alberta Metro
Kitchener,Other
Taylor,Other
Toronto,GTA
Mississauga,GTA
Toronto,GTA
Edmonton,Alberta Metro
Richmond Hill,Other
Guelph,Other
Montreal,Quebec Metro
Calgary,Alberta Metro
Surrey,Lower Mainland
Collingwood,Other
Kingston,Eastern Ontario
Thunder Bay,Other
Burlington,Other
Puslinch,Other
Toronto,GTA
Quebec City,Quebec Metro
Toronto,GTA
Gatineau,Other
Vancouver,Lower Mainland
Laval,Quebec Metro
Windsor,Other
Vancouver,Lower Mainland
Saint-Marc-des-Carrieres,Other
Toronto,GTA
Nobleton,Other
St. Catharines,Other
Montreal,Quebec Metro
Ottawa,Eastern Ontario
Toronto,GTA
Gatineau,Other
Fort Simpson,Other
Toronto,GTA
Edmonton,Alberta Metro
Calgary,Alberta Metro
Kitchener,Other
Bowmanville,Other
Halton Hills,Other
Hamilton,GTA
Calgary,Alberta Metro
Mississauga,GTA
Ottawa,Eastern Ontario
Waterloo,Other
Toronto,GTA
Lacombe,Other
Vancouver,Lower Mainland
Montreal,Quebec Metro
Toronto,GTA
Toronto,GTA
Bolton,Other
Strathroy-Caradoc,Other
Stony Plain,Other
White Rock,Other
South Dundas,Other
Brossard,Other
Hamilton,GTA
Windsor,Other
Drayton,Other
Laval,Quebec Metro
Duncan,Other
Mulmur,Other
Mississauga,GTA
Hamilton,GTA
Toronto,GTA
Toronto,GTA
Montreal,Quebec Metro
Newmarket,Other
Ottawa,Eastern Ontario
Toronto,GTA
Toronto,GTA
Toronto,GTA
Kitchener,Other
Les Iles-de-la-Madeleine,Other
Toronto,GTA
Halifax,Maritimes
Welland,Other
Markham,GTA
Vancouver,Lower Mainland
Halifax,Maritimes
Kingston,Eastern Ontario
Toronto,GTA
Guelph,Other
London,Other
Brampton,GTA
Ottawa,Eastern Ontario
Lincoln,Other
Innisfil,Other
Ottawa,Eastern Ontario
Montreal,Quebec Metro
Toronto,GTA
Toronto,GTA
Rawdon,Other
Ottawa,Eastern Ontario
Quebec City,Quebec Metro
Montreal,Quebec Metro
Toronto,GTA
Montreal,Quebec Metro
Montreal,Quebec Metro
Kitchener,Other
London,Other
Calgary,Alberta Metro
Toronto,GTA
Pembina,Other
Montreal,Quebec Metro
Pickering,Other
Toronto,GTA
Gatineau,Other
Markham,GTA
Iroquois,Other
Erskine,Other
Toronto,GTA
Selwyn,Other
Toronto,GTA
Toronto,GTA
Vancouver,Lower Mainland
Sherbrooke,Other
Vancouver,Lower Mainland
Ottawa,Eastern Ontario
Ottawa,Eastern Ontario
St. John's,Maritimes
Ottawa,Eastern Ontario
Hamilton,GTA
Toronto,GTA
Vancouver,Lower Mainland
Quebec City,Quebec Metro
Toronto,GTA
Montreal,Quebec Metro
Toronto,GTA
Colchester,Other
Douro-Dummer,Other
Toronto,GTA
Port Hawkesbury,Other
Montreal,Quebec Metro
Vancouver,Lower Mainland
Kitchener,Other
Montreal,Quebec Metro
Montreal,Quebec Metro
Huron East,Other
Toronto,GTA
Toronto,GTA
Halifax,Maritimes
Kingsville,Other
Toronto,GTA
Toronto,GTA
Montreal,Quebec Metro
Toronto,GTA
Toronto,GTA
Calgary,Alberta Metro
Loyalist,Other
Vancouver,Lower Mainland
Vancouver,Lower Mainland
Toronto,GTA
Oakville,Other
Montreal,Quebec Metro
Clarington,Other
Montreal,Quebec Metro
Vancouver,Lower Mainland
Lac-Brome,Other
Halifax,Maritimes
Calgary,Alberta Metro
Winnipeg,Prairies
Markham,GTA
Victoria,Other
Aurora,Other
Terrebonne,Other
Kawartha Lakes,Other
Champlain,Other
Thunder Bay,Other
Toronto,GTA
Levis,Other
Montreal,Quebec Metro
Ottawa,Eastern Ontario
Toronto,GTA
Whitby,Other
Oro-Medonte,Other
Toronto,GTA
Toronto,GTA
Montreal,Quebec Metro
Spruce Grove,Other
Halifax,Maritimes
Toronto,GTA
Toronto,GTA
Windsor,Other
Montreal,Quebec Metro
Vancouver,Lower Mainland
Toronto,GTA
Brantford,Other
Montreal,Quebec Metro
Canmore,Other
Kawartha Lakes,Other
Gander,Other
Stettler,Other
Collingwood,Other
Whitby,Other
Chestermere,Other
Drummondville,Other
Palmerston,Other
Coquitlam,Other
Toronto,GTA
Aurora,Other
Toronto,GTA
Toronto,GTA
Chateauguay,Other
Leduc,Other
Windsor,Other
Toronto,GTA
Oshawa,Other
Hamilton,GTA
Toronto,GTA
Edmonton,Alberta Metro
Toronto,GTA
Chatham,Other
Woodstock,Other
Vancouver,Lower Mainland
Vancouver,Lower Mainland
Calgary,Alberta Metro
Les Coteaux,Other
Brantford,Other
Vancouver,Lower Mainland
Quebec City,Quebec Metro
Vancouver,Lower Mainland
Bracebridge,Other
Mississauga,GTA
Cambridge,Other
Toronto,GTA
Clarington,Other
Vaughan,GTA
Cambridge,Other
Saint-Lin--Laurentides,Other
Toronto,GTA
Toronto,GTA
Northern Rockies,Other
St. John's,Maritimes
Mississauga,GTA
Richmond Hill,Other
Toronto,GTA
Oakville,Other
Dollard-des-Ormeaux,Other
Longueuil,Other
Moncton,Other
Montreal,Quebec Metro
Toronto,GTA
Calgary,Alberta Metro
Toronto,GTA
Halifax,Maritimes
Saskatoon,Prairies
East Gwillimbury,Other
Rimouski,Other
Orillia,Other
Wood Buffalo,Other
Quebec City,Quebec Metro
Toronto,GTA
Toronto,GTA
Napanee,Other
Sault Ste. Marie,Other
Calgary,Alberta Metro
London,Other
Levis,Other
Champlain,Other
Toronto,GTA
Toronto,GTA
Edmonton,Alberta Metro
Brampton,GTA
La Tuque,Other
Brampton,GTA
North Vancouver,Other
Mississauga,GTA
Gatineau,Other
Toronto,GTA
Sault Ste. Marie,Other
Vancouver,Lower Mainland
Toronto,GTA
Barrie,Other
Markham,GTA
Meaford,Other
Edmonton,Alberta Metro
Vernon,Other
Montreal,Quebec Metro
Vancouver,Lower Mainland
Uxbridge,Other
Toronto,GTA
Toronto,GTA
Thunder Bay,Other
Bradford,Other
Toronto,GTA
Surrey,Lower Mainland
London,Other
Hamilton,GTA
Calgary,Alberta Metro
Toronto,GTA
Ottawa,Eastern Ontario
Toronto,GTA
Toronto,GTA
St. Albert,Other
Vaughan,GTA
Vancouver,Lower Mainland
Montreal,Quebec Metro
Calgary,Alberta Metro
Toronto,GTA
Cambridge,Other
Calixa-Lavallee,Other
Toronto,GTA
London,Other
Vancouver,Lower Mainland
Sudbury,Other
Abbotsford,Other
Toronto,GTA
St. Catharines,Other
Chibougamau,Other
Calgary,Alberta Metro
Oshawa,Other
Toronto,GTA
Toronto,GTA
Toronto,GTA
Montreal,Quebec Metro
Brampton,GTA
Hamilton,GTA
Windsor,Other
Barrie,Other
Ingersoll,Other
Toronto,GTA
Edmonton,Alberta Metro
Lakeshore,Other
Milton,Other
Kimberley,Other
Windsor,Other
Hamilton,GTA
Kawartha Lakes,Other
Toronto,GTA
Toronto,GTA
Lunenburg,Other
Victoria,Other
Montreal,Quebec Metro
Victoria,Other
Montreal,Quebec Metro
Sorel-Tracy,Other
Whitby,Other
Beloeil,Other
Acton Vale,Other
Vancouver,Lower Mainland
Montreal,Quebec Metro
Brossard,Other
Kingston,Eastern Ontario
Toronto,GTA
Rama,Other
Toronto,GTA
Milton,Other
Sudbury,Other
Montreal,Quebec Metro
Kitchener,Other
Toronto,GTA
Russell,Other
Vancouver,Lower Mainland
Victoria,Other
Toronto,GTA
Toronto,GTA
Windsor,Other
Vancouver,Lower Mainland
Sudbury,Other
Montreal,Quebec Metro
Toronto,GTA
Ottawa,Eastern Ontario
Quebec City,Quebec Metro
Mississauga,GTA
Montreal,Quebec Metro
Canterbury Station,Other
Keswick,Other
Mississauga,GTA
Wasaga Beach,Other
Ottawa,Eastern Ontario
Vancouver,Lower Mainland
Beckwith,Other
Surrey,Lower Mainland
Toronto,GTA
Vancouver,Lower Mainland
Vancouver,Lower Mainland
Saint-Joseph-du-Lac,Other
Hamilton,GTA
Toronto,GTA
Montreal,Quebec Metro
Toronto,GTA
Hamilton,GTA
Cote-Saint-Luc,Other
Cambridge,Other
Crystal Beach,Other
Port Elgin,Other
Toronto,GTA
Hamilton,GTA
Hamilton,GTA
Vancouver,Lower Mainland
Mississauga,GTA
Ottawa,Eastern Ontario
Winnipeg,Prairies
Vancouver,Lower Mainland
Barrie,Other
Toronto,GTA
Mapleton,Other
Ottawa,Eastern Ontario
Chatham,Other
Belleville,Other
Toronto,GTA
Bolton,Other
St. Catharines,Other
Toronto,GTA
Toronto,GTA
Toronto,GTA
Saint-Colomban,Other
Kitchener,Other
Bradford West Gwillimbury,Other
Montreal,Quebec Metro
Vaughan,GTA
St. Albert,Other
Picture Butte,Other
Toronto,GTA
Toronto,GTA
Toronto,GTA
London,Other
Hamilton,GTA
Winnipeg,Prairies
Toronto,GTA
Melancthon,Other
Halifax,Maritimes
Toronto,GTA
Saint John,Other
Hamilton,GTA
Toronto,GTA
Montreal,Quebec Metro
London,Other
Halifax,Maritimes
London,Other
Oakville,Other
Kingston,Eastern Ontario
Cambridge,Other
Toronto,GTA
Montreal,Quebec Metro
Bowmanville,Other
Spruce Grove,Other
London,Other
Niagara-on-the-Lake,Other
Markham,GTA
Waterloo,Other
Toronto,GTA
Victoriaville,Other
Saguenay,Other
Windsor,Other
Beloeil,Other
Newmarket,Other
Toronto,GTA
Toronto,GTA
Toronto,GTA
North Dumfries,Other
Moncton,Other
Ajax,Other
St. John's,Maritimes
Brampton,GTA
Ottawa,Eastern Ontario
Chicoutimi,Other
Edmonton,Alberta Metro
Toronto,GTA
Toronto,GTA
Mont-Royal,Other
Victoria,Other
Burlington,Other
Minto,Other
Toronto,GTA
St. John's,Maritimes
Toronto,GTA
Mississauga,GTA
Hamilton,GTA
Vancouver,Lower Mainland
Waterloo,Other
Toronto,GTA
Sault Ste. Marie,Other
Toronto,GTA
Brampton,GTA
Quinte West,Other
Laval,Quebec Metro
Bolton,Other
Welland,Other
Toronto,GTA
Vaughan,GTA
Kawartha Lakes,Other
Toronto,GTA
Quinte West,Other
Montreal,Quebec Metro
Mississauga,GTA
Toronto,GTA
Quebec City,Quebec Metro
Toronto,GTA
Alfred and Plantagenet,Other
Cote-Saint-Luc,Other
Sicamous,Other
Toronto,GTA
Montreal,Quebec Metro
Montreal,Quebec Metro
Toronto,GTA
Vancouver,Lower Mainland
Calgary,Alberta Metro
Saanich,Other
Chisasibi,Other
Sault Ste. Marie,Other
LaSalle,Other
Toronto,GTA
Quebec City,Quebec Metro
Ottawa,Eastern Ontario
Saint-Joseph-du-Lac,Other
Peterborough,Other
Halifax,Maritimes
Adjala-Tosorontio,Other
Montreal,Quebec Metro
Vancouver,Lower Mainland
Montreal,Quebec Metro
Toronto,GTA
Kawartha Lakes,Other
Calgary,Alberta Metro
Toronto,GTA
Montreal,Quebec Metro
Saint-Charles-Borromee,Other
Vancouver,Lower Mainland
Regina,Prairies
Vernon,Other
Ajax,Other
Edmonton,Alberta Metro
Toronto,GTA
Toronto,GTA
Vaughan,GTA
Vaughan,GTA
Rimouski,Other
Toronto,GTA
Collingwood,Other
Ottawa,Eastern Ontario
Edmonton,Alberta Metro
Moncton,Other
Brampton,GTA
Newmarket,Other
Ottawa,Eastern Ontario
Regina,Prairies
Vancouver,Lower Mainland
Longueuil,Other
Montreal,Quebec Metro
Kamloops,Other
L'Ile-Perrot,Other
Chatham,Other
Parry Sound,Other
Medicine Hat,Other
Hamilton,GTA
Toronto,GTA
Toronto,GTA
Toronto,GTA
Vaughan,GTA
Kitchener,Other
Moncton,Other
Burnaby,Lower Mainland
Toronto,GTA
Vancouver,Lower Mainland
Kitchener,Other
Montreal,Quebec Metro
Toronto,GTA
Toronto,GTA
Centre Wellington,Other
Elmira,Other
Ajax,Other
Toronto,GTA
Toronto,GTA
Markham,GTA
Montreal,Quebec Metro
Chatham,Other
Toronto,GTA
Brantford,Other
Lac-Superieur,Other
Waterloo,Other
Penticton,Other
Chateauguay,Other
Puslinch,Other
London,Other
Cambridge,Other
Ottawa,Eastern Ontario
Windsor,Other
Vancouver,Lower Mainland
Laval,Quebec Metro
Montreal,Quebec Metro
Brampton,GTA
Calgary,Alberta Metro
Essex,Other
Toronto,GTA
Ottawa,Eastern Ontario
Quebec City,Quebec Metro
Sudbury,Other
Cornwall,Other
Toronto,GTA
Caledon,Other
Winnipeg,Prairies
Barrie,Other
Loyalist,Other
Laval,Quebec Metro
Coquitlam,Other
Vancouver,Lower Mainland
Edmonton,Alberta Metro
Toronto,GTA
Brampton,GTA
Hamilton,GTA
Vancouver,Lower Mainland
Brampton,GTA
Toronto,GTA
Kitchener,Other
Toronto,GTA
Montreal,Quebec Metro
Brock,Other
Oshawa,Other
London,Other
Mississauga,GTA
Laval,Quebec Metro
Clarington,Other
Peterborough,Other
Vancouver,Lower Mainland
Boyle,Other
Vancouver,Lower Mainland
Toronto,GTA
Montreal,Quebec Metro
Toronto,GTA
Asphodel-Norwood,Other
Hamilton,GTA
Terrebonne,Other
Toronto,GTA
Vancouver,Lower Mainland
Ottawa,Eastern Ontario
Hamilton,GTA
Calgary,Alberta Metro
Ottawa,Eastern Ontario
Toronto,GTA
Toronto,GTA
Vancouver,Lower Mainland
Toronto,GTA
Montreal,Quebec Metro
Laval,Quebec Metro
Springwater,Other
Addington,Other
Sudbury,Other
Vancouver,Lower Mainland
Mississauga,GTA
Keswick,Other
Ottawa,Eastern Ontario
Brampton,GTA
Manotick,Other
Victoria,Other
Hamilton,GTA
St. John's,Maritimes
Alexandria,Other
Centre Wellington,Other
Toronto,GTA
Bowmanville,Other
Montreal,Quebec Metro
Halifax,Maritimes
Vancouver,Lower Mainland
Oshawa,Other
Kiamika,Other
Wallaceburg,Other
Toronto,GTA
Vancouver,Lower Mainland
Aurora,Other
Georgian Bluffs,Other
Mississauga,GTA
Kitchener,Other
Paradise,Other
Gatineau,Other
Orillia,Other
Toronto,GTA
Surrey,Lower Mainland
Thetford Mines,Other
Levis,Other
Edmonton,Alberta Metro
Toronto,GTA
Saint-Armand,Other
Taber,Other
Toronto,GTA
Simcoe,Other
Brampton,GTA
Montreal,Quebec Metro
Clarington,Other
Mississauga,GTA
Richmond Hill,Other
Regina,Prairies
Tweed,Other
Montreal,Quebec Metro
Montreal,Quebec Metro
Toronto,GTA
Edmonton,Alberta Metro
Toronto,GTA
St. Catharines,Other
Winnipeg,Prairies
Montreal,Quebec Metro
Toronto,GTA
Lac-Brome,Other
Toronto,GTA
St. John's,Maritimes
Brantford,Other
Montreal,Quebec Metro
Calgary,Alberta Metro
Winnipeg,Prairies
Yellowknife,Other
Toronto,GTA
Georgina,Other
Calgary,Alberta Metro
Surrey,Lower Mainland
St. John's,Maritimes
Toronto,GTA
Cambridge,Other
Toronto,GTA
St. Catharines,Other
Saskatoon,Prairies
Vancouver,Lower Mainland
Pitt Meadows,Other
Montreal,Quebec Metro
Richmond Hill,Other
Toronto,GTA
Saint-Cyrille-de-Wendover,Other
Calgary,Alberta Metro
Brampton,GTA
Toronto,GTA
Vaughan,GTA
Hamilton,GTA
Ajax,Other
Quebec City,Quebec Metro
Mission,Other
Saskatoon,Prairies
Oakville,Other
Toronto,GTA
Saskatoon,Prairies
Edmonton,Alberta Metro
Sooke,Other
Ottawa,Eastern Ontario
Dolbeau,Other
Toronto,GTA
Edmonton,Alberta Metro
Toronto,GTA
Toronto,GTA
Toronto,GTA
Thunder Bay,Other
Victoria,Other
Winnipeg,Prairies
Toronto,GTA
Vancouver,Lower Mainland
Montreal,Quebec Metro
Toronto,GTA
Hampstead,Other
Montreal,Quebec Metro
Hamilton,GTA
Buckingham,Other
Burlington,Other
Toronto,GTA
Vancouver,Lower Mainland
Vancouver,Lower Mainland
Innisfil,Other
Morrisburg,Other
Montreal,Quebec Metro
Keswick,Other
Vancouver,Lower Mainland
Richmond Hill,Other
New Tecumseth,Other
Alliston,Other
Whitehorse,Other
Hamilton,GTA
Markham,GTA
Montreal,Quebec Metro
Wollaston,Other
Montreal,Quebec Metro
Chatham,Other
Kitchener,Other
Canmore,Other
Toronto,GTA
Winnipeg,Prairies
Toronto,GTA
Vancouver,Lower Mainland
Toronto,GTA
Clarington,Other
Vancouver,Lower Mainland
Parksville,Other
Kirkland,Other
Toronto,GTA
Toronto,GTA
Halifax,Maritimes
Toronto,GTA
Cornwall,Other
Toronto,GTA
Woodstock,Other
Vancouver,Lower Mainland
Toronto,GTA
Newmarket,Other
Sudbury,Other
Brampton,GTA
Montreal,Quebec Metro
Fort Erie,Other
Montreal,Quebec Metro
Toronto,GTA
Hamilton,GTA
Quebec City,Quebec Metro
Kitchener,Other
White Rock,Other
Toronto,GTA
Richmond,Other
Brampton,GTA
Milton,Other
Montreal,Quebec Metro
Regina,Prairies
Brampton,GTA
Montreal,Quebec Metro
Oshawa,Other
Edmonton,Alberta Metro
Kitchener,Other
Vaughan,GTA
Niagara Falls,Other
Oakville,Other
Casselman,Other
Markham,GTA
Winnipeg,Prairies
St. Catharines,Other
Terrebonne,Other
Vancouver,Lower Mainland
Winnipeg,Prairies
Mississauga,GTA
Toronto,GTA
Edmonton,Alberta Metro
Toronto,GTA
Toronto,GTA
Toronto,GTA
Vancouver,Lower Mainland
Bathurst,Other
Toronto,GTA
Vancouver,Lower Mainland
Hamilton,GTA
Halifax,Maritimes
Kawartha Lakes,Other
Halton Hills,Other
Toronto,GTA
Montreal,Quebec Metro
Lindsay,Other
Chatham,Other
Kitchener,Other
Ottawa,Eastern Ontario
Kitchener,Other
Toronto,GTA
Toronto,GTA
Wood Buffalo,Other
Toronto,GTA
Edmonton,Alberta Metro
Surrey,Lower Mainland
Brampton,GTA
Calgary,Alberta Metro
Toronto,GTA
Toronto,GTA
Vancouver,Lower Mainland
Toronto,GTA
Toronto,GTA
Amherst,Other
Hamilton,GTA
Saskatoon,Prairies
Toronto,GTA
Toronto,GTA
Casselman,Other
Vancouver,Lower Mainland
Brampton,GTA
Nanaimo,Other
Vancouver,Lower Mainland
Toronto,GTA
Guelph,Other
Toronto,GTA
Toronto,GTA
Calgary,Alberta Metro
Regina,Prairies
Wood Buffalo,Other
Belleville,Other
Whitby,Other
Colwood,Other
L'Assomption,Other
Toronto,GTA
Calgary,Alberta Metro
Toronto,GTA
Mississauga,GTA
Kitchener,Other
Hamilton,GTA
Toronto,GTA
Oshawa,Other
Montreal,Quebec Metro
Laval,Quebec Metro
Ottawa,Eastern Ontario
North Bay,Other
Ottawa,Eastern Ontario
Perth South,Other
Seguin,Other
Prince George,Other
Saanich,Other
Sainte-Marcelline-de-Kildare,Other
Toronto,GTA
St. Clements,Other
Ottawa,Eastern Ontario
Ottawa,Eastern Ontario
Victoria,Other
Milton,Other
Vancouver,Lower Mainland
Grand Falls,Other
Chatham,Other
Toronto,GTA
Hamilton,GTA
Aurora,Other
Ottawa,Eastern Ontario
Montreal,Quebec Metro
Montreal,Quebec Metro
Greater Napanee,Other
Cambridge,Other
Trois-Rivieres,Other
Yorkton,Other
Halton Hills,Other
Calgary,Alberta Metro
Sidney,Other
Windsor,Other
Mississauga,GTA
Kingston,Eastern Ontario
Toronto,GTA
Hamilton,GTA
Dollard-des-Ormeaux,Other
Tumbler Ridge,Other
Halifax,Maritimes
Pemberton,Other
Kawartha Lakes,Other
Toronto,GTA
Mount Albert,Other
Edmonton,Alberta Metro
Toronto,GTA
Duncan,Other
Toronto,GTA
Waterloo,Other
Chippawa,Other
Ottawa,Eastern Ontario
Drummondville,Other
Saguenay,Other
Victoria,Other
Guelph,Other
Toronto,GTA
Toronto,GTA
Chateauguay,Other
Bradford West Gwillimbury,Other
Edmonton,Alberta Metro
Edmonton,Alberta Metro
Sault Ste. Marie,Other
Terrebonne,Other
Pickering,Other
Vancouver,Lower Mainland
Milton,Other
Toronto,GTA
Toronto,GTA
Essa,Other
Bonfield,Other
Surrey,Lower Mainland
Toronto,GTA
Vancouver,Lower Mainland
Toronto,GTA
Winnipeg,Prairies
Temiskaming Shores,Other
Toronto,GTA
Kitchener,Other
Edmonton,Alberta Metro
Toronto,GTA
White Rock,Other
Toronto,GTA
Toronto,GTA
Vancouver,Lower Mainland
Tweed,Other
Toronto,GTA
Toronto,GTA
Montreal,Quebec Metro
Toronto,GTA
Burlington,Other
Les Mechins,Other
Toronto,GTA
Moncton,Other
Mississauga,GTA
Burlington,Other
Toronto,GTA
Toronto,GTA
Niagara Falls,Other
Saint-Anicet,Other
Lavaltrie,Other
Blainville,Other
Halifax,Maritimes
Ottawa,Eastern Ontario
Tottenham,Other
Toronto,GTA
La Presentation,Other
Ottawa,Eastern Ontario
Toronto,GTA
Nanaimo,Other
Vancouver,Lower Mainland
Brampton,GTA
Windsor,Other
Winnipeg,Prairies
Oshawa,Other
Kitchener,Other
Toronto,GTA
Toronto,GTA
Niagara Falls,Other
Brooks,Other
Joliette,Other
Toronto,GTA
Brampton,GTA
Mississauga,GTA
Vancouver,Lower Mainland
Scugog,Other
Calgary,Alberta Metro
Mont-Royal,Other
Toronto,GTA
Vancouver,Lower Mainland
Montreal,Quebec Metro
Montreal,Quebec Metro
Thunder Bay,Other
Mirabel,Other
LaSalle,Other
Saskatoon,Prairies
Brighton,Other
Montreal,Quebec Metro
Whitby,Other
Kanata,Other
Caledon,Other
St. Thomas,Other
Toronto,GTA
Richmond Hill,Other
Toronto,GTA
Markham,GTA
Delta,Other
Les Coteaux,Other
Southey,Other
Vancouver,Lower Mainland
Espanola,Other
Fort St. John,Other
Vancouver,Lower Mainland
Vaughan,GTA
Toronto,GTA
Montreal,Quebec Metro
Toronto,GTA
Toronto,GTA
Toronto,GTA
Rosthern,Other
Toronto,GTA
Fort McMurray,Other
Mississauga,GTA
Brampton,GTA
Kawartha Lakes,Other
Welland,Other
West Vancouver,Other
Clearview,Other
Surrey,Lower Mainland
Toronto,GTA
Saanich,Other
Essa,Other
Burnaby,Lower Mainland
Lethbridge,Other
New Hamburg,Other
Quebec City,Quebec Metro
Chateauguay,Other
Toronto,GTA
Winnipeg,Prairies
Ottawa,Eastern Ontario
Kitchener,Other
Toronto,GTA
Montreal,Quebec Metro
Surrey,Lower Mainland
Edmonton,Alberta Metro
Victoria,Other
Toronto,GTA
Vancouver,Lower Mainland
Toronto,GTA
Sainte-Marthe-sur-le-Lac,Other
St. John's,Maritimes
Coaticook,Other
Ottawa,Eastern Ontario
Mississauga,GTA
Toronto,GTA
Kitchener,Other
Ottawa,Eastern Ontario
Kingston,Eastern Ontario
Montreal,Quebec Metro
Toronto,GTA
Brampton,GTA
Montreal,Quebec Metro
Kitchener,Other
Welland,Other
Thetford Mines,Other
Toronto,GTA
Toronto,GTA
Brampton,GTA
Hauterive,Other
Napanee,Other
Toronto,GTA
Kawartha Lakes,Other
Levis,Other
Kitchener,Other
Calgary,Alberta Metro
Enniskillen,Other
Kitchener,Other
Montreal,Quebec Metro
Oshawa,Other
Winnipeg,Prairies
Ottawa,Eastern Ontario
Regina,Prairies
Montreal,Quebec Metro
Saint-Roch-de-Richelieu,Other
Calgary,Alberta Metro
Mississauga,GTA
Toronto,GTA
Victoria,Other
Toronto,GTA
Chatham,Other
Ottawa,Eastern Ontario
Quebec City,Quebec Metro
Toronto,GTA
Uxbridge,Other
Candiac,Other
Toronto,GTA
Montreal,Quebec Metro
Toronto,GTA
Bradford,Other
Edmonton,Alberta Metro
Toronto,GTA
Boucherville,Other
Terrebonne,Other
Hamilton,GTA
Guelph,Other
Woodstock,Other
Toronto,GTA
Montreal,Quebec Metro
Montreal,Quebec Metro
Edmonton,Alberta Metro
Montreal,Quebec Metro
Waterloo,Other
Brampton,GTA
Vancouver,Lower Mainland
Surrey,Lower Mainland
Brampton,GTA
Calgary,Alberta Metro
Surrey,Lower Mainland
Selwyn,Other
Toronto,GTA
Ottawa,Eastern Ontario
Kingston,Eastern Ontario
Calgary,Alberta Metro
Fredericton,Other
Calgary,Alberta Metro
Calgary,Alberta Metro
Ottawa,Eastern Ontario
Oakville,Other
Kitchener,Other
Chatham,Other
Vancouver,Lower Mainland
Calgary,Alberta Metro
Georgetown,Other
Toronto,GTA
Wembley,Other
Ottawa,Eastern Ontario
Mississauga,GTA
Kitchener,Other
Montreal,Quebec Metro
Saint-Basile,Other
Toronto,GTA
Port Coquitlam,Other
Montreal,Quebec Metro
Vancouver,Lower Mainland
Saskatoon,Prairies
Halifax,Maritimes
Toronto,GTA
Vancouver,Lower Mainland
Chatham,Other
Toronto,GTA
Montreal,Quebec Metro
Barrie,Other
Calgary,Alberta Metro
Montreal,Quebec Metro
Markham,GTA
Ottawa,Eastern Ontario
Hamilton,GTA
Surrey,Lower Mainland
Toronto,GTA
Halifax,Maritimes
St. Catharines,Other
Ottawa,Eastern Ontario
Calgary,Alberta Metro
Montreal,Quebec Metro
Toronto,GTA
Vancouver,Lower Mainland
Princeton,Other
Sherbrooke,Other
Sherbrooke,Other
Saskatoon,Prairies
Brossard,Other
Toronto,GTA
Calgary,Alberta Metro
Toronto,GTA
Chicoutimi,Other
St. Catharines,Other
Montreal,Quebec Metro
Burlington,Other
Delta,Other
Hamilton,GTA
Brampton,GTA
Mississauga,GTA
Toronto,GTA
Toronto,GTA
Toronto,GTA
Toronto,GTA
Toronto,GTA
Toronto,GTA
Toronto,GTA
Lindsay,Other
Hamilton,GTA
Montreal,Quebec Metro
Belleville,Other
Grande Cache,Other
Quebec City,Quebec Metro
Toronto,GTA
Mississauga,GTA
Montreal,Quebec Metro
Windsor,Other
Saskatoon,Prairies
Toronto,GTA
Montreal,Quebec Metro
Fenelon Falls,Other
Montreal,Quebec Metro
North Bay,Other
Oakville,Other
Sorel-Tracy,Other
Laval,Quebec Metro
Oshawa,Other
Vancouver,Lower Mainland
Calgary,Alberta Metro
Vancouver,Lower Mainland
Nanaimo,Other
Toronto,GTA
Mississauga,GTA
Toronto,GTA
Kitchener,Other
Oshawa,Other
Port Alberni,Other
Vancouver,Lower Mainland
Peterborough,Other
Toronto,GTA
Windsor,Other
Vaughan,GTA
Toronto,GTA
Perth East,Other
Toronto,GTA
Toronto,GTA
Toronto,GTA
Surrey,Lower Mainland
Kitchener,Other
Oshawa,Other
Cambridge,Other
Montreal,Quebec Metro
Thunder Bay,Other
Brampton,GTA
Toronto,GTA
Zorra,Other
Toronto,GTA
Vancouver,Lower Mainland
Montreal,Quebec Metro
Hamilton,GTA
Toronto,GTA
Toronto,GTA
Clarington,Other
Toronto,GTA
Toronto,GTA
London,Other
Winnipeg,Prairies
Vancouver,Lower Mainland
St. Catharines,Other
Winnipeg,Prairies
Edmonton,Alberta Metro
Markham,GTA
Kingston,Eastern Ontario
Acton,Other
Vaughan,GTA
Thames Centre,Other
Red Deer,Other
Waterloo,Other
Victoria,Other
Ottawa,Eastern Ontario
Vancouver,Lower Mainland
Saint-Jean-sur-Richelieu,Other
Essa,Other
Toronto,GTA
Edmonton,Alberta Metro
Toronto,GTA
Calgary,Alberta Metro
Hamilton,GTA
Toronto,GTA
Montreal,Quebec Metro
Toronto,GTA
Montreal,Quebec Metro
Winnipeg,Prairies
Collingwood,Other
Toronto,GTA
Harris,Other
Ottawa,Eastern Ontario
Kitchener,Other
Ottawa,Eastern Ontario
Calgary,Alberta Metro
Montreal,Quebec Metro
Toronto,GTA
Toronto,GTA
Montreal,Quebec Metro
Calgary,Alberta Metro
Toronto,GTA
Quebec City,Quebec Metro
Peterborough,Other
Qualicum Beach,Other
Port Alberni,Other
Montreal,Quebec Metro
Toronto,GTA
Edmonton,Alberta Metro
Montreal,Quebec Metro
Toronto,GTA
Toronto,GTA
Edmonton,Alberta Metro
Burlington,Other
Vancouver,Lower Mainland
Burnaby,Lower Mainland
Vancouver,Lower Mainland
Toronto,GTA
Hinton,Other
Toronto,GTA
King,Other
Mississauga,GTA
Mississauga,GTA
Windsor,Other
Calgary,Alberta Metro
North Bay,Other
Calgary,Alberta Metro
Oakville,Other
Brandon,Other
Surrey,Lower Mainland
Acton,Other
Chateauguay,Other
Toronto,GTA
Alma,Other
La Pocatiere,Other
Toronto,GTA
Collingwood,Other
Toronto,GTA
Ottawa,Eastern Ontario
Vancouver,Lower Mainland
Toronto,GTA
Montreal,Quebec Metro
Rosemere,Other
Montreal,Quebec Metro
LaSalle,Other
St. Catharines,Other
Mississauga,GTA
Oakville,Other
Calgary,Alberta Metro
Edmonton,Alberta Metro
Chatham,Other
Toronto,GTA
Toronto,GTA
Montreal,Quebec Metro
Toronto,GTA
Toronto,GTA
Toronto,GTA
Calgary,Alberta Metro
Whitby,Other
Cambridge,Other
Beaconsfield,Other
Courtenay,Other
Oshawa,Other
Ottawa,Eastern Ontario
Toronto,GTA
Mississauga,GTA
Joliette,Other
Victoria,Other
Kitchener,Other
Oakville,Other
Toronto,GTA
Toronto,GTA
Toronto,GTA
Vancouver,Lower Mainland
Mississauga,GTA
South Bruce,Other
Cambridge,Other
Toronto,GTA
Toronto,GTA
Toronto,GTA
Calgary,Alberta Metro
St. Clair,Other
Toronto,GTA
Vancouver,Lower Mainland
Burnaby,Lower Mainland
Vancouver,Lower Mainland
Chilliwack,Other
London,Other
Ottawa,Eastern Ontario
Peterborough,Other
Edmonton,Alberta Metro
Toronto,GTA
Montreal,Quebec Metro
Whitby,Other
Oshawa,Other
Brampton,GTA
London,Other
Quebec City,Quebec Metro
St. John's,Maritimes
Toronto,GTA
Vaughan,GTA
Toronto,GTA
Newmarket,Other
Belleville,Other
Montreal,Quebec Metro
Montreal,Quebec Metro
Toronto,GTA
Waterloo,Other
Toronto,GTA
Courtenay,Other
Vancouver,Lower Mainland
Victoria,Other
Vaughan,GTA
Parry Sound,Other
Windsor,Other
Muskoka Falls,Other
Sainte-Julienne,Other
Windsor,Other
Halifax,Maritimes
Toronto,GTA
Mississauga,GTA
Toronto,GTA
Markdale,Other
Asphodel-Norwood,Other
Windsor,Other
Kitchener,Other
Mississauga,GTA
Toronto,GTA
Toronto,GTA
Brossard,Other
Kitchener,Other
Toronto,GTA
Toronto,GTA
Oshawa,Other
Toronto,GTA
Toronto,GTA
Toronto,GTA
Burnaby,Lower Mainland
Toronto,GTA
Fergus,Other
Toronto,GTA
Brossard,Other
Guelph,Other
Hamilton,GTA
Ottawa,Eastern Ontario
Toronto,GTA
Calgary,Alberta Metro
Toronto,GTA
Calgary,Alberta Metro
Halifax,Maritimes
Hamilton,GTA
Oshawa,Other
Montreal,Quebec Metro
Cape Breton,Other
St. Catharines,Other
Listowel,Other
Quebec City,Quebec Metro
Ottawa,Eastern Ontario
Winnipeg,Prairies
Edmonton,Alberta Metro
Ottawa,Eastern Ontario
Windsor,Other
White Rock,Other
Sudbury,Other
Kitchener,Other
Oshawa,Other
Bowmanville,Other
Coquitlam,Other
Colwood,Other
Ottawa,Eastern Ontario
Gatineau,Other
Montreal,Quebec Metro
Ottawa,Eastern Ontario
Toronto,GTA
Brossard,Other
Milton,Other
St. Catharines,Other
Trois-Rivieres,Other
Toronto,GTA
Toronto,GTA
Port Coquitlam,Other
London,Other
Levis,Other
Hamilton,GTA
Kitchener,Other
Saint-Jerome,Other
Calgary,Alberta Metro
Brampton,GTA
Calgary,Alberta Metro
Toronto,GTA
Ottawa,Eastern Ontario
Carlyle,Other
Vancouver,Lower Mainland
Toronto,GTA
Trois-Rivieres,Other
Saguenay,Other
St. Catharines,Other
Calgary,Alberta Metro
Nanaimo,Other
Toronto,GTA
Calgary,Alberta Metro
Victoriaville,Other
Victoria,Other
Montreal,Quebec Metro
Brampton,GTA
Toronto,GTA
Vancouver,Lower Mainland
Quebec City,Quebec Metro
Richmond Hill,Other
Burlington,Other
Hamilton,GTA
Montreal,Quebec Metro
Halifax,Maritimes
Toronto,GTA
Toronto,GTA
Calgary,Alberta Metro
Hamilton,GTA
Ottawa,Eastern Ontario
Saint-Edmond-de-Grantham,Other
Toronto,GTA
Montreal,Quebec Metro
Toronto,GTA
Toronto,GTA
Oshawa,Other
Sault Ste. Marie,Other
Toronto,GTA
Quebec City,Quebec Metro
Mississauga,GTA
Toronto,GTA
Winnipeg,Prairies
Manitou,Other
Caledon,Other
Barrie,Other
Vancouver,Lower Mainland
Toronto,GTA
Regina,Prairies
Toronto,GTA
Victoria,Other
Toronto,GTA
Trois-Rivieres,Other
Surrey,Lower Mainland
Mississauga,GTA
Winnipeg,Prairies
Calgary,Alberta Metro
Montreal,Quebec Metro
Sicamous,Other
Toronto,GTA
Toronto,GTA
Winnipeg,Prairies
Ottawa,Eastern Ontario
Minto,Other
Vaughan,GTA
Belleville,Other
Brant,Other
Winnipeg,Prairies
Vaughan,GTA
Calgary,Alberta Metro
Hamilton,GTA
Toronto,GTA
Oshawa,Other
Powell River,Other
Clarington,Other
Ottawa,Eastern Ontario
Toronto,GTA
Vancouver,Lower Mainland
Maple Ridge,Other
Toronto,GTA
Montreal,Quebec Metro
Toronto,GTA
Vancouver,Lower Mainland
Toronto,GTA
Surrey,Lower Mainland
Halton Hills,Other
Delta,Other
Calgary,Alberta Metro
Ottawa,Eastern Ontario
Toronto,GTA
Nanaimo,Other
Harrow,Other
Powassan,Other
Parksville,Other
Amherst,Other
Vancouver,Lower Mainland
Chicoutimi,Other
Edmonton,Alberta Metro
East Gwillimbury,Other
Toronto,GTA
Brantford,Other
Saguenay,Other
Hamilton,GTA
Oliver Paipoonge,Other
Kingston,Eastern Ontario
St. Catharines,Other
Lethbridge,Other
Montreal,Quebec Metro
Toronto,GTA
Vancouver,Lower Mainland
Ottawa,Eastern Ontario
Longueuil,Other
Quebec City,Quebec Metro
Toronto,GTA
Sarnia,Other
Toronto,GTA
Toronto,GTA
New Tecumseth,Other
Ottawa,Eastern Ontario
Edmonton,Alberta Metro
Orangeville,Other
Ottawa,Eastern Ontario
Edmonton,Alberta Metro
Oshawa,Other
Toronto,GTA
Oakville,Other
Kingston,Eastern Ontario
Markham,GTA
Tweed,Other
Montreal,Quebec Metro
Hamilton,GTA
South Dundas,Other
West Elgin,Other
Moncton,Other
Montreal,Quebec Metro
Surrey,Lower Mainland
Toronto,GTA
Calgary,Alberta Metro
Brant,Other
Brampton,GTA
Toronto,GTA
Mississauga,GTA
Toronto,GTA
Sudbury,Other
Pincourt,Other
Montreal,Quebec Metro
Tillsonburg,Other
Burlington,Other
Toronto,GTA
Toronto,GTA
Vancouver,Lower Mainland
Paspebiac,Other
Toronto,GTA
Toronto,GTA
Vancouver,Lower Mainland
Edmonton,Alberta Metro
Vancouver,Lower Mainland
North Bay,Other
Saint-Anicet,Other
Surrey,Lower Mainland
North Dumfries,Other
Durham,Other
Montreal,Quebec Metro
Vaudreuil-Dorion,Other
South Dundas,Other
Ottawa,Eastern Ontario
Edmonton,Alberta Metro
Edmonton,Alberta Metro
White Rock,Other
Innisfil,Other
Burlington,Other
Calgary,Alberta Metro
Montreal,Quebec Metro
Ottawa,Eastern Ontario
Montreal,Quebec Metro
Vancouver,Lower Mainland
Mississauga,GTA
Casselman,Other
Clarington,Other
Stone Mills,Other
Milton,Other
Steinbach,Other
Fredericton,Other
Vancouver,Lower Mainland
Toronto,GTA
Vancouver,Lower Mainland
Toronto,GTA
London,Other
Vancouver,Lower Mainland
Ottawa,Eastern Ontario
Mississauga,GTA
Niagara Falls,Other
Montreal,Quebec Metro
Vancouver,Lower Mainland
Hamilton,GTA
Hamilton,GTA
Kentville,Other
Newmarket,Other
Montreal,Quebec Metro
Calgary,Alberta Metro
Notre-Dame-du-Mont-Carmel,Other
Vaughan,GTA
Brant,Other
Toronto,GTA
Quebec City,Quebec Metro
Victoria,Other
Kanata,Other
Montreal,Quebec Metro
Kanata,Other
Brossard,Other
Mississauga,GTA
Surrey,Lower Mainland
Sainte-Marie,Other
Kitchener,Other
Montreal,Quebec Metro
Kamloops,Other
Edmonton,Alberta Metro
Levis,Other
Bowmanville,Other
Toronto,GTA
Sturgeon Falls,Other
Toronto,GTA
Blackfalds,Other
Toronto,GTA
Quebec City,Quebec Metro
Markham,GTA
Brampton,GTA
Fredericton,Other
Ottawa,Eastern Ontario
Toronto,GTA
Pickering,Other
Essa,Other
Sudbury,Other
Toronto,GTA
Toronto,GTA
Orangeville,Other
Sherbrooke,Other
Gatineau,Other
Longueuil,Other
Wood Buffalo,Other
Sault Ste. Marie,Other
Edmonton,Alberta Metro
Kemptville,Other
LaSalle,Other
Vancouver,Lower Mainland
Kelowna,Other
Toronto,GTA
Montreal,Quebec Metro
Montreal,Quebec Metro
Vancouver,Lower Mainland
Barrie,Other
Toronto,GTA
Toronto,GTA
Armour,Other
Milton,Other
Toronto,GTA
Oshawa,Other
Toronto,GTA
Laval,Quebec Metro
Medicine Hat,Other
Edmonton,Alberta Metro
Toronto,GTA
St. Albert,Other
Rockland,Other
Montreal,Quebec Metro
Owen Sound,Other
Oshawa,Other
Hamilton,GTA
Laval,Quebec Metro
Ilderton,Other
Toronto,GTA
Windsor,Other
Ottawa,Eastern Ontario
Toronto,GTA
Saanich,Other
Milton,Other
Toronto,GTA
Quebec City,Quebec Metro
Toronto,GTA
Quebec City,Quebec Metro
Edmonton,Alberta Metro
Oakville,Other
Montreal,Quebec Metro
Toronto,GTA
Brampton,GTA
Brampton,GTA
Hamilton,GTA
Toronto,GTA
Calgary,Alberta Metro
Toronto,GTA
Montreal,Quebec Metro
Edmonton,Alberta Metro
Chippawa,Other
Winnipeg,Prairies
Montreal,Quebec Metro
Saint-Jerome,Other
Toronto,GTA
Calgary,Alberta Metro
Chatham,Other
Toronto,GTA
Calgary,Alberta Metro
Brampton,GTA
Vancouver,Lower Mainland
Chatham,Other
Vancouver,Lower Mainland
Sainte-Adele,Other
Gatineau,Other
Chicoutimi,Other
Montreal,Quebec Metro
Oshawa,Other
Vancouver,Lower Mainland
Toronto,GTA
Toronto,GTA
Loyalist,Other
Toronto,GTA
Montreal,Quebec Metro
Laval,Quebec Metro
Montreal,Quebec Metro
Toronto,GTA
Abbotsford,Other
Brampton,GTA
Toronto,GTA
Toronto,GTA
Surrey,Lower Mainland
Edmonton,Alberta Metro
Edmonton,Alberta Metro
Prince George,Other
Terrebonne,Other
Thunder Bay,Other
Ottawa,Eastern Ontario
Saint-Jerome,Other
Toronto,GTA
Toronto,GTA
Barrie,Other
Abbotsford,Other
Hamilton,GTA
Vancouver,Lower Mainland
Elliot Lake,Other
Montreal,Quebec Metro
Toronto,GTA
Burlington,Other
Markham,GTA
Fort McMurray,Other
Toronto,GTA
Montreal,Quebec Metro
Winnipeg,Prairies
Brampton,GTA
Riviere-Rouge,Other
Calgary,Alberta Metro
Calgary,Alberta Metro
Waterloo,Other
Vancouver,Lower Mainland
Val-d'Or,Other
Laval,Quebec Metro
Iroquois Falls,Other
Calgary,Alberta Metro
Toronto,GTA
Toronto,GTA
Kitchener,Other
Edmonton,Alberta Metro
Toronto,GTA
Toronto,GTA
Toronto,GTA
Surrey,Lower Mainland
Pembroke,Other
Gravenhurst,Other
Vaughan,GTA
Sainte-Julienne,Other
London,Other
Owen Sound,Other
Belleville,Other
Kitchener,Other
Gatineau,Other
Kitchener,Other
Montreal,Quebec Metro
Montreal,Quebec Metro
Laval,Quebec Metro
Surrey,Lower Mainland
Toronto,GTA
Otonabee-South Monaghan,Other
North Vancouver,Other
Whistler,Other
Toronto,GTA
Saint-Mathieu-de-Beloeil,Other
Montreal,Quebec Metro
Hearst,Other
London,Other
Montreal,Quebec Metro
Toronto,GTA
Montreal,Quebec Metro
Toronto,GTA
Burnaby,Lower Mainland
Vancouver,Lower Mainland
Gravenhurst,Other
Toronto,GTA
Saguenay,Other
Gatineau,Other
White Rock,Other
Midland,Other
Toronto,GTA
Markham,GTA
Kitchener,Other
Toronto,GTA
Toronto,GTA
Montreal,Quebec Metro
Toronto,GTA
Calgary,Alberta Metro
Chatham,Other
Mississauga,GTA
Barrie,Other
Winnipeg,Prairies
Regina,Prairies
Victoria,Other
Calgary,Alberta Metro
Montreal,Quebec Metro
Longueuil,Other
Brantford,Other
Toronto,GTA
Chateauguay,Other
Halton Hills,Other
Repentigny,Other
Vancouver,Lower Mainland
Saskatoon,Prairies
Toronto,GTA
Kitchener,Other
Montreal,Quebec Metro
Toronto,GTA
Vaughan,GTA
Windsor,Other
White Rock,Other
Dieppe,Other
Toronto,GTA
Guelph,Other
Quebec City,Quebec Metro
Hamilton,GTA
Cambridge,Other
Brampton,GTA
Ottawa,Eastern Ontario
Fort McMurray,Other
Toronto,GTA
Vancouver,Lower Mainland
Winnipeg,Prairies
Montreal,Quebec Metro
Montreal,Quebec Metro
Ajax,Other
Toronto,GTA
North Middlesex,Other
Toronto,GTA
Northern Rockies,Other
Ottawa,Eastern Ontario
Toronto,GTA
Ottawa,Eastern Ontario
Hamilton,GTA
Calgary,Alberta Metro
Toronto,GTA
Hamilton,GTA
Ottawa,Eastern Ontario
Vaughan,GTA
Kitchener,Other
Montreal,Quebec Metro
Edmonton,Alberta Metro
Chatham,Other
Orillia,Other
Kamloops,Other
Guelph,Other
Saint-Hyacinthe,Other
Richmond Hill,Other
Bonnyville,Other
Chateauguay,Other
Toronto,GTA
Dryden,Other
Vancouver,Lower Mainland
Montreal,Quebec Metro
London,Other
Pembroke,Other
Charlottetown,Other
Airdrie,Other
Regina,Prairies
Edmonton,Alberta Metro
Toronto,GTA
Bradford,Other
Dunnottar,Other
Calgary,Alberta Metro
Toronto,GTA
Fossambault-sur-le-Lac,Other
Shediac,Other
Ottawa,Eastern Ontario
Toronto,GTA
Saint-Alban,Other
Montreal,Quebec Metro
Oakville,Other
Brant,Other
Saint-Jerome,Other
Burnaby,Lower Mainland
Sarnia,Other
Edmonton,Alberta Metro
Mississauga,GTA
Mississauga,GTA
Ottawa,Eastern Ontario
Calgary,Alberta Metro
Oshawa,Other
Toronto,GTA
Vancouver,Lower Mainland
Acton,Other
Regina,Prairies
Oshawa,Other
Brampton,GTA
Laval,Quebec Metro
Toronto,GTA
Pitt Meadows,Other
Mississauga,GTA
London,Other
Coquitlam,Other
Laval,Quebec Metro
Toronto,GTA
Mont-Saint-Hilaire,Other
Calgary,Alberta Metro
North Glengarry,Other
Goderich,Other
Montreal,Quebec Metro
Toronto,GTA
Vancouver,Lower Mainland
Richmond Hill,Other
Toronto,GTA
Toronto,GTA
Kitchener,Other
Moncton,Other
Edmonton,Alberta Metro
Laval,Quebec Metro
Georgina,Other
London,Other
Ottawa,Eastern Ontario
Toronto,GTA
Hinton,Other
Gatineau,Other
Burlington,Other
Edmonton,Alberta Metro
Bolton,Other
Montreal,Quebec Metro
Vancouver,Lower Mainland
Vancouver,Lower Mainland
The Nation / La Nation,Other
London,Other
Greenstone,Other
Toronto,GTA
Calgary,Alberta Metro
Richmond,Other
Kingston,Eastern Ontario
Toronto,GTA
Oshawa,Other
Guelph,Other
Burnaby,Lower Mainland
Sudbury,Other
Toronto,GTA
Toronto,GTA
Richmond,Other
Montreal,Quebec Metro
Toronto,GTA
Edmonton,Alberta Metro
Montreal,Quebec Metro
Calgary,Alberta Metro
Brampton,GTA
Brampton,GTA
Lincoln,Other
Vancouver,Lower Mainland
Toronto,GTA
Toronto,GTA
Saint-Basile-le-Grand,Other
Niagara Falls,Other
Calgary,Alberta Metro
Saint-Constant,Other
Quebec City,Quebec Metro
Victoria,Other
Sainte-Marthe-sur-le-Lac,Other
Toronto,GTA
Guelph,Other
Saint-Georges,Other
Hamilton,GTA
Toronto,GTA
Calgary,Alberta Metro
Toronto,GTA
New Glasgow,Other
Toronto,GTA
Aurora,Other
Leamington,Other
Toronto,GTA
Markham,GTA
Saint-Lambert,Other
Toronto,GTA
Fort Erie,Other
Vancouver,Lower Mainland
Vaughan,GTA
Hamilton,GTA
New Westminster,Other
Vancouver,Lower Mainland
Calgary,Alberta Metro
Calgary,Alberta Metro
Hamilton,GTA
Dundalk,Other
Toronto,GTA
Winnipeg,Prairies
Toronto,GTA
Ottawa,Eastern Ontario
Toronto,GTA
Blainville,Other
Toronto,GTA
Toronto,GTA
Laval,Quebec Metro
Toronto,GTA
Vancouver,Lower Mainland
Toronto,GTA
Addington Highlands,Other
Notre-Dame-des-Prairies,Other
Guelph,Other
Toronto,GTA
St. Albert,Other
Toronto,GTA
Toronto,GTA
Saint-Zotique,Other
Halifax,Maritimes
Toronto,GTA
Brampton,GTA
Brantford,Other
Conestogo,Other
Toronto,GTA
Clarington,Other
Windsor,Other
Toronto,GTA
Port Perry,Other
Tecumseh,Other
Belleville,Other
Amos,Other
Winnipeg,Prairies
Toronto,GTA
North Bay,Other
Red Deer,Other
Calgary,Alberta Metro
Montreal,Quebec Metro
Montreal,Quebec Metro
Guelph,Other
Aurora,Other
Sainte-Julienne,Other
Oak Bay,Other
Calgary,Alberta Metro
Brant,Other
Toronto,GTA
Quebec City,Quebec Metro
Toronto,GTA
Kitchener,Other
Montreal,Quebec Metro
Calgary,Alberta Metro
Waterloo,Other
Longueuil,Other
Toronto,GTA
Vaughan,GTA
Essex,Other
Calgary,Alberta Metro
Vancouver,Lower Mainland
Vancouver,Lower Mainland
Middlesex Centre,Other
Toronto,GTA
North Vancouver,Other
Vancouver,Lower Mainland
Brampton,GTA
Toronto,GTA
Toronto,GTA
Markham,GTA
Toronto,GTA
Peterborough,Other
Ottawa,Eastern Ontario
Mapleton,Other
London,Other
Springfield,Other
Toronto,GTA
Russell,Other
Edmonton,Alberta Metro
Ottawa,Eastern Ontario
Ingersoll,Other
Windsor,Other
Inverness,Other
Woodstock,Other
Chicoutimi,Other
Montreal,Quebec Metro
Essex,Other
Kingston,Eastern Ontario
Chilliwack,Other
Laurentian Valley,Other
Laval,Quebec Metro
Ajax,Other
London,Other
Thompson,Other
Ottawa,Eastern Ontario
Markham,GTA
Surrey,Lower Mainland
Toronto,GTA
Toronto,GTA
Bowmanville,Other
Calgary,Alberta Metro
Toronto,GTA
Brockville,Other
London,Other
Tecumseh,Other
Prescott,Other
Toronto,GTA
Vancouver,Lower Mainland
Milton,Other
Montreal,Quebec Metro
Montreal,Quebec Metro
Kapuskasing,Other
Toronto,GTA
Toronto,GTA
Mississauga,GTA
Brampton,GTA
Toronto,GTA
Montreal,Quebec Metro
Hamilton,GTA
Kelowna,Other
La Tuque,Other
Toronto,GTA
Montreal,Quebec Metro
Chicoutimi,Other
Toronto,GTA
Calgary,Alberta Metro
Ottawa,Eastern Ontario
Toronto,GTA
Toronto,GTA
Toronto,GTA
Waterloo,Other
Windsor,Other
Windsor,Other
Ottawa,Eastern Ontario
Oshawa,Other
Victoria,Other
Brantford,Other
Mississauga,GTA
Innisfil,Other
Cambridge,Other
Montreal,Quebec Metro
London,Other
Innisfil,Other
Toronto,GTA
Montreal,Quebec Metro
Calgary,Alberta Metro
Toronto,GTA
North Vancouver,Other
Ottawa,Eastern Ontario
Toronto,GTA
Ottawa,Eastern Ontario
Toronto,GTA
Mississauga,GTA
Markham,GTA
Winnipeg,Prairies
Hamilton,GTA
Timmins,Other
London,Other
Toronto,GTA
Vancouver,Lower Mainland
Calgary,Alberta Metro
Laval,Quebec Metro
Toronto,GTA
Assiginack,Other
Grande Prairie,Other
Bromont,Other
Sarnia,Other
Oakville,Other
Vancouver,Lower Mainland
Winnipeg,Prairies
Toronto,GTA
Guelph,Other
Toronto,GTA
Saanich,Other
Gatineau,Other
Montreal,Quebec Metro
Victoria,Other
New Westminster,Other
Thunder Bay,Other
Toronto,GTA
La Presentation,Other
Toronto,GTA
Edmonton,Alberta Metro
Barrie,Other
Thorold,Other
Clarington,Other
Oakville,Other
Brampton,GTA
Saskatoon,Prairies
Sudbury,Other
Montreal,Quebec Metro
Toronto,GTA
Montreal,Quebec Metro
Vancouver,Lower Mainland
Salmo,Other
Aurora,Other
Montreal,Quebec Metro
Ottawa,Eastern Ontario
Dawson Creek,Other
Leduc,Other
Joliette,Other
The Blue Mountains,Other
Repentigny,Other
Toronto,GTA
Cape Breton,Other
Toronto,GTA
Vancouver,Lower Mainland
Toronto,GTA
Edmonton,Alberta Metro
Vancouver,Lower Mainland
Ottawa,Eastern Ontario
Windsor,Other
Toronto,GTA
Brampton,GTA
Montreal,Quebec Metro
Barrie,Other
Milton,Other
Trois-Pistoles,Other
Ottawa,Eastern Ontario
Calgary,Alberta Metro
Kelowna,Other
Regina,Prairies
Tay,Other
Brampton,GTA
Montreal,Quebec Metro
Calgary,Alberta Metro
Toronto,GTA
Montreal,Quebec Metro
Fort McMurray,Other
Pennfield Ridge,Other
Toronto,GTA
Winnipeg,Prairies
Toronto,GTA
Toronto,GTA
Quebec City,Quebec Metro
Halifax,Maritimes
Mississauga,GTA
Toronto,GTA
Laval,Quebec Metro
Quebec City,Quebec Metro
Toronto,GTA
Ottawa,Eastern Ontario
Markham,GTA
Toronto,GTA
Armstrong,Other
Calgary,Alberta Metro
Toronto,GTA
Brampton,GTA
Georgina,Other
Montreal,Quebec Metro
Laval,Quebec Metro
Kitchener,Other
Kitchener,Other
Edmonton,Alberta Metro
Mississauga,GTA
Toronto,GTA
Quebec City,Quebec Metro
Kanata,Other
Ottawa,Eastern Ontario
Montreal,Quebec Metro
Trois-Rivieres,Other
Oshawa,Other
Terrasse-Vaudreuil,Other
Calgary,Alberta Metro
Vancouver,Lower Mainland
Mississauga,GTA
Mono,Other
Greater Napanee,Other
Calgary,Alberta Metro
Hamilton,GTA
Mississauga,GTA
Toronto,GTA
Calgary,Alberta Metro
Maryhill,Other
Toronto,GTA
Hudson,Other
Toronto,GTA
Toronto,GTA
Calgary,Alberta Metro
London,Other
Montreal,Quebec Metro
Lethbridge,Other
Toronto,GTA
Oshawa,Other
St. John's,Maritimes
Calgary,Alberta Metro
Trois-Rivieres,Other
Mississauga,GTA
Surrey,Lower Mainland
Vancouver,Lower Mainland
Brampton,GTA
Saint-Lin--Laurentides,Other
Brigham,Other
Toronto,GTA
Toronto,GTA
Vancouver,Lower Mainland
Regina,Prairies
London,Other
Toronto,GTA
Brossard,Other
Markham,GTA
Montreal,Quebec Metro
Toronto,GTA
Brampton,GTA
Halifax,Maritimes
Toronto,GTA
Guelph,Other
Kitchener,Other
Whitby,Other
Barrie,Other
Toronto,GTA
Windsor,Other
Brantford,Other
Surrey,Lower Mainland
Toronto,GTA
Alfred and Plantagenet,Other
Hamilton,GTA
Vancouver,Lower Mainland
Orangeville,Other
Sherbrooke,Other
Toronto,GTA
Toronto,GTA
Sudbury,Other
Fort McMurray,Other
Brampton,GTA
Angus,Other
Woodstock,Other
Quebec City,Quebec Metro
Cape Breton,Other
King,Other
Toronto,GTA
Kingston,Eastern Ontario
Markham,GTA
Montreal,Quebec Metro
Montreal,Quebec Metro
Langford Station,Other
Toronto,GTA
Quebec City,Quebec Metro
Toronto,GTA
Vancouver,Lower Mainland
Toronto,GTA
Oshawa,Other
Lethbridge,Other
Toronto,GTA
Stellarton,Other
St. John's,Maritimes
South Glengarry,Other
Brantford,Other
Ottawa,Eastern Ontario
Toronto,GTA
Halifax,Maritimes
Toronto,GTA
Sudbury,Other
Terrebonne,Other
Toronto,GTA
Surrey,Lower Mainland
Saint-Eustache,Other
Vaughan,GTA
Prince Albert,Other
Vancouver,Lower Mainland
Edmonton,Alberta Metro
Vancouver,Lower Mainland
Cambridge,Other
Toronto,GTA
Edmonton,Alberta Metro
Vancouver,Lower Mainland
Bradford West Gwillimbury,Other
Saint-Lin--Laurentides,Other
Mirabel,Other
Georgetown,Other
Hudson,Other
Barrie,Other
Toronto,GTA
Sudbury,Other
London,Other
Toronto,GTA
Ottawa,Eastern Ontario
Dryden,Other
Kanata,Other
Toronto,GTA
Montreal,Quebec Metro
Milton,Other
Whitby,Other
Granby,Other
Airdrie,Other
Winnipeg,Prairies
Nobleton,Other
Quinte West,Other
Montreal,Quebec Metro
Montreal,Quebec Metro
Ottawa,Eastern Ontario
Toronto,GTA
Ottawa,Eastern Ontario
Caledon,Other
Halifax,Maritimes
Oakville,Other
Headingley,Other
Vancouver,Lower Mainland
Victoria,Other
Toronto,GTA
Montreal,Quebec Metro
Vaughan,GTA
Toronto,GTA
Surrey,Lower Mainland
Quispamsis,Other
Toronto,GTA
Montreal,Quebec Metro
Markham,GTA
Cambridge,Other
Kitchener,Other
Vancouver,Lower Mainland
Toronto,GTA
Toronto,GTA
Edmonton,Alberta Metro
Saint-Jean-sur-Richelieu,Other
Parry Sound,Other
Grande Prairie,Other
Oakville,Other
Toronto,GTA
Longueuil,Other
Thunder Bay,Other
Brampton,GTA
Toronto,GTA
Halifax,Maritimes
Kitchener,Other
Brampton,GTA
Hamilton,GTA
Mississauga,GTA
Thunder Bay,Other
Toronto,GTA
Mississauga,GTA
Sutton,Other
Calgary,Alberta Metro
Burnaby,Lower Mainland
Toronto,GTA
London,Other
Ottawa,Eastern Ontario
Brooks,Other
Minto,Other
Delta,Other
Brampton,GTA
Victoriaville,Other
Chicoutimi,Other
Georgetown,Other
Edmonton,Alberta Metro
London,Other
Vancouver,Lower Mainland
Innisfil,Other
Montreal,Quebec Metro
Toronto,GTA
Saskatoon,Prairies
Mississippi Mills,Other
Chatham,Other
Brampton,GTA
Strathmore,Other
Bracebridge,Other
Winnipeg,Prairies
Toronto,GTA
Truro,Other
Edmonton,Alberta Metro
Vancouver,Lower Mainland
Montreal,Quebec Metro
Brossard,Other
Toronto,GTA
Montreal,Quebec Metro
Montreal,Quebec Metro
Toronto,GTA
Levis,Other
Toronto,GTA
Ajax,Other
Guelph,Other
Toronto,GTA
Kingston,Eastern Ontario
Timmins,Other
Vancouver,Lower Mainland
Thunder Bay,Other
Ottawa,Eastern Ontario
Toronto,GTA
Montreal,Quebec Metro
Toronto,GTA
Montreal,Quebec Metro
Windsor,Other
Edmonton,Alberta Metro
Kitchener,Other
Saskatoon,Prairies
Montreal,Quebec Metro
Ottawa,Eastern Ontario
Big Quill No. 308,Other
Montreal,Quebec Metro
Quebec City,Quebec Metro
Niagara-on-the-Lake,Other
Kitchener,Other
Hanover,Other
Toronto,GTA
Brampton,GTA
Calgary,Alberta Metro
Montreal,Quebec Metro
Woodstock,Other
Picton,Other
Fredericton,Other
Longueuil,Other
Sudbury,Other
Toronto,GTA
Toronto,GTA
Saguenay,Other
Montreal,Quebec Metro
Montreal,Quebec Metro
Toronto,GTA
Mississauga,GTA
Markham,GTA
Halifax,Maritimes
Toronto,GTA
Toronto,GTA
Hamilton,GTA
Uxbridge,Other
Toronto,GTA
Vancouver,Lower Mainland
Burlington,Other
Edmonton,Alberta Metro
Barrie,Other
Vaughan,GTA
Toronto,GTA
Aurora,Other
Clarington,Other
Montreal,Quebec Metro
Vancouver,Lower Mainland
Wilmot,Other
Toronto,GTA
Toronto,GTA
Montreal,Quebec Metro
Clarence-Rockland,Other
Richmond,Other
Vancouver,Lower Mainland
Vancouver,Lower Mainland
Montreal,Quebec Metro
Ottawa,Eastern Ontario
Halifax,Maritimes
Laval,Quebec Metro
Sudbury,Other
Montreal,Quebec Metro
Montreal,Quebec Metro
Laval,Quebec Metro
Montreal,Quebec Metro
Saint John,Other
Toronto,GTA
Edmonton,Alberta Metro
Halton Hills,Other
Gatineau,Other
Toronto,GTA
Peterborough,Other
St. Catharines,Other
Brampton,GTA
Halifax,Maritimes
Hamilton,GTA
Vancouver,Lower Mainland
Halifax,Maritimes
Toronto,GTA
Toronto,GTA
Markham,GTA
Hamilton,GTA
Calgary,Alberta Metro
Longueuil,Other
West Elgin,Other
Mississauga,GTA
Toronto,GTA
Halifax,Maritimes
Kitchener,Other
London,Other
Toronto,GTA
Rouyn-Noranda,Other
Montreal,Quebec Metro
Vaughan,GTA
Mississauga,GTA
Toronto,GTA
Vaughan,GTA
Montreal,Quebec Metro
Burnaby,Lower Mainland
Hamilton,GTA
Toronto,GTA
Brampton,GTA
Toronto,GTA
Ajax,Other
Toronto,GTA
Beloeil,Other
Montreal,Quebec Metro
Zurich,Other
Montreal,Quebec Metro
Repentigny,Other
Springfield,Other
Victoria,Other
Burlington,Other
Toronto,GTA
Montreal,Quebec Metro
Toronto,GTA
Montreal,Quebec Metro
Montreal,Quebec Metro
Edmonton,Alberta Metro
London,Other
Hamilton,GTA
Winnipeg,Prairies
Vancouver,Lower Mainland
Montreal,Quebec Metro
Toronto,GTA
Montreal,Quebec Metro
Grande Prairie,Other
Vancouver,Lower Mainland
Tecumseh,Other
Montreal,Quebec Metro
Toronto,GTA
Montreal,Quebec Metro
Toronto,GTA
Toronto,GTA
Montreal,Quebec Metro
Regina,Prairies
Saint-Alphonse-de-Granby,Other
Brampton,GTA
Montreal,Quebec Metro
New Westminster,Other
Toronto,GTA
Vancouver,Lower Mainland
Toronto,GTA
Cowansville,Other
West Vancouver,Other
Edmonton,Alberta Metro
Toronto,GTA
Windsor,Other
Mount Pearl Park,Other
Quebec City,Quebec Metro
Vancouver,Lower Mainland
Montreal,Quebec Metro
Toronto,GTA
Brantford,Other
Toronto,GTA
Toronto,GTA
Montreal,Quebec Metro
Halifax,Maritimes
Cote-Saint-Luc,Other
London,Other
Vancouver,Lower Mainland
Cochrane,Other
Edmonton,Alberta Metro
North Vancouver,Other
Halifax,Maritimes
Mississippi Mills,Other
Quebec City,Quebec Metro
Blainville,Other
Fort McMurray,Other
Muskoka Falls,Other
Saint-Charles-Borromee,Other
London,Other
Stouffville,Other
Calgary,Alberta Metro
Vancouver,Lower Mainland
Oakville,Other
Huron-Kinloss,Other
Brampton,GTA
Calgary,Alberta Metro
Thunder Bay,Other
Oshawa,Other
London,Other
Toronto,GTA
Hamilton,GTA
Toronto,GTA
Abbotsford,Other
Ottawa,Eastern Ontario
Richmond,Other
Montreal,Quebec Metro
Montreal,Quebec Metro
Calgary,Alberta Metro
Toronto,GTA
Kanata,Other
Hamilton,GTA
Lake of Bays,Other
Peterborough,Other
Kitchener,Other
Guelph,Other
Newmarket,Other
Toronto,GTA
Devon,Other
Calgary,Alberta Metro
London,Other
Calgary,Alberta Metro
Saint-Jerome,Other
Toronto,GTA
Quebec City,Quebec Metro
Ottawa,Eastern Ontario
Toronto,GTA
Edmonton,Alberta Metro
Les Cedres,Other
Ajax,Other
Salaberry-de-Valleyfield,Other
Toronto,GTA
Cape Breton,Other
Calgary,Alberta Metro
Hamilton,GTA
London,Other
Hamilton,GTA
Windsor,Other
Edmonton,Alberta Metro
Estevan,Other
Quinte West,Other
Kenora,Other
Mascouche,Other
Victoria,Other
Richmond,Other
Toronto,GTA
Sainte-Therese,Other
Ottawa,Eastern Ontario
Toronto,GTA
Red Deer,Other
Laval,Quebec Metro
Winnipeg,Prairies
Calgary,Alberta Metro
St. John's,Maritimes
Surrey,Lower Mainland
Vaughan,GTA
Montreal,Quebec Metro
Toronto,GTA
Welland,Other
Toronto,GTA
Prince George,Other
Toronto,GTA
Montreal,Quebec Metro
Toronto,GTA
Toronto,GTA
Orangeville,Other
Toronto,GTA
Tweed,Other
Richmond Hill,Other
Toronto,GTA
Brock,Other
Georgina,Other
Longueuil,Other
Windsor,Other
Cambridge,Other
Toronto,GTA
Espanola,Other
Toronto,GTA
Pembroke,Other
Toronto,GTA
Edmonton,Alberta Metro
Aurora,Other
Arnold's Cove,Other
Harrow,Other
Georgina,Other
Banff,Other
Toronto,GTA
Kitchener,Other
Halifax,Maritimes
Kitchener,Other
Bowmanville,Other
Newmarket,Other
Toronto,GTA
Toronto,GTA
Sarnia,Other
Bradford West Gwillimbury,Other
Calgary,Alberta Metro
Howick,Other
Toronto,GTA
Ottawa,Eastern Ontario
Toronto,GTA
Waterloo,Other
Brampton,GTA
Winnipeg,Prairies
Ottawa,Eastern Ontario
Windsor,Other
Toronto,GTA
Brock,Other
Montreal,Quebec Metro
Gatineau,Other
Quebec City,Quebec Metro
Toronto,GTA
Hamilton,GTA
Vancouver,Lower Mainland
Saanich,Other
Toronto,GTA
Montreal,Quebec Metro
Winnipeg,Prairies
Halton Hills,Other
Leamington,Other
Markham,GTA
Surrey,Lower Mainland
Quebec City,Quebec Metro
Calgary,Alberta Metro
Vancouver,Lower Mainland
Surrey,Lower Mainland
Mississauga,GTA
London,Other
Toronto,GTA
Edmonton,Alberta Metro
Toronto,GTA
Prince George,Other
Ottawa,Eastern Ontario
Vaughan,GTA
Chicoutimi,Other
Milton,Other
Aurora,Other
Kitchener,Other
Laval,Quebec Metro
Vancouver,Lower Mainland
Saint-Jean-sur-Richelieu,Other
Kent,Other
Winnipeg,Prairies
Montreal,Quebec Metro
Montreal,Quebec Metro
Temiscouata-sur-le-Lac,Other
Fergus,Other
Oshawa,Other
Ramara,Other
Mississauga,GTA
Edmonton,Alberta Metro
Toronto,GTA
Toronto,GTA
Red Deer,Other
Cornwall,Other
Quebec City,Quebec Metro
Gatineau,Other
Montreal,Quebec Metro
Toronto,GTA
Ottawa,Eastern Ontario
Toronto,GTA
Brockville,Other
Repentigny,Other
Ottawa,Eastern Ontario
Toronto,GTA
Toronto,GTA
Kamloops,Other
Belleville,Other
Montreal,Quebec Metro
Toronto,GTA
London,Other
Brampton,GTA
Chelmsford,Other
Whitby,Other
Montreal,Quebec Metro
Quebec City,Quebec Metro
London,Other
Almonte,Other
Sudbury,Other
Longueuil,Other
Montreal,Quebec Metro
Laval,Quebec Metro
Barrie,Other
Gatineau,Other
Hamilton,GTA
Ajax,Other
Calgary,Alberta Metro
Montreal,Quebec Metro
Waterloo,Other
Surrey,Lower Mainland
Prevost,Other
Toronto,GTA
Toronto,GTA
Vaughan,GTA
Pohenegamook,Other
Victoria,Other
Calgary,Alberta Metro
Brampton,GTA
Toronto,GTA
Trois-Rivieres,Other
Toronto,GTA
Sault Ste. Marie,Other
Toronto,GTA
Longueuil,Other
Montreal,Quebec Metro
Windsor,Other
Parkhill,Other
Kitchener,Other
Cambridge,Other
Calgary,Alberta Metro
Toronto,GTA
Hamilton,GTA
Toronto,GTA
Kitchener,Other
Toronto,GTA
Kitchener,Other
Mississauga,GTA
Vancouver,Lower Mainland
Vancouver,Lower Mainland
Toronto,GTA
Halifax,Maritimes
Burnaby,Lower Mainland
Alliston,Other
Surrey,Lower Mainland
Saint-Lazare,Other
Hamilton,GTA
Quebec City,Quebec Metro
Montreal,Quebec Metro
"Macdonald, Meredith and Aberdeen Additional",Other
Brampton,GTA
Waterloo,Other
Montreal,Quebec Metro
Toronto,GTA
Quebec City,Quebec Metro
Mississauga,GTA
Riverdale,Other
Quebec City,Quebec Metro
Kitchener,Other
Beckwith,Other
Toronto,GTA
Toronto,GTA
Montreal,Quebec Metro
Vaughan,GTA
Joliette,Other
Aurora,Other
Quebec City,Quebec Metro
Caledon,Other
Hamilton,GTA
Quebec City,Quebec Metro
Burlington,Other
Regina,Prairies
Vancouver,Lower Mainland
Calgary,Alberta Metro
Grimsby,Other
Pickering,Other
Gatineau,Other
Vancouver,Lower Mainland
Montreal,Quebec Metro
Edmonton,Alberta Metro
Toronto,GTA
Toronto,GTA
Toronto,GTA
Montreal,Quebec Metro
Windsor,Other
Ottawa,Eastern Ontario
Nanaimo,Other
Toronto,GTA
Mississauga,GTA
St. Catharines,Other
Coquitlam,Other
Sault Ste. Marie,Other
Nanaimo,Other
Oakville,Other
Winnipeg,Prairies
Montreal,Quebec Metro
Hamilton,GTA
Toronto,GTA
Vancouver,Lower Mainland
Lac-Brome,Other
Windsor,Other
Hamilton,GTA
Montreal,Quebec Metro
Toronto,GTA
West Lincoln,Other
Toronto,GTA
Toronto,GTA
Chester,Other
Edmonton,Alberta Metro
Belleville,Other
Waterloo,Other
Winnipeg,Prairies
Montreal,Quebec Metro
Peterborough,Other
Richmond Hill,Other
Saskatoon,Prairies
Admaston/Bromley,Other
Cambridge,Other
St. John's,Maritimes
Montreal,Quebec Metro
Vaughan,GTA
Fauquier-Strickland,Other
Mississauga,GTA
Saint-Hyacinthe,Other
Fergus,Other
Vancouver,Lower Mainland
Ottawa,Eastern Ontario
Toronto,GTA
Laval,Quebec Metro
Sarnia,Other
Toronto,GTA
Kitchener,Other
London,Other
Sayabec,Other
Hamilton,GTA
Salaberry-de-Valleyfield,Other
Burnaby,Lower Mainland
Terrebonne,Other
Embrun,Other
Montreal,Quebec Metro
Sault Ste. Marie,Other
Ottawa,Eastern Ontario
Toronto,GTA
Toronto,GTA
Toronto,GTA
Quebec City,Quebec Metro
Vancouver,Lower Mainland
Oshawa,Other
Saskatoon,Prairies
Waterloo,Other
Surrey,Lower Mainland
Quebec City,Quebec Metro
Waterloo,Other
Toronto,GTA
Toronto,GTA
Hamilton,GTA
Laval,Quebec Metro
Hamilton,GTA
St. Catharines,Other
Richmond,Other
Vancouver,Lower Mainland
Greater Napanee,Other
Montreal,Quebec Metro
Surrey,Lower Mainland
Toronto,GTA
Oakville,Other
Toronto,GTA
Vancouver,Lower Mainland
Toronto,GTA
Cookstown,Other
Toronto,GTA
Toronto,GTA
Toronto,GTA
Lac-Brome,Other
Camrose,Other
Brampton,GTA
Calgary,Alberta Metro
Mississauga,GTA
Vancouver,Lower Mainland
Kitchener,Other
Surrey,Lower Mainland
Ottawa,Eastern Ontario
Northern Rockies,Other
Regina,Prairies
Terrebonne,Other
Toronto,GTA
Burlington,Other
Toronto,GTA
Calgary,Alberta Metro
Toronto,GTA
Unity,Other
Kitchener,Other
Toronto,GTA
Prince George,Other
Ottawa,Eastern Ontario
Montreal,Quebec Metro
Hamilton,GTA
Kitchener,Other
Katepwa,Other
Ottawa,Eastern Ontario
Toronto,GTA
Manotick,Other
Toronto,GTA
Hamilton,GTA
Victoria,Other
Toronto,GTA
Waterloo,Other
Montreal,Quebec Metro
Toronto,GTA
Toronto,GTA
Toronto,GTA
Laval,Quebec Metro
Winnipeg,Prairies
Edmonton,Alberta Metro
St. Clair,Other
Waterloo,Other
Markham,GTA
Vancouver,Lower Mainland
Montreal,Quebec Metro
Ottawa,Eastern Ontario
Ottawa,Eastern Ontario
Caledonia,Other
Montreal,Quebec Metro
Toronto,GTA
Kitchener,Other
Montreal,Quebec Metro
Wellington,Other
Vancouver,Lower Mainland
Saskatoon,Prairies
Quebec City,Quebec Metro
Chilliwack,Other
Brampton,GTA
Ottawa,Eastern Ontario
Halifax,Maritimes
Toronto,GTA
Victoria,Other
Clearview,Other
Airdrie,Other
Port Moody,Other
Montreal,Quebec Metro
Gatineau,Other
Buckingham,Other
Sherbrooke,Other
Hamilton,GTA
Mississauga,GTA
Toronto,GTA
Edmonton,Alberta Metro
Montreal,Quebec Metro
Laval,Quebec Metro
Clarence-Rockland,Other
Toronto,GTA
Montreal,Quebec Metro
Mississauga,GTA
Montreal,Quebec Metro
London,Other
Gatineau,Other
Newmarket,Other
Weyburn No. 67,Other
Toronto,GTA
Toronto,GTA
Cap-Saint-Ignace,Other
Edmonton,Alberta Metro
Montreal,Quebec Metro
Oakville,Other
Wainfleet,Other
Oshawa,Other
Hamilton,GTA
Brockville,Other
Toronto,GTA
Otonabee-South Monaghan,Other
Simcoe,Other
Brampton,GTA
Toronto,GTA
Cavan Monaghan,Other
Brampton,GTA
Vancouver,Lower Mainland
Toronto,GTA
Saltair,Other
Toronto,GTA
Quebec City,Quebec Metro
Tache,Other
Toronto,GTA
Drummondville,Other
Brockton,Other
Augusta,Other
Ottawa,Eastern Ontario
Saguenay,Other
Surrey,Lower Mainland
Laval,Quebec Metro
Waterloo,Other
Hamilton,GTA
London,Other
Windsor,Other
Mont-Royal,Other
Saskatoon,Prairies
Mississauga,GTA
Trois-Rivieres,Other
Montreal,Quebec Metro
St. Catharines,Other
Calgary,Alberta Metro
Winnipeg,Prairies
Kitchener,Other
Fort McMurray,Other
Edmonton,Alberta Metro
Comox,Other
Burlington,Other
Toronto,GTA
Innisfil,Other
Burnaby,Lower Mainland
Vancouver,Lower Mainland
Halton Hills,Other
Toronto,GTA
Wood Buffalo,Other
Toronto,GTA
Halifax,Maritimes
Abbotsford,Other
Montreal,Quebec Metro
Toronto,GTA
Brampton,GTA
Caledon,Other
Vancouver,Lower Mainland
Quebec City,Quebec Metro
Timmins,Other
Port Coquitlam,Other
Carbonear,Other
Brampton,GTA
Toronto,GTA
Cambridge,Other
Toronto,GTA
Vaughan,GTA
Trois-Rivieres,Other
Ajax,Other
Winnipeg,Prairies
Kitchener,Other
Vancouver,Lower Mainland
Mississauga,GTA
Vancouver,Lower Mainland
Ottawa,Eastern Ontario
Gatineau,Other
Trail,Other
Vaughan,GTA
Ajax,Other
Toronto,GTA
West Vancouver,Other
Toronto,GTA
Ottawa,Eastern Ontario
Kitchener,Other
Toronto,GTA
Ottawa,Eastern Ontario
Calgary,Alberta Metro
Toronto,GTA
Trois-Rivieres,Other
Montreal,Quebec Metro
Vancouver,Lower Mainland
Brampton,GTA
Burlington,Other
Whitby,Other
Sioux Lookout,Other
Pickering,Other
Montreal,Quebec Metro
Toronto,GTA
Scugog,Other
Hamilton,GTA
Saint-Hyacinthe,Other
Wood Buffalo,Other
Mississauga,GTA
Toronto,GTA
Kitchener,Other
Vancouver,Lower Mainland
Toronto,GTA
Ottawa,Eastern Ontario
Innisfil,Other
High River,Other
Vancouver,Lower Mainland
Montreal,Quebec Metro
Montreal,Quebec Metro
Calgary,Alberta Metro
Sudbury,Other
Toronto,GTA
Flesherton,Other
Kitchener,Other
Quinte West,Other
Toronto,GTA
Thorold,Other
New Tecumseth,Other
Victoria,Other
Toronto,GTA
Vernon,Other
Edmonton,Alberta Metro
Brandon,Other
Niagara Falls,Other
Toronto,GTA
Vancouver,Lower Mainland
Longueuil,Other
Delta,Other
Toronto,GTA
Grimsby,Other
Vancouver,Lower Mainland
Kanata,Other
King,Other
Toronto,GTA
Hampton,Other
Montreal,Quebec Metro
Toronto,GTA
Halton Hills,Other
Lethbridge,Other
Ajax,Other
Vancouver,Lower Mainland
Toronto,GTA
Clarington,Other
St. Catharines,Other
Toronto,GTA
Chestermere,Other
East Garafraxa,Other
Toronto,GTA
Guelph,Other
Toronto,GTA
Toronto,GTA
Hamilton,GTA
Toronto,GTA
Vancouver,Lower Mainland
Hamilton,GTA
Port Coquitlam,Other
Brampton,GTA
Winnipeg,Prairies
Vancouver,Lower Mainland
Toronto,GTA
Vancouver,Lower Mainland
Montreal,Quebec Metro
Montreal,Quebec Metro
Toronto,GTA
Toronto,GTA
Toronto,GTA
Toronto,GTA
Thames Centre,Other
Montreal,Quebec Metro
Ottawa,Eastern Ontario
Calgary,Alberta Metro
Arctic Bay,Other
Toronto,GTA
Witless Bay,Other
Cambridge,Other
Flin Flon (Part),Other
Vancouver,Lower Mainland
Toronto,GTA
Maple Ridge,Other
Toronto,GTA
Toronto,GTA
Toronto,GTA
Toronto,GTA
Laval,Quebec Metro
Brampton,GTA
Edwardsburgh/Cardinal,Other
Richmond,Other
Loyalist,Other
Terrebonne,Other
North Bay,Other
Portugal Cove-St. Philip's,Other
Longueuil,Other
Toronto,GTA
Mono,Other
Toronto,GTA
Vancouver,Lower Mainland
Didsbury,Other
Edmonton,Alberta Metro
Palmerston,Other
Toronto,GTA
Vancouver,Lower Mainland
Abbotsford,Other
Saanich,Other
Sudbury,Other
Montreal,Quebec Metro
Montreal,Quebec Metro
Vancouver,Lower Mainland
Winnipeg,Prairies
Vancouver,Lower Mainland
Loyalist,Other
Bloomingdale,Other
Toronto,GTA
Toronto,GTA
Toronto,GTA
Laval,Quebec Metro
Brampton,GTA
View Royal,Other
Red Deer,Other
Notre-Dame-des-Prairies,Other
Vancouver,Lower Mainland
La Broquerie,Other
Vancouver,Lower Mainland
Duncan,Other
Brampton,GTA
Toronto,GTA
St. Catharines,Other
Springfield,Other
Laval,Quebec Metro
L'Isle-aux-Coudres,Other
Oakville,Other
Vancouver,Lower Mainland
Sarnia,Other
Thunder Bay,Other
St. Catharines,Other
Brampton,GTA
Saint-Apollinaire,Other
Toronto,GTA
Toronto,GTA
Toronto,GTA
Toronto,GTA
Saint-Georges,Other
Leamington,Other
Longueuil,Other
Toronto,GTA
London,Other
Hamilton,GTA
Ottawa,Eastern Ontario
Toronto,GTA
Quebec City,Quebec Metro
Chicoutimi,Other
Owen Sound,Other
Toronto,GTA
Kingston,Eastern Ontario
Toronto,GTA
Toronto,GTA
Pierreville,Other
Toronto,GTA
Coquitlam,Other
Victoria,Other
Toronto,GTA
Ottawa,Eastern Ontario
Quebec City,Quebec Metro
Halifax,Maritimes
Keswick,Other
Toronto,GTA
Ajax,Other
Toronto,GTA
Oshawa,Other
Toronto,GTA
Montreal,Quebec Metro
Guelph,Other
Gatineau,Other
Montreal,Quebec Metro
Toronto,GTA
Toronto,GTA
Vancouver,Lower Mainland
Montreal,Quebec Metro
Brossard,Other
Toronto,GTA
Toronto,GTA
Abbotsford,Other
Toronto,GTA
St. Catharines,Other
Vaughan,GTA
Dryden,Other
Edmonton,Alberta Metro
Toronto,GTA
Toronto,GTA
Winnipeg,Prairies
Markham,GTA
Toronto,GTA
Saint-Neree-de-Bellechasse,Other
Victoria,Other
Oshawa,Other
Markham,GTA
Richmond Hill,Other
Ottawa,Eastern Ontario
Ottawa,Eastern Ontario
Mississauga,GTA
Toronto,GTA
Mississauga,GTA
Brock,Other
Toronto,GTA
Toronto,GTA
Vancouver,Lower Mainland
Mont-Saint-Hilaire,Other
Manotick,Other
Montreal,Quebec Metro
Montreal,Quebec Metro
Toronto,GTA
Toronto,GTA
Vancouver,Lower Mainland
Toronto,GTA
Edmonton,Alberta Metro
Toronto,GTA
Toronto,GTA
Brampton,GTA
Toronto,GTA
Toronto,GTA
Surrey,Lower Mainland
Gatineau,Other
Toronto,GTA
Edmonton,Alberta Metro
Montreal,Quebec Metro
Ajax,Other
Montreal,Quebec Metro
Winnipeg,Prairies
Surrey,Lower Mainland
Toronto,GTA
Ottawa,Eastern Ontario
Oro-Medonte,Other
St. Catharines,Other
Halifax,Maritimes
Calgary,Alberta Metro
Chicoutimi,Other
St. John's,Maritimes
Grande Prairie,Other
Toronto,GTA
Saint-Lin--Laurentides,Other
Stratford,Other
Hamilton,GTA
Orangeville,Other
Toronto,GTA
Kitchener,Other
Montreal,Quebec Metro
Toronto,GTA
Montreal,Quebec Metro
Leamington,Other
Toronto,GTA
Montreal,Quebec Metro
Vancouver,Lower Mainland
Mackenzie,Other
New Tecumseth,Other
Gatineau,Other
Vancouver,Lower Mainland
Toronto,GTA
Laval,Quebec Metro
Moncton,Other
Toronto,GTA
Victoria,Other
Montreal,Quebec Metro
Kitchener,Other
Longueuil,Other
Winnipeg,Prairies
Toronto,GTA
Montreal,Quebec Metro
Barrie,Other
Toronto,GTA
Tofield,Other
Ottawa,Eastern Ontario
Toronto,GTA
Oshawa,Other
Toronto,GTA
Brossard,Other
Hamilton,GTA
Havelock,Other
Champlain,Other
Ottawa,Eastern Ontario
Ottawa,Eastern Ontario
Vancouver,Lower Mainland
Montreal,Quebec Metro
Edmonton,Alberta Metro
Pickering,Other
Otterburn Park,Other
Toronto,GTA
Whitby,Other
Montreal,Quebec Metro
Vancouver,Lower Mainland
Regina,Prairies
Scugog,Other
Ottawa,Eastern Ontario
Kitchener,Other
Halifax,Maritimes
Edmonton,Alberta Metro
Central Saanich,Other
Quebec City,Quebec Metro
Wood Buffalo,Other
L'Ile-Perrot,Other
Toronto,GTA
Montreal,Quebec Metro
Toronto,GTA
Toronto,GTA
Vaughan,GTA
Riviere-au-Renard,Other
Winnipeg,Prairies
Vancouver,Lower Mainland
St. Catharines,Other
Toronto,GTA
Toronto,GTA
London,Other
Montreal,Quebec Metro
Oakville,Other
Montreal,Quebec Metro
New Hamburg,Other
Magog,Other
Winnipeg,Prairies
Ottawa,Eastern Ontario
Brampton,GTA
St. John's,Maritimes
Barrie,Other
Ottawa,Eastern Ontario
Pickering,Other
New Tecumseth,Other
Angus,Other
St. Catharines,Other
St. Catharines,Other
Vancouver,Lower Mainland
Toronto,GTA
Toronto,GTA
Brantford,Other
Chambly,Other
Quebec City,Quebec Metro
Beauceville,Other
Joliette,Other
Toronto,GTA
Toronto,GTA
Mississauga,GTA
Toronto,GTA
New Westminster,Other
Toronto,GTA
Montreal,Quebec Metro
Whitby,Other
Terrebonne,Other
Quebec City,Quebec Metro
Tsawwassen,Other
Brampton,GTA
St. Catharines,Other
Hamilton,GTA
Quebec City,Quebec Metro
Ottawa,Eastern Ontario
Sudbury,Other
Quebec City,Quebec Metro
Edmonton,Alberta Metro
Montreal,Quebec Metro
Montreal,Quebec Metro
Leamington,Other
Toronto,GTA
Kitchener,Other
Lethbridge,Other
Toronto,GTA
Toronto,GTA
L'Ancienne-Lorette,Other
Saguenay,Other
Toronto,GTA
Toronto,GTA
Otterburn Park,Other
Rouyn-Noranda,Other
Surrey,Lower Mainland
L'Assomption,Other
Toronto,GTA
Toronto,GTA
Montreal,Quebec Metro
Toronto,GTA
Toronto,GTA
Edmonton,Alberta Metro
Laurentian Hills,Other
Quebec City,Quebec Metro
Cowansville,Other
Mont-Royal,Other
Gatineau,Other
Thetford Mines,Other
Burlington,Other
Burnaby,Lower Mainland
Mississauga,GTA
Edmonton,Alberta Metro
Toronto,GTA
McDougall,Other
Vancouver,Lower Mainland
Edmonton,Alberta Metro
Dunham,Other
Toronto,GTA
Markham,GTA
Markham,GTA
Longueuil,Other
Winnipeg,Prairies
Caledon,Other
Stony Plain,Other
McKellar,Other
Edmonton,Alberta Metro
Edmonton,Alberta Metro
Pembroke,Other
Montreal,Quebec Metro
Clarington,Other
Lake Country,Other
Cornwall,Other
Whitby,Other
Vancouver,Lower Mainland
Toronto,GTA
Vaughan,GTA
Toronto,GTA
Mille-Isles,Other
Regina,Prairies
Deer Lake,Other
Prince George,Other
Sudbury,Other
Burlington,Other
Montreal,Quebec Metro
Toronto,GTA
Rimouski,Other
Coquitlam,Other
Quebec City,Quebec Metro
Montreal,Quebec Metro
Vancouver,Lower Mainland
Milton,Other
Halifax,Maritimes
Calgary,Alberta Metro
Barrie,Other
Toronto,GTA
Whitby,Other
Sault Ste. Marie,Other
Longueuil,Other
Vancouver,Lower Mainland
Edmonton,Alberta Metro
Montreal,Quebec Metro
Vancouver,Lower Mainland
Toronto,GTA
Toronto,GTA
Mississauga,GTA
Bradford West Gwillimbury,Other
Burnaby,Lower Mainland
Ottawa,Eastern Ontario
Montreal,Quebec Metro
Cornwallis,Other
Mississauga,GTA
Edmonton,Alberta Metro
Toronto,GTA
Vancouver,Lower Mainland
Montreal,Quebec Metro
Longueuil,Other
Calgary,Alberta Metro
Centre Wellington,Other
Toronto,GTA
Edmonton,Alberta Metro
Richmond,Other
Ottawa,Eastern Ontario
Kanata,Other
Guelph,Other
Ottawa,Eastern Ontario
Kanata,Other
Calgary,Alberta Metro
Ottawa,Eastern Ontario
Vancouver,Lower Mainland
Bromptonville,Other
Niagara Falls,Other
Montreal,Quebec Metro
Montreal,Quebec Metro
Brampton,GTA
Kelowna,Other
White Rock,Other
Kitchener,Other
Armstrong,Other
Toronto,GTA
Sudbury,Other
Port Coquitlam,Other
Saint-Jerome,Other
Guelph,Other
Brampton,GTA
Vancouver,Lower Mainland
Vancouver,Lower Mainland
Brantford,Other
Ottawa,Eastern Ontario
Edmonton,Alberta Metro
Kawartha Lakes,Other
Clarington,Other
Kingston,Eastern Ontario
Alma,Other
Toronto,GTA
Toronto,GTA
Winnipeg,Prairies
Vancouver,Lower Mainland
Mississauga,GTA
Mono,Other
Toronto,GTA
Hamilton,GTA
Aylmer,Other
Montreal,Quebec Metro
Vancouver,Lower Mainland
Surrey,Lower Mainland
Toronto,GTA
Mississauga,GTA
Toronto,GTA
Kitchener,Other
Toronto,GTA
Burlington,Other
Toronto,GTA
Quebec City,Quebec Metro
Toronto,GTA
Edmonton,Alberta Metro
Toronto,GTA
Toronto,GTA
Thorold,Other
Hamilton,GTA
Kitchener,Other
Toronto,GTA
Brampton,GTA
Montreal,Quebec Metro
Saint-Hyacinthe,Other
Montreal,Quebec Metro
Toronto,GTA
Vancouver,Lower Mainland
Kawartha Lakes,Other
Moncton,Other
Hamilton,GTA
Vancouver,Lower Mainland
Toronto,GTA
Surrey,Lower Mainland
Vancouver,Lower Mainland
Toronto,GTA
Quebec City,Quebec Metro
Chester,Other
Saguenay,Other
Brossard,Other
Sturgeon Falls,Other
Toronto,GTA
Mississauga,GTA
Sainte-Julie,Other
Vancouver,Lower Mainland
Sudbury,Other
Kitchener,Other
Toronto,GTA
Ottawa,Eastern Ontario
Toronto,GTA
Vancouver,Lower Mainland
Quebec City,Quebec Metro
Montreal,Quebec Metro
Sudbury,Other
Keswick,Other
Vancouver,Lower Mainland
Trent Hills,Other
Montreal,Quebec Metro
Niagara Falls,Other
Toronto,GTA
Sudbury,Other
Hamilton,GTA
Ottawa,Eastern Ontario
Welland,Other
Kitchener,Other
Toronto,GTA
Barrie,Other
Markham,GTA
Port Perry,Other
Toronto,GTA
Montreal,Quebec Metro
Vaughan,GTA
Pembroke,Other
Toronto,GTA
Markham,GTA
Regina,Prairies
Laval,Quebec Metro
Kawartha Lakes,Other
Oakville,Other
Quesnel,Other
Montreal,Quebec Metro
Markham,GTA
Toronto,GTA
Toronto,GTA
Vaughan,GTA
Toronto,GTA
Brampton,GTA
Toronto,GTA
Mississauga,GTA
Victoria,Other
Toronto,GTA
Thunder Bay,Other
Victoria,Other
Sturgeon Falls,Other
Hamilton,GTA
Toronto,GTA
Calgary,Alberta Metro
Toronto,GTA
Mississauga,GTA
St. John's,Maritimes
Toronto,GTA
Russell,Other
Newmarket,Other
Victoria,Other
Kitchener,Other
London,Other
Toronto,GTA
Ottawa,Eastern Ontario
Saint-Jerome,Other
Toronto,GTA
Pickering,Other
Timmins,Other
Vancouver,Lower Mainland
Montreal,Quebec Metro
Calgary,Alberta Metro
Toronto,GTA
Toronto,GTA
Toronto,GTA
London,Other
Montreal,Quebec Metro
Montreal,Quebec Metro
Laval,Quebec Metro
Montreal,Quebec Metro
Quebec City,Quebec Metro
Tisdale,Other
Markham,GTA
Toronto,GTA
Bowmanville,Other
Drummondville,Other
Strathroy,Other
Winnipeg,Prairies
Thunder Bay,Other
Toronto,GTA
Toronto,GTA
Kingston,Eastern Ontario
Strathroy,Other
Toronto,GTA
Vancouver,Lower Mainland
Brampton,GTA
Essa,Other
Toronto,GTA
Vancouver,Lower Mainland
Montreal,Quebec Metro
Gatineau,Other
Toronto,GTA
Markham,GTA
Brampton,GTA
Trois-Rivieres,Other
Delta,Other
Lloydminster,Other
Halifax,Maritimes
St. John's,Maritimes
Montreal,Quebec Metro
Toronto,GTA
Peterborough,Other
Oshawa,Other
Vancouver,Lower Mainland
Winnipeg,Prairies
Lake Country,Other
Toronto,GTA
Coteau-du-Lac,Other
Moncton,Other
Halifax,Maritimes
Toronto,GTA
Virden,Other
Toronto,GTA
Kenora,Other
Calgary,Alberta Metro
Ottawa,Eastern Ontario
Markham,GTA
Toronto,GTA
Mississauga,GTA
Toronto,GTA
Montreal,Quebec Metro
Terrebonne,Other
Georgina,Other
Mont-Laurier,Other
Calgary,Alberta Metro
Sainte-Helene-de-Bagot,Other
Hamilton,GTA
Winnipeg,Prairies
Cambridge,Other
Georgian Bluffs,Other
Cambridge,Other
Toronto,GTA
Toronto,GTA
Toronto,GTA
Mississauga,GTA
Hamilton,GTA
Toronto,GTA
Tillsonburg,Other
Montreal,Quebec Metro
Montreal,Quebec Metro
Milton,Other
Toronto,GTA
Markham,GTA
Toronto,GTA
Kanata,Other
Montreal,Quebec Metro
Toronto,GTA
North Perth,Other
Trois-Rivieres,Other
Coquitlam,Other
Ajax,Other
Surrey,Lower Mainland
Lawn,Other
Burnaby,Lower Mainland
Lincoln,Other
Montreal,Quebec Metro
Calgary,Alberta Metro
Toronto,GTA
Georgina,Other
Toronto,GTA
Mississauga,GTA
Toronto,GTA
Toronto,GTA
Kitchener,Other
Brampton,GTA
Saint-Cyrille-de-Wendover,Other
Vancouver,Lower Mainland
Toronto,GTA
Cardston,Other
Vancouver,Lower Mainland
Winnipeg,Prairies
Toronto,GTA
Woodstock,Other
Vancouver,Lower Mainland
Toronto,GTA
Toronto,GTA
Toronto,GTA
Red Deer,Other
Chateauguay,Other
Dunnville,Other
Montreal,Quebec Metro
Sherbrooke,Other
Kitchener,Other
Drummondville,Other
Toronto,GTA
Calgary,Alberta Metro
Ajax,Other
Kitchener,Other
Edmonton,Alberta Metro
Toronto,GTA
Toronto,GTA
Markham,GTA
Ajax,Other
Toronto,GTA
Belleville,Other
Toronto,GTA
Merritt,Other
Hamilton,GTA
Ottawa,Eastern Ontario
Calgary,Alberta Metro
Saguenay,Other
Brampton,GTA
Toronto,GTA
Oshawa,Other
Kingston,Eastern Ontario
The Nation / La Nation,Other
Longueuil,Other
Toronto,GTA
Mont-Royal,Other
Toronto,GTA
Toronto,GTA
Montreal,Quebec Metro
Whitby,Other
Oshawa,Other
North Bay,Other
Toronto,GTA
Toronto,GTA
Laval,Quebec Metro
Toronto,GTA
Toronto,GTA
Montreal,Quebec Metro
Vancouver,Lower Mainland
Grimsby,Other
Kitchener,Other
Mont-Royal,Other
Brantford,Other
Wood Buffalo,Other
Milton,Other
Toronto,GTA
Toronto,GTA
Leduc,Other
Zorra,Other
Quinte West,Other
Toronto,GTA
Toronto,GTA
Vancouver,Lower Mainland
Toronto,GTA
Whitby,Other
Hamilton,GTA
Kitchener,Other
Hamilton,GTA
Montreal,Quebec Metro
Mississauga,GTA
St. Catharines,Other
Toronto,GTA
Toronto,GTA
Toronto,GTA
Brampton,GTA
Winnipeg,Prairies
Plessisville,Other
Ottawa,Eastern Ontario
Toronto,GTA
Port-Alfred,Other
Ottawa,Eastern Ontario
St. Catharines,Other
Clarington,Other
Waterford,Other
Winnipeg,Prairies
Guelph,Other
Hamilton,GTA
Burlington,Other
Toronto,GTA
Toronto,GTA
Vancouver,Lower Mainland
Winnipeg,Prairies
Brampton,GTA
Sainte-Agathe-des-Monts,Other
Kamloops,Other
Toronto,GTA
Toronto,GTA
Quebec City,Quebec Metro
Toronto,GTA
Georgetown,Other
Laval,Quebec Metro
Ottawa,Eastern Ontario
Laval,Quebec Metro
Montreal,Quebec Metro
Quebec City,Quebec Metro
Toronto,GTA
Thetford Mines,Other
Montreal,Quebec Metro
Vancouver,Lower Mainland
Vancouver,Lower Mainland
Toronto,GTA
Beauharnois,Other
St. Catharines,Other
Ottawa,Eastern Ontario
Kawartha Lakes,Other
London,Other
Toronto,GTA
Toronto,GTA
Toronto,GTA
Oakville,Other
Montreal,Quebec Metro
Burnaby,Lower Mainland
Victoriaville,Other
Toronto,GTA
St. Catharines,Other
Whitecourt,Other
Vaughan,GTA
Edmonton,Alberta Metro
Linwood,Other
Loyalist,Other
Vancouver,Lower Mainland
Richmond,Other
Calgary,Alberta Metro
Windsor,Other
Calgary,Alberta Metro
Hamilton,GTA
Calgary,Alberta Metro
Brampton,GTA
Calgary,Alberta Metro
Vaughan,GTA
Saguenay,Other
North Bay,Other
Toronto,GTA
Carlow/Mayo,Other
Winnipeg,Prairies
Ottawa,Eastern Ontario
Toronto,GTA
Toronto,GTA
Toronto,GTA
Montreal,Quebec Metro
Milton,Other
Quebec City,Quebec Metro
Newmarket,Other
Saint Clements,Other
Toronto,GTA
Highlands East,Other
Winnipeg,Prairies
Montreal,Quebec Metro
New Hamburg,Other
Hamilton,GTA
Markham,GTA
Aurora,Other
Severn,Other
Toronto,GTA
Toronto,GTA
Oshawa,Other
Oshawa,Other
Scugog,Other
Winnipeg,Prairies
Calgary,Alberta Metro
Vancouver,Lower Mainland
Moose Jaw,Other
Toronto,GTA
Levis,Other
Toronto,GTA
Calgary,Alberta Metro
Georgian Bluffs,Other
Toronto,GTA
Toronto,GTA
Georgina,Other
The Nation / La Nation,Other
Moncton,Other
Mississauga,GTA
Chicoutimi,Other
Kitchener,Other
Hamilton,GTA
Calgary,Alberta Metro
Windsor,Other
Calgary,Alberta Metro
Powerview-Pine Falls,Other
Ottawa,Eastern Ontario
Winnipeg,Prairies
St. Catharines,Other
Toronto,GTA
Brossard,Other
Markham,GTA
Toronto,GTA
Kitchener,Other
Barrie,Other
Toronto,GTA
Brampton,GTA
Toronto,GTA
Richmond Hill,Other
Val-Shefford,Other
Montreal,Quebec Metro
Mississauga,GTA
Toronto,GTA
Quebec City,Quebec Metro
Toronto,GTA
Halifax,Maritimes
Montreal,Quebec Metro
Cape Breton,Other
Toronto,GTA
Toronto,GTA
Toronto,GTA
Toronto,GTA
Kelowna,Other
Toronto,GTA
Centre Wellington,Other
Toronto,GTA
Vancouver,Lower Mainland
Metabetchouan-Lac-a-la-Croix,Other
Sherbrooke,Other
Toronto,GTA
Winnipeg,Prairies
Toronto,GTA
Trois-Pistoles,Other
Toronto,GTA
Brampton,GTA
Toronto,GTA
Parry Sound,Other
Toronto,GTA
Calgary,Alberta Metro
Mississauga,GTA
White Rock,Other
Vancouver,Lower Mainland
Oakville,Other
Toronto,GTA
Georgina,Other
Sarnia,Other
Delta,Other
London,Other
Quebec City,Quebec Metro
Toronto,GTA
Port-Alfred,Other
Hamilton,GTA
Toronto,GTA
St. Catharines,Other
Montreal,Quebec Metro
Montreal,Quebec Metro
Saint-Cesaire,Other
Edmonton,Alberta Metro
Montreal,Quebec Metro
Edmonton,Alberta Metro
Toronto,GTA
Toronto,GTA
Hamilton,GTA
Montreal,Quebec Metro
Toronto,GTA
Toronto,GTA
Toronto,GTA
Wasaga Beach,Other
Richmond,Other
Richmond Hill,Other
Brampton,GTA
Angus,Other
Montreal,Quebec Metro
Markham,GTA
Quebec City,Quebec Metro
Brampton,GTA
Strathroy-Caradoc,Other
Toronto,GTA
Toronto,GTA
Toronto,GTA
Toronto,GTA
Montreal,Quebec Metro
Montreal,Quebec Metro
Mississauga,GTA
Levis,Other
Vancouver,Lower Mainland
Laval,Quebec Metro
Edmonton,Alberta Metro
Surrey,Lower Mainland
Montreal,Quebec Metro
Kitchener,Other
Toronto,GTA
Mississauga,GTA
Toronto,GTA
Toronto,GTA
Ottawa,Eastern Ontario
Toronto,GTA
Ottawa,Eastern Ontario
Vancouver,Lower Mainland
St. John's,Maritimes
Whitby,Other
Calgary,Alberta Metro
Keswick,Other
Portage La Prairie,Other
Montreal,Quebec Metro
Calgary,Alberta Metro
Hamilton,GTA
Bridgewater,Other
Orangeville,Other
Markham,GTA
St. Catharines,Other
Richmond Hill,Other
Toronto,GTA
Toronto,GTA
Toronto,GTA
Calgary,Alberta Metro
Calgary,Alberta Metro
Vancouver,Lower Mainland
Toronto,GTA
Bath,Other
Bradford,Other
Thunder Bay,Other
Barrie,Other
Montreal,Quebec Metro
Toronto,GTA
Gatineau,Other
Grand Centre,Other
Toronto,GTA
Brant,Other
Ramara,Other
Toronto,GTA
Oshawa,Other
Laval,Quebec Metro
Montreal,Quebec Metro
Montreal,Quebec Metro
Saguenay,Other
Toronto,GTA
Toronto,GTA
Toronto,GTA
Edmonton,Alberta Metro
Toronto,GTA
Laval,Quebec Metro
Sherbrooke,Other
Vancouver,Lower Mainland
Vaughan,GTA
St. Catharines,Other
Toronto,GTA
Toronto,GTA
Warwick,Other
Toronto,GTA
Laval,Quebec Metro
Montreal,Quebec Metro
Halifax,Maritimes
Clinton,Other
Montreal,Quebec Metro
Toronto,GTA
Toronto,GTA
Waterloo,Other
Montreal,Quebec Metro
Moonbeam,Other
Toronto,GTA
Laval,Quebec Metro
Oakville,Other
Clarington,Other
Vancouver,Lower Mainland
Toronto,GTA
Toronto,GTA
Newmarket,Other
Toronto,GTA
Toronto,GTA
Richmond Hill,Other
Harriston,Other
Edmonton,Alberta Metro
Saint-Patrice-de-Sherrington,Other
Toronto,GTA
Clarington,Other
Longueuil,Other
Toronto,GTA
Edmonton,Alberta Metro
Calgary,Alberta Metro
Toronto,GTA
Winnipeg,Prairies
Toronto,GTA
Oshawa,Other
East Broughton,Other
Toronto,GTA
Hamilton,GTA
Ottawa,Eastern Ontario
Montreal,Quebec Metro
Saguenay,Other
Toronto,GTA
St. Catharines,Other
Cambridge,Other
Quebec City,Quebec Metro
Surrey,Lower Mainland
Toronto,GTA
Parksville,Other
Richmond Hill,Other
Saint-Hyacinthe,Other
Montreal,Quebec Metro
London,Other
Quebec City,Quebec Metro
Toronto,GTA
Toronto,GTA
Levis,Other
New Westminster,Other
Kanata,Other
Toronto,GTA
Woolwich,Other
Toronto,GTA
Toronto,GTA
Gatineau,Other
Waterloo,Other
Toronto,GTA
Toronto,GTA
Toronto,GTA
Kitchener,Other
Montreal,Quebec Metro
Halifax,Maritimes
Brampton,GTA
South Frontenac,Other
Mississauga,GTA
Markham,GTA
Toronto,GTA
Leduc,Other
Vancouver,Lower Mainland
Montreal,Quebec Metro
Vancouver,Lower Mainland
Victoria,Other
Saskatoon,Prairies
Niagara Falls,Other
Surrey,Lower Mainland
Montreal,Quebec Metro
Enderby,Other
Calgary,Alberta Metro
Burlington,Other
Oshawa,Other
Brampton,GTA
Windsor,Other
Pickering,Other
Dundalk,Other
Toronto,GTA
Toronto,GTA
Toronto,GTA
Toronto,GTA
Mississauga,GTA
Bowmanville,Other
Montreal,Quebec Metro
Surrey,Lower Mainland
Toronto,GTA
Toronto,GTA
Essa,Other
Kitchener,Other
Oakville,Other
Toronto,GTA
East Broughton,Other
Vancouver,Lower Mainland
Vancouver,Lower Mainland
Calgary,Alberta Metro
Richmond,Other
Toronto,GTA
Vaughan,GTA
Markham,GTA
Toronto,GTA
Ottawa,Eastern Ontario
Terrebonne,Other
Pointe-Claire,Other
Toronto,GTA
Toronto,GTA
Beaconsfield,Other
Bradford,Other
Toronto,GTA
Donnacona,Other
Whitby,Other
Oakville,Other
Montreal,Quebec Metro
Hebbville,Other
Montreal,Quebec Metro
Maple Ridge,Other
Mississauga,GTA
Greenstone,Other
Toronto,GTA
Montreal,Quebec Metro
Mascouche,Other
Toronto,GTA
Niagara Falls,Other
Bracebridge,Other
Montreal,Quebec Metro
Toronto,GTA
Sudbury,Other
Toronto,GTA
Toronto,GTA
Hamilton,GTA
Castlegar,Other
Vancouver,Lower Mainland
Vancouver,Lower Mainland
Halifax,Maritimes
Okotoks,Other
Mississauga,GTA
Montreal,Quebec Metro
Toronto,GTA
Errington,Other
Montreal,Quebec Metro
Toronto,GTA
Noyan,Other
Toronto,GTA
Oshawa,Other
Saskatoon,Prairies
Windsor,Other
Toronto,GTA
Vaughan,GTA
Montreal,Quebec Metro
Montreal,Quebec Metro
Hamilton,GTA
Montreal,Quebec Metro
Toronto,GTA
Ottawa,Eastern Ontario
Kingston,Eastern Ontario
Montreal,Quebec Metro
Caledon,Other
Saint-Germain-de-Grantham,Other
Hamilton,GTA
Ottawa,Eastern Ontario
Hamilton,GTA
Toronto,GTA
Hamilton,GTA
Montreal,Quebec Metro
Surrey,Lower Mainland
Wellington North,Other
Vancouver,Lower Mainland
Mississauga,GTA
Halifax,Maritimes
Toronto,GTA
Richmond,Other
Toronto,GTA
Halifax,Maritimes
Saint-Nazaire,Other
Montreal,Quebec Metro
Toronto,GTA
Edmonton,Alberta Metro
Toronto,GTA
Hamilton,GTA
Toronto,GTA
Victoria,Other
Brandon,Other
Vaughan,GTA
Montreal,Quebec Metro
Winnipeg,Prairies
Brampton,GTA
Toronto,GTA
Brantford,Other
Chatham,Other
Chicoutimi,Other
Springwater,Other
Toronto,GTA
Alma,Other
Kitchener,Other
Brampton,GTA
Vancouver,Lower Mainland
Barrie,Other
Markham,GTA
Hamilton,GTA
Quebec City,Quebec Metro
St. Catharines,Other
Brampton,GTA
Barrie,Other
Ramara,Other
Ottawa,Eastern Ontario
Montreal,Quebec Metro
Cornwall,Other
Toronto,GTA
Toronto,GTA
Morinville,Other
Kitchener,Other
London,Other
Quebec City,Quebec Metro
Richmond Hill,Other
Toronto,GTA
Montreal,Quebec Metro
Toronto,GTA
Calgary,Alberta Metro
Markham,GTA
Vancouver,Lower Mainland
Mississauga,GTA
Toronto,GTA
Toronto,GTA
Vancouver,Lower Mainland
Brampton,GTA
Kitchener,Other
Sherbrooke,Other
Mississippi Mills,Other
Brampton,GTA
Toronto,GTA
Orillia,Other
Hamilton,GTA
Oshawa,Other
Ajax,Other
Trent Hills,Other
Tillsonburg,Other
Lakeshore,Other
Toronto,GTA
Toronto,GTA
Edmonton,Alberta Metro
Petrolia,Other
French River / Riviere des Francais,Other
Surrey,Lower Mainland
Trochu,Other
St. John's,Maritimes
Hamilton,GTA
Toronto,GTA
Richmond Hill,Other
Toronto,GTA
London,Other
East Gwillimbury,Other
Toronto,GTA
Toronto,GTA
London,Other
Milton,Other
Toronto,GTA
Quebec City,Quebec Metro
Edmonton,Alberta Metro
Ottawa,Eastern Ontario
Toronto,GTA
Macdonald,Other
Boisbriand,Other
Sainte-Marthe-sur-le-Lac,Other
Toronto,GTA
Ottawa,Eastern Ontario
Calgary,Alberta Metro
Aurora,Other
Surrey,Lower Mainland
Quebec City,Quebec Metro
Toronto,GTA
Halton Hills,Other
Cardinal,Other
Clarenville,Other
Ottawa,Eastern Ontario
Victoria,Other
Toronto,GTA
New Tecumseth,Other
Kingston,Eastern Ontario
Surrey,Lower Mainland
Stratford,Other
Hamilton,GTA
Salaberry-de-Valleyfield,Other
Vancouver,Lower Mainland
Burks Falls,Other
Chatham,Other
Montreal,Quebec Metro
Leduc,Other
Toronto,GTA
Mississauga,GTA
Toronto,GTA
Toronto,GTA
Toronto,GTA
Kitchener,Other
New Westminster,Other
Guelph,Other
Vancouver,Lower Mainland
Halifax,Maritimes
Ottawa,Eastern Ontario
Brantford,Other
East Gwillimbury,Other
Toronto,GTA
Brokenhead,Other
Vancouver,Lower Mainland
Delta,Other
Saskatoon,Prairies
Oshawa,Other
Montreal,Quebec Metro
Kitchener,Other
Calgary,Alberta Metro
Clarence-Rockland,Other
Markham,GTA
Toronto,GTA
Strathroy-Caradoc,Other
Toronto,GTA
Terrebonne,Other
Ottawa,Eastern Ontario
Toronto,GTA
Toronto,GTA
Toronto,GTA
St. Albert,Other
Montreal,Quebec Metro
Trois-Rivieres,Other
Whitby,Other
Toronto,GTA
Toronto,GTA
Front of Yonge,Other
Winnipeg,Prairies
Granby,Other
Toronto,GTA
Calgary,Alberta Metro
Toronto,GTA
Cote-Saint-Luc,Other
Ottawa,Eastern Ontario
Shannon,Other
Midland,Other
Red Deer,Other
Montreal,Quebec Metro
Moncton,Other
Montreal,Quebec Metro
Whitby,Other
Toronto,GTA
Montreal,Quebec Metro
Montreal,Quebec Metro
Toronto,GTA
Toronto,GTA
Toronto,GTA
Brampton,GTA
Toronto,GTA
Toronto,GTA
Toronto,GTA
Cambridge,Other
Toronto,GTA
Winnipeg,Prairies
Kitchener,Other
St. John's,Maritimes
Toronto,GTA
Toronto,GTA
Montreal,Quebec Metro
Montreal,Quebec Metro
Fort Erie,Other
Calgary,Alberta Metro
Ottawa,Eastern Ontario
Vancouver,Lower Mainland
Montreal,Quebec Metro
Fergus,Other
Kingston,Eastern Ontario
Delta,Other
Montreal,Quebec Metro
St. Albert,Other
Windsor,Other
Toronto,GTA
Windsor,Other
Cobourg,Other
Vancouver,Lower Mainland
Montreal,Quebec Metro
Vancouver,Lower Mainland
Toronto,GTA
Montreal,Quebec Metro
Toronto,GTA
Scugog,Other
Uxbridge,Other
Toronto,GTA
Toronto,GTA
London,Other
Whitby,Other
Ottawa,Eastern Ontario
St. John's,Maritimes
Longueuil,Other
Edmonton,Alberta Metro
Quebec City,Quebec Metro
Toronto,GTA
Winnipeg,Prairies
Richmond Hill,Other
Cambridge,Other
Greater Napanee,Other
Montreal,Quebec Metro
Revelstoke,Other
Winnipeg,Prairies
Kitchener,Other
Toronto,GTA
Toronto,GTA
Toronto,GTA
Montreal,Quebec Metro
Brampton,GTA
Montreal,Quebec Metro
Sidney,Other
Angus,Other
Clarington,Other
Toronto,GTA
Montreal,Quebec Metro
Cavan Monaghan,Other
Montreal,Quebec Metro
Laval,Quebec Metro
Victoria,Other
Calgary,Alberta Metro
Calgary,Alberta Metro
Montreal,Quebec Metro
Sarnia,Other
Winnipeg,Prairies
Mississauga,GTA
Calgary,Alberta Metro
Witless Bay,Other
Montreal,Quebec Metro
New Tecumseth,Other
Sturgeon Falls,Other
Montreal,Quebec Metro
Saint John,Other
Winnipeg,Prairies
Lethbridge,Other
Oshawa,Other
Windsor,Other
Montreal,Quebec Metro
Brampton,GTA
Hamilton,GTA
Toronto,GTA
Toronto,GTA
Boisbriand,Other
Mississauga,GTA
Maple Ridge,Other
Black River-Matheson,Other
Cambridge,Other
Pickering,Other
Cochrane,Other
Toronto,GTA
Terrebonne,Other
Trois-Rivieres,Other
Strathroy,Other
Montreal,Quebec Metro
Toronto,GTA
Vancouver,Lower Mainland
Thunder Bay,Other
Barrys Bay,Other
Toronto,GTA
Halifax,Maritimes
Calgary,Alberta Metro
Edmonton,Alberta Metro
Elliot Lake,Other
Halifax,Maritimes
Toronto,GTA
Delta,Other
Montreal,Quebec Metro
Peterborough,Other
Stratford,Other
Millbrook,Other
Calgary,Alberta Metro
Moncton,Other
Surrey,Lower Mainland
Surrey,Lower Mainland
Toronto,GTA
Toronto,GTA
Ottawa,Eastern Ontario
Toronto,GTA
Richmond,Other
Cambridge,Other
Mont-Laurier,Other
Oshawa,Other
Toronto,GTA
Brant,Other
Richmond,Other
Vancouver,Lower Mainland
Toronto,GTA
Laval,Quebec Metro
Stony Plain,Other
Toronto,GTA
Toronto,GTA
Toronto,GTA
Edmonton,Alberta Metro
Mississauga,GTA
Penticton,Other
Mississauga,GTA
Ottawa,Eastern Ontario
Kanata,Other
Toronto,GTA
Montreal,Quebec Metro
Vancouver,Lower Mainland
Toronto,GTA
Levis,Other
Brampton,GTA
Hamilton,GTA
Loyalist,Other
Toronto,GTA
Thorold,Other
Hamilton,GTA
Toronto,GTA
Toronto,GTA
Toronto,GTA
Vancouver,Lower Mainland
Wawa,Other
Langford Station,Other
London,Other
Brampton,GTA
Beauceville,Other
Toronto,GTA
Toronto,GTA
Toronto,GTA
Calgary,Alberta Metro
Thunder Bay,Other
Vaughan,GTA
Saint-Georges,Other
Airdrie,Other
Sechelt,Other
Toronto,GTA
Milton,Other
Brampton,GTA
Toronto,GTA
Brampton,GTA
Toronto,GTA
Thunder Bay,Other
Burnaby,Lower Mainland
Vaughan,GTA
Abbotsford,Other
Saint-Michel-des-Saints,Other
Enniskillen,Other
Toronto,GTA
Sault Ste. Marie,Other
Vancouver,Lower Mainland
Brant,Other
Toronto,GTA
The Nation / La Nation,Other
Toronto,GTA
Toronto,GTA
Alliston,Other
Mississauga,GTA
Toronto,GTA
Laval,Quebec Metro
Joliette,Other
Toronto,GTA
Mississauga,GTA
Montreal,Quebec Metro
Barrie,Other
Port Colborne,Other
Toronto,GTA
Saint-Zotique,Other
Toronto,GTA
Toronto,GTA
Montreal,Quebec Metro
Orangeville,Other
Toronto,GTA
St. Catharines,Other
Toronto,GTA
Richmond Hill,Other
Vancouver,Lower Mainland
Montreal,Quebec Metro
Ottawa,Eastern Ontario
Vancouver,Lower Mainland
Toronto,GTA
Trois-Rivieres,Other
Quebec City,Quebec Metro
Toronto,GTA
Toronto,GTA
Vancouver,Lower Mainland
Rosemere,Other
Toronto,GTA
Hamilton,GTA
Toronto,GTA
Milton,Other
North Middlesex,Other
Vancouver,Lower Mainland
Degelis,Other
Edmonton,Alberta Metro
Guelph,Other
St. John's,Maritimes
Toronto,GTA
Toronto,GTA
Kitchener,Other
Saint-Jerome,Other
Toronto,GTA
Toronto,GTA
Toronto,GTA
Markham,GTA
Brampton,GTA
Mississauga,GTA
Tillsonburg,Other
Delta,Other
Amherstburg,Other
Brampton,GTA
Vancouver,Lower Mainland
Toronto,GTA
Toronto,GTA
Ottawa,Eastern Ontario
Edmonton,Alberta Metro
Montreal,Quebec Metro
Montreal,Quebec Metro
Toronto,GTA
Vancouver,Lower Mainland
St. Catharines,Other
Barrie,Other
Cambridge,Other
Toronto,GTA
Zorra,Other
Hamilton,GTA
Brampton,GTA
Landmark,Other
Toronto,GTA
Ajax,Other
Paradise,Other
Montague,Other
St. John's,Maritimes
Esquimalt,Other
Toronto,GTA
Lambton Shores,Other
Lakefield,Other
Vaughan,GTA
Vancouver,Lower Mainland
Mississauga,GTA
Toronto,GTA
Crystal Beach,Other
Kanata,Other
Montreal,Quebec Metro
Port-Cartier,Other
Perth,Other
Victoria,Other
Kawartha Lakes,Other
Quebec City,Quebec Metro
Hamilton,GTA
Boucherville,Other
Ottawa,Eastern Ontario
Saint-Jerome,Other
Southampton,Other
Toronto,GTA
Toronto,GTA
Sudbury,Other
Ottawa,Eastern Ontario
Creemore,Other
Toronto,GTA
Vancouver,Lower Mainland
Victoria,Other
East Kelowna,Other
Quebec City,Quebec Metro
Vancouver,Lower Mainland
Thamesford,Other
Edmonton,Alberta Metro
Toronto,GTA
Lloydminster,Other
Toronto,GTA
Kensington,Other
Oliver Paipoonge,Other
Hamilton,GTA
Calgary,Alberta Metro
Vancouver,Lower Mainland
Newmarket,Other
Toronto,GTA
Vaughan,GTA
Airdrie,Other
Toronto,GTA
Calgary,Alberta Metro
Vancouver,Lower Mainland
Cambridge,Other
Sherbrooke,Other
Calgary,Alberta Metro
Brantford,Other
Toronto,GTA
Vaughan,GTA
Toronto,GTA
McNab/Braeside,Other
Toronto,GTA
Windsor,Other
Vaughan,GTA
Toronto,GTA
Calgary,Alberta Metro
Niagara Falls,Other
Toronto,GTA
Lethbridge,Other
Mississauga,GTA
Toronto,GTA
Chatham,Other
Port Moody,Other
Mississauga,GTA
Brampton,GTA
Toronto,GTA
Montreal,Quebec Metro
Toronto,GTA
La Loche,Other
Toronto,GTA
Montreal,Quebec Metro
Richmond Hill,Other
Lambton Shores,Other
Rimouski,Other
Ottawa,Eastern Ontario
Chippawa,Other
Hamilton,GTA
Oakville,Other
Toronto,GTA
Windsor,Other
Saint-Remi,Other
Montreal,Quebec Metro
Vancouver,Lower Mainland
Saskatoon,Prairies
Wainfleet,Other
Montreal,Quebec Metro
Georgetown,Other
Sarnia,Other
Delta,Other
Toronto,GTA
Gatineau,Other
King,Other
Montreal,Quebec Metro
Oakville,Other
London,Other
Wilmot,Other
Sarnia,Other
Vancouver,Lower Mainland
Kingston,Eastern Ontario
Kentville,Other
Toronto,GTA
Toronto,GTA
Hamilton,GTA
Vancouver,Lower Mainland
Pitt Meadows,Other
Longueuil,Other
Winnipeg,Prairies
Hindon Hill,Other
Laval,Quebec Metro
Toronto,GTA
Mississauga,GTA
Markham,GTA
Aurora,Other
Victoria,Other
Mississauga,GTA
Kawartha Lakes,Other
Calgary,Alberta Metro
Leduc,Other
St. John's,Maritimes
Esquimalt,Other
Saint-Eustache,Other
Sarnia,Other
Toronto,GTA
Montreal,Quebec Metro
Peterborough,Other
Toronto,GTA
Toronto,GTA
Cape Breton,Other
Toronto,GTA
Saint-Felix-de-Valois,Other
Stouffville,Other
Plessisville,Other
Edmonton,Alberta Metro
Toronto,GTA
Toronto,GTA
Toronto,GTA
Ottawa,Eastern Ontario
Edmonton,Alberta Metro
Toronto,GTA
Laval,Quebec Metro
Mississauga,GTA
Tsawwassen,Other
Toronto,GTA
Saint John,Other
Montreal,Quebec Metro
London,Other
Montreal,Quebec Metro
Cote-Saint-Luc,Other
Vancouver,Lower Mainland
Toronto,GTA
Montreal,Quebec Metro
Montreal,Quebec Metro
Montreal,Quebec Metro
Toronto,GTA
Richmond Hill,Other
Oshawa,Other
Kanata,Other
North Middlesex,Other
Springwater,Other
Hamilton,GTA
Adjala-Tosorontio,Other
Mississauga,GTA
Waterloo,Other
Montreal,Quebec Metro
Toronto,GTA
Fredericton,Other
Mississauga,GTA
Saint-Jerome,Other
Saskatoon,Prairies
Charlottetown,Other
Montreal,Quebec Metro
Montreal,Quebec Metro
Calgary,Alberta Metro
Toronto,GTA
Toronto,GTA
Shelburne,Other
Bracebridge,Other
Winnipeg,Prairies
Montreal,Quebec Metro
Calgary,Alberta Metro
Wood Buffalo,Other
Vancouver,Lower Mainland
Surrey,Lower Mainland
Vancouver,Lower Mainland
Vancouver,Lower Mainland
Vancouver,Lower Mainland
Calgary,Alberta Metro
Brampton,GTA
Ottawa,Eastern Ontario
Brampton,GTA
Hamilton,GTA
Lethbridge,Other
O'Leary,Other
Burlington,Other
Ottawa,Eastern Ontario
Barrie,Other
Richmond,Other
Calgary,Alberta Metro
Newmarket,Other
Stony Plain,Other
Vancouver,Lower Mainland
London,Other
North Cowichan,Other
Lloydminster,Other
Montreal,Quebec Metro
Southwest Middlesex,Other
Toronto,GTA
Ajax,Other
Toronto,GTA
Vancouver,Lower Mainland
Sudbury,Other
Carleton Place,Other
Portage La Prairie,Other
Guelph,Other
Bayham,Other
Toronto,GTA
Thunder Bay,Other
Lambton Shores,Other
Esquimalt,Other
Gatineau,Other
Montreal,Quebec Metro
Chatham,Other
Vancouver,Lower Mainland
Toronto,GTA
Windsor,Other
Brampton,GTA
Toronto,GTA
Toronto,GTA
Quebec City,Quebec Metro
Brampton,GTA
Montreal,Quebec Metro
Hamilton,GTA
Kitchener,Other
Ottawa,Eastern Ontario
Surrey,Lower Mainland
Toronto,GTA
Vancouver,Lower Mainland
Brampton,GTA
London,Other
Vancouver,Lower Mainland
Napanee,Other
Montreal,Quebec Metro
Barrie,Other
Woodstock,Other
Winnipeg,Prairies
Toronto,GTA
Oakville,Other
Guelph/Eramosa,Other
Toronto,GTA
Toronto,GTA
Saint-Urbain,Other
Markham,GTA
Longueuil,Other
Toronto,GTA
Mississauga,GTA
Toronto,GTA
Guelph,Other
Fergus,Other
Innisfil,Other
Abbotsford,Other
Montreal,Quebec Metro
Saanich,Other
Toronto,GTA
Oro-Medonte,Other
Brampton,GTA
Ottawa,Eastern Ontario
Montreal,Quebec Metro
Burnaby,Lower Mainland
Mistassini,Other
Kitchener,Other
Quebec City,Quebec Metro
Caroline,Other
Toronto,GTA
Halifax,Maritimes
Saint-Felix-d'Otis,Other
Kitchener,Other
Red Deer,Other
Peterborough,Other
Mount Forest,Other
Winnipeg,Prairies
Winnipeg,Prairies
Ottawa,Eastern Ontario
Montreal,Quebec Metro
Saint-Jean-sur-Richelieu,Other
Toronto,GTA
Bradford West Gwillimbury,Other
Winnipeg,Prairies
Toronto,GTA
Saint-Jerome,Other
Mississauga,GTA
Quebec City,Quebec Metro
Laval,Quebec Metro
Kelowna,Other
Toronto,GTA
Milton,Other
Ottawa,Eastern Ontario
Exeter,Other
Peterborough,Other
Montreal,Quebec Metro
Vancouver,Lower Mainland
Victoria,Other
Vancouver,Lower Mainland
Toronto,GTA
Saint-Jean-sur-Richelieu,Other
Hamilton,GTA
Vancouver,Lower Mainland
Toronto,GTA
Saint-Lambert,Other
Blandford-Blenheim,Other
Vancouver,Lower Mainland
Mississauga,GTA
Toronto,GTA
Toronto,GTA
Oshawa,Other
Montreal,Quebec Metro
Calgary,Alberta Metro
Toronto,GTA
Calgary,Alberta Metro
Vancouver,Lower Mainland
Montreal,Quebec Metro
Toronto,GTA
Calgary,Alberta Metro
Brantford,Other
Toronto,GTA
Toronto,GTA
Edmonton,Alberta Metro
Edmonton,Alberta Metro
Toronto,GTA
Brossard,Other
Toronto,GTA
Toronto,GTA
Calgary,Alberta Metro
Ottawa,Eastern Ontario
Sudbury,Other
Quebec City,Quebec Metro
New Tecumseth,Other
Vancouver,Lower Mainland
Mississauga,GTA
Strathroy-Caradoc,Other
Sault Ste. Marie,Other
Montreal,Quebec Metro
Windsor,Other
Sault Ste. Marie,Other
Montreal,Quebec Metro
Centre Hastings,Other
Toronto,GTA
Kaslo,Other
Toronto,GTA
Calgary,Alberta Metro
Toronto,GTA
Toronto,GTA
Ajax,Other
Quebec City,Quebec Metro
Southwold,Other
Toronto,GTA
Oshawa,Other
Winchester,Other
Quinte West,Other
London,Other
Edmonton,Alberta Metro
Montreal,Quebec Metro
Peterborough,Other
Montreal,Quebec Metro
Chilliwack,Other
Montreal,Quebec Metro
Toronto,GTA
Toronto,GTA
Toronto,GTA
Sault Ste. Marie,Other
Toronto,GTA
Farnham,Other
Oshawa,Other
Ottawa,Eastern Ontario
High River,Other
Mississauga,GTA
Toronto,GTA
Vancouver,Lower Mainland
Pont-Rouge,Other
Delta,Other
Embrun,Other
Martensville,Other
Toronto,GTA
Mississauga,GTA
Winnipeg,Prairies
Burlington,Other
Ottawa,Eastern Ontario
St. Thomas,Other
Toronto,GTA
Montreal,Quebec Metro
Winnipeg,Prairies
Surrey,Lower Mainland
Halifax,Maritimes
Zorra,Other
Kapuskasing,Other
Toronto,GTA
Toronto,GTA
Barrie,Other
Vancouver,Lower Mainland
Vancouver,Lower Mainland
Sorel-Tracy,Other
Ottawa,Eastern Ontario
Waterloo,Other
Hamilton,GTA
Inverness,Other
Ottawa,Eastern Ontario
Toronto,GTA
Montreal,Quebec Metro
Camrose,Other
Toronto,GTA
Oshawa,Other
Toronto,GTA
Toronto,GTA
Quebec City,Quebec Metro
Morinville,Other
Montreal,Quebec Metro
Edmonton,Alberta Metro
Marmora,Other
Thunder Bay,Other
Toronto,GTA
Hamilton,GTA
Midland,Other
Toronto,GTA
Whitby,Other
Vancouver,Lower Mainland
Brampton,GTA
Toronto,GTA
Wyoming,Other
Montreal,Quebec Metro
Coquitlam,Other
Toronto,GTA
Toronto,GTA
Toronto,GTA
Oakville,Other
Kingston,Eastern Ontario
Vaughan,GTA
Windsor,Other
Laval,Quebec Metro
Quebec City,Quebec Metro
Vaughan,GTA
Kitchener,Other
Richmond,Other
Brampton,GTA
Vancouver,Lower Mainland
Edmonton,Alberta Metro
Toronto,GTA
Ottawa,Eastern Ontario
Edmonton,Alberta Metro
Hamilton,GTA
Pickering,Other
Toronto,GTA
Toronto,GTA
Toronto,GTA
Calgary,Alberta Metro
Vaughan,GTA
Newmarket,Other
Timmins,Other
Quebec City,Quebec Metro
Kitchener,Other
Markham,GTA
Toronto,GTA
Richmond Hill,Other
Montreal,Quebec Metro
Toronto,GTA
Toronto,GTA
Ajax,Other
Toronto,GTA
Hamilton,GTA
Kawartha Lakes,Other
Springwater,Other
Montreal,Quebec Metro
Hamilton,GTA
Toronto,GTA
Calgary,Alberta Metro
Niagara Falls,Other
Saguenay,Other
Kingston,Eastern Ontario
St. Catharines,Other
Edmonton,Alberta Metro
Dryden,Other
Brantford,Other
Mississauga,GTA
Toronto,GTA
Toronto,GTA
Toronto,GTA
Burlington,Other
Saskatoon,Prairies
Toronto,GTA
Toronto,GTA
Toronto,GTA
St. Catharines,Other
Surrey,Lower Mainland
Winnipeg,Prairies
Mont-Joli,Other
North Perth,Other
Toronto,GTA
Brampton,GTA
Vancouver,Lower Mainland
Toronto,GTA
Gatineau,Other
Toronto,GTA
Newmarket,Other
Vancouver,Lower Mainland
Toronto,GTA
Toronto,GTA
Greater Napanee,Other
Toronto,GTA
Windsor,Other
Oshawa,Other
Toronto,GTA
Markham,GTA
Uxbridge,Other
Surrey,Lower Mainland
Vancouver,Lower Mainland
Saskatoon,Prairies
Saskatoon,Prairies
Toronto,GTA
Kingston,Eastern Ontario
Pickering,Other
South Stormont,Other
Toronto,GTA
Vancouver,Lower Mainland
Edmonton,Alberta Metro
Calgary,Alberta Metro
Ottawa,Eastern Ontario
Ottawa,Eastern Ontario
Halifax,Maritimes
Sudbury,Other
Burlington,Other
Lacombe,Other
Woodstock,Other
Montreal,Quebec Metro
Sarnia,Other
Vancouver,Lower Mainland
Toronto,GTA
Halifax,Maritimes
Chicoutimi,Other
Halifax,Maritimes
Saanich,Other
Kanata,Other
Danville,Other
Montreal,Quebec Metro
Vancouver,Lower Mainland
Toronto,GTA
Toronto,GTA
Toronto,GTA
Montreal,Quebec Metro
Ottawa,Eastern Ontario
Metabetchouan-Lac-a-la-Croix,Other
Toronto,GTA
Pincourt,Other
Ottawa,Eastern Ontario
Vancouver,Lower Mainland
Brampton,GTA
Perth East,Other
Fort Erie,Other
Ottawa,Eastern Ontario
Ottawa,Eastern Ontario
Edmonton,Alberta Metro
Winnipeg,Prairies
Innisfil,Other
Ajax,Other
Thunder Bay,Other
Ottawa,Eastern Ontario
Toronto,GTA
Hamilton,GTA
Ottawa,Eastern Ontario
Toronto,GTA
Montreal,Quebec Metro
Quebec City,Quebec Metro
Chatham,Other
Richmond Hill,Other
Toronto,GTA
Toronto,GTA
Mission,Other
Cold Lake,Other
Toronto,GTA
Calgary,Alberta Metro
Saint-Eustache,Other
Ottawa,Eastern Ontario
East Gwillimbury,Other
Hamilton,GTA
Toronto,GTA
Vancouver,Lower Mainland
Toronto,GTA
Toronto,GTA
Montreal,Quebec Metro
Montreal,Quebec Metro
Quebec City,Quebec Metro
Sainte-Marguerite-du-Lac-Masson,Other
Stayner,Other
Halifax,Maritimes
Toronto,GTA
Toronto,GTA
Vancouver,Lower Mainland
Toronto,GTA
Toronto,GTA
Victoria,Other
Ottawa,Eastern Ontario
Burnaby,Lower Mainland
Montreal,Quebec Metro
Toronto,GTA
Calgary,Alberta Metro
Oshawa,Other
Varennes,Other
Woodstock,Other
Chestermere,Other
Toronto,GTA
Toronto,GTA
Oliver Paipoonge,Other
Toronto,GTA
Vancouver,Lower Mainland
Kanata,Other
Oakville,Other
Winnipeg,Prairies
London,Other
Leduc,Other
Mississauga,GTA
London,Other
Oro-Medonte,Other
Toronto,GTA
Toronto,GTA
Scugog,Other
Napanee,Other
Montreal,Quebec Metro
Sorel-Tracy,Other
Russell,Other
Vancouver,Lower Mainland
Cochrane,Other
King,Other
Cambridge,Other
Mississauga,GTA
Kitchener,Other
Calgary,Alberta Metro
Bolton,Other
Vancouver,Lower Mainland
Toronto,GTA
Winnipeg,Prairies
Mandeville,Other
Tecumseh,Other
Oshawa,Other
Ottawa,Eastern Ontario
Toronto,GTA
Coquitlam,Other
Wainfleet,Other
Toronto,GTA
Calgary,Alberta Metro
Longueuil,Other
Kitchener,Other
Winnipeg,Prairies
Kitchener,Other
Devon,Other
Toronto,GTA
Vancouver,Lower Mainland
Vaughan,GTA
Mississauga,GTA
Montreal,Quebec Metro
Laval,Quebec Metro
Clarence-Rockland,Other
Kelowna,Other
Toronto,GTA
Brampton,GTA
Mississauga,GTA
Milton,Other
Vancouver,Lower Mainland
Calgary,Alberta Metro
Hamilton,GTA
Toronto,GTA
Gatineau,Other
London,Other
Timmins,Other
Mississauga,GTA
Ottawa,Eastern Ontario
Brampton,GTA
Toronto,GTA
Montreal,Quebec Metro
Oshawa,Other
Toronto,GTA
Kitchener,Other
Hamilton,GTA
Montreal,Quebec Metro
Oakville,Other
Montreal,Quebec Metro
Ottawa,Eastern Ontario
Gatineau,Other
Timmins,Other
Brantford,Other
Winnipeg,Prairies
Bradford West Gwillimbury,Other
Kitchener,Other
Winnipeg,Prairies
Toronto,GTA
Toronto,GTA
Cambridge,Other
Edmonton,Alberta Metro
Cornwall,Other
Toronto,GTA
Bowmanville,Other
Ottawa,Eastern Ontario
Toronto,GTA
Vancouver,Lower Mainland
Hamilton,GTA
Toronto,GTA
Vancouver,Lower Mainland
Miramichi,Other
Calgary,Alberta Metro
Calgary,Alberta Metro
Edmonton,Alberta Metro
Saint-Lazare,Other
Toronto,GTA
Montreal,Quebec Metro
Montreal,Quebec Metro
Saskatoon,Prairies
Edmonton,Alberta Metro
Toronto,GTA
Montreal,Quebec Metro
Coquitlam,Other
Montreal,Quebec Metro
Mississauga,GTA
Burlington,Other
Niagara-on-the-Lake,Other
Quebec City,Quebec Metro
Markham,GTA
Deux-Montagnes,Other
St. Clair,Other
Stratford,Other
Ottawa,Eastern Ontario
Kitchener,Other
Oakville,Other
Ottawa,Eastern Ontario
Toronto,GTA
Toronto,GTA
Toronto,GTA
Toronto,GTA
Toronto,GTA
Toronto,GTA
Sudbury,Other
Clarington,Other
Brampton,GTA
Kitchener,Other
Mississauga,GTA
Saint-Jovite,Other
Regina,Prairies
Saskatoon,Prairies
Montreal,Quebec Metro
Montreal,Quebec Metro
Laval,Quebec Metro
Toronto,GTA
Biencourt,Other
Burnaby,Lower Mainland
Ottawa,Eastern Ontario
Montreal,Quebec Metro
Montreal,Quebec Metro
Brampton,GTA
Montreal,Quebec Metro
Toronto,GTA
Toronto,GTA
Toronto,GTA
Montreal,Quebec Metro
Toronto,GTA
Kanata,Other
Toronto,GTA
Ottawa,Eastern Ontario
Vancouver,Lower Mainland
Halifax,Maritimes
London,Other
Brampton,GTA
Victoria,Other
Sherbrooke,Other
Toronto,GTA
Vaughan,GTA
Toronto,GTA
Victoria,Other
Quebec City,Quebec Metro
Guelph,Other
Toronto,GTA
Surrey,Lower Mainland
Vancouver,Lower Mainland
Newmarket,Other
Hamilton,GTA
Aylmer,Other
Toronto,GTA
Montreal,Quebec Metro
Georgetown,Other
Toronto,GTA
Toronto,GTA
Toronto,GTA
Toronto,GTA
Keswick,Other
Vaughan,GTA
Toronto,GTA
Toronto,GTA
Montreal,Quebec Metro
Whitehorse,Other
Owen Sound,Other
Montreal,Quebec Metro
Vancouver,Lower Mainland
Mississauga,GTA
Ottawa,Eastern Ontario
Coquitlam,Other
Hamilton,GTA
Exeter,Other
Calgary,Alberta Metro
Hamilton,GTA
Toronto,GTA
Chatham,Other
Cornwall,Other
Napanee,Other
Mississauga,GTA
Edmonton,Alberta Metro
Burford,Other
Ottawa,Eastern Ontario
St. Catharines,Other
Clarington,Other
Levis,Other
Kingston,Eastern Ontario
Halifax,Maritimes
Calgary,Alberta Metro
Vancouver,Lower Mainland
Quebec City,Quebec Metro
Ottawa,Eastern Ontario
Toronto,GTA
Toronto,GTA
Sudbury,Other
Vancouver,Lower Mainland
Windsor,Other
Mitchell,Other
Blainville,Other
Hamilton,GTA
Toronto,GTA
Cambridge,Other
Colwood,Other
Burlington,Other
Surrey,Lower Mainland
Vancouver,Lower Mainland
Sudbury,Other
New Westminster,Other
Winnipeg,Prairies
Longueuil,Other
Markham,GTA
Regina,Prairies
Windsor,Other
Calgary,Alberta Metro
Winnipeg,Prairies
Richmond,Other
Montreal,Quebec Metro
Fermont,Other
Hamilton,GTA
Toronto,GTA
Tecumseh,Other
Montreal,Quebec Metro
Toronto,GTA
Vancouver,Lower Mainland
Toronto,GTA
Perth,Other
Calgary,Alberta Metro
Surrey,Lower Mainland
Vancouver,Lower Mainland
Toronto,GTA
Brantford,Other
Campbellton,Other
Vancouver,Lower Mainland
Edmonton,Alberta Metro
Toronto,GTA
Toronto,GTA
Montreal,Quebec Metro
Toronto,GTA
Cochrane,Other
Vancouver,Lower Mainland
Collingwood,Other
Kingston,Eastern Ontario
Edmonton,Alberta Metro
Vaughan,GTA
L'Assomption,Other
Ritchot,Other
Wawa,Other
Oshawa,Other
Ottawa,Eastern Ontario
Brampton,GTA
Ajax,Other
Tillsonburg,Other
Sept-Iles,Other
Calgary,Alberta Metro
Windsor,Other
Calgary,Alberta Metro
Toronto,GTA
Ottawa,Eastern Ontario
Halifax,Maritimes
Thunder Bay,Other
Mississauga,GTA
Vancouver,Lower Mainland
Quebec City,Quebec Metro
Kelowna,Other
Kingston,Eastern Ontario
Mirabel,Other
Vancouver,Lower Mainland
Saint-Lazare,Other
Calgary,Alberta Metro
Saguenay,Other
Toronto,GTA
Brampton,GTA
Springwater,Other
Montreal,Quebec Metro
Montreal,Quebec Metro
Toronto,GTA
Toronto,GTA
Regina,Prairies
Toronto,GTA
Ajax,Other
Halifax,Maritimes
Calgary,Alberta Metro
Estevan,Other
Toronto,GTA
Midland,Other
Edmonton,Alberta Metro
Trail,Other
Vancouver,Lower Mainland
Toronto,GTA
Toronto,GTA
Edmonton,Alberta Metro
Ottawa,Eastern Ontario
Waterloo,Other
Kitchener,Other
Toronto,GTA
Belleville,Other
Hamilton,GTA
Laval,Quebec Metro
Central Saanich,Other
Delta,Other
Toronto,GTA
Toronto,GTA
Montreal,Quebec Metro
Surrey,Lower Mainland
Montreal,Quebec Metro
Toronto,GTA
Quebec City,Quebec Metro
Toronto,GTA
Amaranth,Other
Winnipeg,Prairies
Ottawa,Eastern Ontario
Toronto,GTA
Vancouver,Lower Mainland
Richmond,Other
Toronto,GTA
Lac-Brome,Other
Toronto,GTA
Drummondville,Other
Hamilton,GTA
Montreal,Quebec Metro
Montreal,Quebec Metro
Vancouver,Lower Mainland
Cape Breton,Other
Toronto,GTA
Vancouver,Lower Mainland
Hamilton,GTA
Toronto,GTA
Woolwich,Other
Stratford,Other
Montreal,Quebec Metro
Edmonton,Alberta Metro
Toronto,GTA
Carleton Place,Other
Vancouver,Lower Mainland
Meaford,Other
Winnipeg,Prairies
Vancouver,Lower Mainland
Richmond,Other
Richmond Hill,Other
Toronto,GTA
Toronto,GTA
Montreal,Quebec Metro
Barrie,Other
Waterloo,Other
Brockton,Other
Toronto,GTA
Edmonton,Alberta Metro
Montreal,Quebec Metro
Vaughan,GTA
Terrebonne,Other
Caledonia,Other
Markham,GTA
Hamilton,GTA
Waterloo,Other
Laval,Quebec Metro
Toronto,GTA
Airdrie,Other
Toronto,GTA
Montreal,Quebec Metro
Vancouver,Lower Mainland
Toronto,GTA
Fruitvale,Other
Oshawa,Other
Saint-Hyacinthe,Other
Penticton,Other
Ottawa,Eastern Ontario
Winnipeg,Prairies
Lincoln,Other
Vancouver,Lower Mainland
Kelowna,Other
Smiths Falls,Other
Quebec City,Quebec Metro
Toronto,GTA
Vancouver,Lower Mainland
Toronto,GTA
Richmond Hill,Other
Laval,Quebec Metro
Toronto,GTA
North Bay,Other
Brampton,GTA
Toronto,GTA
Vancouver,Lower Mainland
Tecumseh,Other
Hamilton,GTA
Toronto,GTA
Brampton,GTA
Spaniards Bay,Other
Espanola,Other
Fergus,Other
Ottawa,Eastern Ontario
Toronto,GTA
Saint-Constant,Other
Toronto,GTA
Ottawa,Eastern Ontario
Duncan,Other
Toronto,GTA
Toronto,GTA
Kelowna,Other
Guelph,Other
Maskinonge,Other
Coquitlam,Other
Drummondville,Other
Mississauga,GTA
Kitchener,Other
Montreal,Quebec Metro
Halifax,Maritimes
Montreal,Quebec Metro
Toronto,GTA
Sudbury,Other
Brampton,GTA
Montreal,Quebec Metro
Toronto,GTA
Toronto,GTA
Terrebonne,Other
Calgary,Alberta Metro
Vancouver,Lower Mainland
Toronto,GTA
Winnipeg,Prairies
Kitchener,Other
Welland,Other
Aurora,Other
Toronto,GTA
Montreal,Quebec Metro
Toronto,GTA
Toronto,GTA
Toronto,GTA
Saint-Felix-de-Kingsey,Other
Moose Jaw,Other
Maple Ridge,Other
Woodstock,Other
Toronto,GTA
Hamilton,GTA
Montreal,Quebec Metro
Kitchener,Other
London,Other
Angus,Other
Halifax,Maritimes
Vancouver,Lower Mainland
Winnipeg,Prairies
Toronto,GTA
Vancouver,Lower Mainland
Mississauga,GTA
Toronto,GTA
Markham,GTA
Halton Hills,Other
Laval,Quebec Metro
Les Eboulements,Other
Edmonton,Alberta Metro
Gatineau,Other
Vancouver,Lower Mainland
Toronto,GTA
Chatham,Other
Halton Hills,Other
Burnaby,Lower Mainland
Edmonton,Alberta Metro
Brantford,Other
Laval,Quebec Metro
Saskatoon,Prairies
Toronto,GTA
Burnaby,Lower Mainland
Moose Jaw,Other
Levis,Other
Toronto,GTA
Calgary,Alberta Metro
Whitby,Other
Boucherville,Other
Leeds and the Thousand Islands,Other
Montreal,Quebec Metro
Brampton,GTA
Woolwich,Other
Burlington,Other
Toronto,GTA
Toronto,GTA
Toronto,GTA
Clarington,Other
Toronto,GTA
St. Catharines,Other
Toronto,GTA
Caledon,Other
Winnipeg,Prairies
Toronto,GTA
Ottawa,Eastern Ontario
Paris,Other
Quebec City,Quebec Metro
Ramara,Other
Sainte-Julie,Other
Burnaby,Lower Mainland
Edmonton,Alberta Metro
Toronto,GTA
Oakville,Other
Markham,GTA
St. Catharines,Other
Toronto,GTA
Longueuil,Other
Laval,Quebec Metro
Markham,GTA
Montreal,Quebec Metro
Montreal,Quebec Metro
Saint-Joseph-de-Sorel,Other
Toronto,GTA
Kamloops,Other
Bradford,Other
Mississauga,GTA
Montreal,Quebec Metro
Regina,Prairies
Caledon,Other
Montreal,Quebec Metro
Winnipeg,Prairies
Longueuil,Other
Toronto,GTA
Vancouver,Lower Mainland
Orillia,Other
Woodstock,Other
Port Colborne,Other
Toronto,GTA
Toronto,GTA
Kitchener,Other
Toronto,GTA
Toronto,GTA
Windsor,Other
Markham,GTA
Burlington,Other
Whitby,Other
Calgary,Alberta Metro
Port Hope,Other
Montreal,Quebec Metro
Toronto,GTA
Moncton,Other
Toronto,GTA
Montreal,Quebec Metro
Barrie,Other
Strathroy-Caradoc,Other
Victoria,Other
Calgary,Alberta Metro
Trois-Rivieres,Other
Montreal,Quebec Metro
Repentigny,Other
Hamilton,GTA
Montreal,Quebec Metro
Thunder Bay,Other
Chatham,Other
Toronto,GTA
Beaverton,Other
Victoria,Other
Centreville-Wareham-Trinity,Other
Vancouver,Lower Mainland
Toronto,GTA
Toronto,GTA
Ottawa,Eastern Ontario
Toronto,GTA
Montreal,Quebec Metro
Kitchener,Other
Highlands East,Other
Clearview,Other
Ottawa,Eastern Ontario
Regina,Prairies
Vancouver,Lower Mainland
Montreal,Quebec Metro
Toronto,GTA
Vaughan,GTA
Toronto,GTA
Hamilton,GTA
Toronto,GTA
Ottawa,Eastern Ontario
Toronto,GTA
Hamilton,GTA
Hamilton,GTA
Toronto,GTA
Kingston,Eastern Ontario
Montreal,Quebec Metro
Blyth,Other
Edmonton,Alberta Metro
Ottawa,Eastern Ontario
Granby,Other
Ottawa,Eastern Ontario
Montreal,Quebec Metro
Woolwich,Other
Guelph/Eramosa,Other
Toronto,GTA
Toronto,GTA
Toronto,GTA
Keswick,Other
Toronto,GTA
Cambridge,Other
Ottawa,Eastern Ontario
Lac-Brome,Other
Winnipeg,Prairies
Winnipeg,Prairies
Toronto,GTA
Montreal,Quebec Metro
Ottawa,Eastern Ontario
Mississauga,GTA
Toronto,GTA
Quebec City,Quebec Metro
Toronto,GTA
Aurora,Other
Toronto,GTA
Toronto,GTA
Montreal,Quebec Metro
Quebec City,Quebec Metro
Shelburne,Other
Toronto,GTA
Abbotsford,Other
Toronto,GTA
London,Other
Vaughan,GTA
Toronto,GTA
Toronto,GTA
Milton,Other
Ottawa,Eastern Ontario
Smithers,Other
Sarnia,Other
Toronto,GTA
The Nation / La Nation,Other
Toronto,GTA
Toronto,GTA
Fort St. John,Other
Whitby,Other
Lakeshore,Other
Sutton,Other
Markham,GTA
Burnaby,Lower Mainland
Toronto,GTA
London,Other
Winnipeg,Prairies
Montreal,Quebec Metro
Saint-Louis-de-Gonzague,Other
Ottawa,Eastern Ontario
Winnipeg,Prairies
Ottawa,Eastern Ontario
Caledon,Other
Windsor,Other
Vaughan,GTA
Toronto,GTA
Oshawa,Other
St. John's,Maritimes
Edmonton,Alberta Metro
Windsor,Other
Markham,GTA
Ajax,Other
High Prairie,Other
Ottawa,Eastern Ontario
Calgary,Alberta Metro
Montreal,Quebec Metro
Toronto,GTA
Inverness,Other
Kelowna,Other
Hamilton,GTA
Chesley,Other
Vancouver,Lower Mainland
Brampton,GTA
Montreal,Quebec Metro
Quebec City,Quebec Metro
Kitchener,Other
Vancouver,Lower Mainland
Toronto,GTA
Oshawa,Other
Gatineau,Other
Montreal,Quebec Metro
Ottawa,Eastern Ontario
Maple Ridge,Other
Front of Yonge,Other
Toronto,GTA
Montreal,Quebec Metro
Saanich,Other
Edmonton,Alberta Metro
Fort McMurray,Other
Surrey,Lower Mainland
Oakville,Other
Fort McMurray,Other
Toronto,GTA
Calgary,Alberta Metro
Mississauga,GTA
Quebec City,Quebec Metro
Brampton,GTA
Vancouver,Lower Mainland
Vancouver,Lower Mainland
Caledonia,Other
Vancouver,Lower Mainland
Montreal,Quebec Metro
Prince George,Other
Scugog,Other
Ottawa,Eastern Ontario
Arthur,Other
Walkerton,Other
Ottawa,Eastern Ontario
Montreal,Quebec Metro
Golden,Other
Toronto,GTA
Whitby,Other
Montreal,Quebec Metro
Elmira,Other
Niagara Falls,Other
Drummondville,Other
Sorel-Tracy,Other
Kawartha Lakes,Other
Saint-Charles-Borromee,Other
Calgary,Alberta Metro
Grimsby,Other
North Cowichan,Other
Calgary,Alberta Metro
Toronto,GTA
Toronto,GTA
Edmonton,Alberta Metro
Windsor,Other
Mississauga,GTA
Belleville,Other
Windsor,Other
Toronto,GTA
Oshawa,Other
Milton,Other
Red Deer,Other
Winnipeg,Prairies
Vancouver,Lower Mainland
Levis,Other
Hamilton,GTA
London,Other
Matane,Other
Fort St. John,Other
Vancouver,Lower Mainland
Toronto,GTA
Mitchell,Other
New Hamburg,Other
Kingston,Eastern Ontario
Mingan,Other
Edmonton,Alberta Metro
Kitchener,Other
Winnipeg,Prairies
Varennes,Other
Vancouver,Lower Mainland
Old Chelsea,Other
Toronto,GTA
Beckwith,Other
Burlington,Other
Brampton,GTA
Ottawa,Eastern Ontario
Montreal,Quebec Metro
Toronto,GTA
Mont-Laurier,Other
London,Other
Brantford,Other
Bengough,Other
Calgary,Alberta Metro
Toronto,GTA
St. Catharines,Other
Markham,GTA
Toronto,GTA
Montreal,Quebec Metro
Toronto,GTA
Montreal,Quebec Metro
Hamilton,GTA
Vancouver,Lower Mainland
Whitby,Other
Montreal,Quebec Metro
Hamilton,GTA
Vancouver,Lower Mainland
Mississauga,GTA
Montreal,Quebec Metro
Toronto,GTA
Abbotsford,Other
Toronto,GTA
Montreal,Quebec Metro
Kanata,Other
Medicine Hat,Other
Oshawa,Other
Calgary,Alberta Metro
Waterloo,Other
Oakville,Other
Acton,Other
Victoria,Other
Toronto,GTA
Barrie,Other
Quebec City,Quebec Metro
Toronto,GTA
Ottawa,Eastern Ontario
Edmonton,Alberta Metro
Toronto,GTA
Vancouver,Lower Mainland
Toronto,GTA
Longueuil,Other
Grand Falls,Other
Windsor,Other
Ottawa,Eastern Ontario
Niagara Falls,Other
Quispamsis,Other
Toronto,GTA
Calgary,Alberta Metro
Brampton,GTA
Calgary,Alberta Metro
Oshawa,Other
Westmount,Other
Windsor,Other
Vancouver,Lower Mainland
Eckville,Other
Sudbury,Other
Milton,Other
Toronto,GTA
Montreal,Quebec Metro
Oshawa,Other
Toronto,GTA
Ottawa,Eastern Ontario
Toronto,GTA
Toronto,GTA
Caledon,Other
Sainte-Therese,Other
Metchosin,Other
Mississauga,GTA
Kitchener,Other
Brampton,GTA
Spirit River,Other
Mississauga,GTA
Toronto,GTA
Montreal,Quebec Metro
Richmond,Other
Stoneham-et-Tewkesbury,Other
St. Clair,Other
London,Other
Toronto,GTA
Huntsville,Other
Trois-Rivieres,Other
Sudbury,Other
Mercier,Other
Milton,Other
London,Other
Toronto,GTA
Trois-Rivieres,Other
Laval,Quebec Metro
Thunder Bay,Other
Gravenhurst,Other
Aurora,Other
Thunder Bay,Other
Edmonton,Alberta Metro
Montreal,Quebec Metro
Burlington,Other
Halifax,Maritimes
Sainte-Marthe-sur-le-Lac,Other
Loyalist,Other
Toronto,GTA
Toronto,GTA
Vancouver,Lower Mainland
Calgary,Alberta Metro
Brampton,GTA
Winnipeg,Prairies
Kitchener,Other
Toronto,GTA
Toronto,GTA
Conception Bay South,Other
Sherbrooke,Other
Toronto,GTA
Montreal,Quebec Metro
Kitchener,Other
Markham,GTA
Toronto,GTA
Hamilton,GTA
Toronto,GTA
Maple Ridge,Other
Toronto,GTA
Medicine Hat,Other
St. John's,Maritimes
Toronto,GTA
Moncton,Other
Barrie,Other
Cambridge,Other
Montreal,Quebec Metro
Winnipeg,Prairies
Burlington,Other
Toronto,GTA
Granby,Other
Montreal,Quebec Metro
Sherbrooke,Other
Ottawa,Eastern Ontario
Penticton,Other
Toronto,GTA
North Vancouver,Other
London,Other
Edmonton,Alberta Metro
Hamilton,GTA
Oshawa,Other
Toronto,GTA
East Gwillimbury,Other
Montreal,Quebec Metro
Burnaby,Lower Mainland
Prince George,Other
Victoriaville,Other
Toronto,GTA
Montreal,Quebec Metro
Vancouver,Lower Mainland
Edmonton,Alberta Metro
Kitchener,Other
Toronto,GTA
Milton,Other
Winnipeg,Prairies
Hamilton,GTA
Vancouver,Lower Mainland
Montreal,Quebec Metro
Oakville,Other
Quebec City,Quebec Metro
Thunder Bay,Other
Joly,Other
Toronto,GTA
Ottawa,Eastern Ontario
Quebec City,Quebec Metro
Vancouver,Lower Mainland
Caledon,Other
Toronto,GTA
Toronto,GTA
Hamilton,GTA
Oshawa,Other
Toronto,GTA
St. Catharines,Other
Montreal,Quebec Metro
Winnipeg,Prairies
Vancouver,Lower Mainland
Vancouver,Lower Mainland
Elliot Lake,Other
Halifax,Maritimes
Lindsay,Other
Toronto,GTA
Toronto,GTA
Edmonton,Alberta Metro
North Dumfries,Other
Montreal,Quebec Metro
Stouffville,Other
Toronto,GTA
Toronto,GTA
Quebec City,Quebec Metro
Halifax,Maritimes
Toronto,GTA
Toronto,GTA
Berwyn,Other
Vancouver,Lower Mainland
Winnipeg,Prairies
Edmonton,Alberta Metro
Lac du Bonnet,Other
Grand Bay-Westfield,Other
Kitchener,Other
Moncton,Other
Toronto,GTA
Winnipeg,Prairies
Kitchener,Other
Toronto,GTA
Clarington,Other
Brampton,GTA
LaSalle,Other
Fort St. John,Other
Montreal,Quebec Metro
Montreal,Quebec Metro
Montreal,Quebec Metro
Quebec City,Quebec Metro
Ottawa,Eastern Ontario
Vancouver,Lower Mainland
Kitchener,Other
Lindsay,Other
Toronto,GTA
Montreal,Quebec Metro
Montreal,Quebec Metro
Gatineau,Other
Toronto,GTA
Edmonton,Alberta Metro
Cambridge,Other
Quebec City,Quebec Metro
Montreal,Quebec Metro
Quebec City,Quebec Metro
Vancouver,Lower Mainland
Toronto,GTA
Toronto,GTA
Ottawa,Eastern Ontario
Toronto,GTA
Dollard-des-Ormeaux,Other
Toronto,GTA
Sudbury,Other
Saint John,Other
Edmonton,Alberta Metro
Stephenville,Other
Wyoming,Other
Perry,Other
Vancouver,Lower Mainland
Toronto,GTA
Greater Napanee,Other
Shelburne,Other
Montreal,Quebec Metro
Moncton,Other
Brampton,GTA
Toronto,GTA
Granby,Other
Mississauga,GTA
Toronto,GTA
Toronto,GTA
Deux-Montagnes,Other
Ottawa,Eastern Ontario
Vancouver,Lower Mainland
Laval,Quebec Metro
Port Coquitlam,Other
Toronto,GTA
Kelowna,Other
Toronto,GTA
Kamloops,Other
North Huron,Other
Toronto,GTA
Winnipeg,Prairies
Montreal,Quebec Metro
Truro,Other
Quebec City,Quebec Metro
Vancouver,Lower Mainland
Toronto,GTA
Calgary,Alberta Metro
Kitchener,Other
North Dundas,Other
Brampton,GTA
Pitt Meadows,Other
Fergus,Other
Winnipeg,Prairies
L'Ile-Perrot,Other
Montreal,Quebec Metro
Ottawa,Eastern Ontario
Toronto,GTA
New Glasgow,Other
Elmvale,Other
Montreal,Quebec Metro
Winnipeg,Prairies
Toronto,GTA
Quebec City,Quebec Metro
Vancouver,Lower Mainland
Toronto,GTA
Greater Madawaska,Other
