ID,SEX,CITY,PROVINCE,FULLNAME,AGE,IsMarried,FAMILYID,RACE,Income,IsHomeOwner,HOMEVALUE,RENTVALUE,IsEduBachelors,IsUnemployed,AME,AMB,credit_score,AccountType,account_age,avg12_tx,BankIsPrimary,avg12_tx_volume,loan_status,credit_card_status,overdraft_usage,branch_visits,digital_usage_level,customer_service,complaints_filed,satisfaction_level,MobilePhone,CardNumber,CardType,Email,BankPresenceRating,ChurnProbability,AGE_bin,RACE_gen,Income_bin,HOMEVALUE_bin,RENTVALUE_bin,_k_score
149515,M,Ottawa,ON,DIANE OLSEN,28,False,,White,62196.0,True,757946.0,0.0,True,False,3518,9644.51,671.0,Checking; Credit,2,102.0,True,2010.09,Mortgage,False,True,5,High,5,3,3,365-866-7694T,4512 2346T 4528 8079,CREDIT,TDIANE_OLSEN9@rand.att.net,0.14,0.52,26-35,White,60k-100k,500k-1M,0-500,7
29637,M,Toronto,ON,CARRIE WILLIAMS,48,True,,White,108840.0,True,1158520.0,0.0,True,False,9070,58068.08,792.0,Checking,18,68.0,True,6300.52,Mortgage,True,False,0,High,5,2,3,289-216-8348T,4510 1634T 9910 0210,DEBIT,TCARRIEWILLIAMS@fake.yahoo.com,0.15,0.11,46-55,White,100k-200k,1M-2M,0-500,7
198947,F,Kitchener,ON,LUDFORD ROSEMARIE,29,False,,White,86345.0,True,777669.0,0.0,True,False,4313,35748.48,692.0,Checking,11,13.85,False,28.21,Mortgage,False,False,0,Low,6,1,5,548-762-5968T,4510 1372T 7887 1446,CREDIT,TLR0400519@test.gmail.com,0.15,0.23,26-35,White,60k-100k,500k-1M,0-500,7
55409,F,Toronto,ON,MITURA CHRISTINA,43,False,,Asian,108658.0,True,1308210.0,0.0,True,False,9055,22004.05,715.0,Credit; Investment,5,42.0,True,5993.97,Mortgage,False,False,0,Medium,6,0,5,289-617-7954T,5415 9084T 9064 1222,CREDIT,TMC88476@non.iCloud.com,0.15,0.1,36-45,OTHER,100k-200k,1M-2M,0-500,14
40620,F,Toronto,ON,EATON GISELA,45,False,,Asian,71291.0,True,1039078.0,0.0,True,False,4636,48394.54,719.0,Checking,4,59.0,True,2770.32,Mortgage,False,False,3,High,4,1,5,416-346-4870T,4510 1347T 6748 6252,CREDIT,TEG70117768@rand.zoho.com,0.15,0.14,36-45,OTHER,60k-100k,1M-2M,0-500,69
34515,F,Toronto,ON,MORRIS ELINOR,37,False,,Asian,96149.0,True,1124577.0,0.0,True,False,6222,19691.19,691.0,Investment,4,45.0,True,4039.05,Mortgage,True,False,0,High,4,3,3,548-628-8236T,4512 2381T 3029 1313,CREDIT,TbubblyTortoise8MOEL@synth.live.com,0.15,0.22,36-45,OTHER,60k-100k,1M-2M,0-500,69
86393,F,Montreal,QC,GRAVEL GISELE,33,False,,White,56592.0,True,602779.0,0.0,True,False,2905,13900.55,667.0,Credit,15,81.0,True,2238.06,Personal Loan,True,False,12,High,4,0,9,438-332-1346T,4512 2316T 0661 5738,CREDIT,TGG6023@non.mail.com,0.18,0.13,26-35,White,30k-60k,500k-1M,0-500,7
13743,M,Toronto,ON,JACQUES DOUG,42,True,,Asian,94673.0,True,1323677.0,0.0,True,False,5144,28270.76,734.0,Joint,9,13.75,False,34.92,Mortgage,False,False,0,Medium,2,0,5,647-137-3818T,5415 9011T 2402 3074,CREDIT,TJACQUESDOUG@synth.live.com,0.15,0.06,36-45,OTHER,60k-100k,1M-2M,0-500,26
70273,F,Toronto,ON,PRAIRIE DEBBIE,20,False,,White,10314.0,False,0.0,888.0,False,True,908,3247.4,568.0,Savings,4,109.0,True,651.1,,False,False,5,High,5,0,6,548-370-1086T,4510 1641T 5289 5961,DEBIT,TPRAIRIEthriftyPonie493@rand.comcast.net,0.15,0.08,18-25,White,0-30k,0-200k,500-1k,5
174247,M,Hamilton,ON,GEDCKE PERCY,28,False,,Asian,71486.0,True,872840.0,0.0,True,False,3490,9671.05,657.0,Investment; Credit,15,7.6,False,142.0,Mortgage,False,True,0,Low,5,3,2,416-613-2692T,4514 0149T 3605 8671,CREDIT,TGEDCKE_PERCY85@test.icloud.com,0.15,0.37,26-35,OTHER,60k-100k,500k-1M,0-500,5
194817,F,Kitchener,ON,CAROLYN WILLIAMS,27,False,,White,79472.0,True,865054.0,0.0,True,False,3350,17538.97,674.0,Checking; Investment; Credit,15,5.66,False,13.09,Personal Loan,True,False,0,Low,5,1,6,365-542-3693T,4510 1653T 6500 4020,DEBIT,TCAROLYN_WILLIAMS53@fake.iCloud.com,0.15,0.17,26-35,White,60k-100k,500k-1M,0-500,7
113,M,Toronto,ON,WILLIAM KENNEDY,41,True,,Asian,91397.0,True,1053254.0,0.0,True,False,5276,32405.01,746.0,Investment; Joint; Credit; Checking,4,34.0,True,3206.04,Mortgage,True,True,2,High,4,1,5,289-334-3932T,4510 1393T 8662 4674,CREDIT,TWILLIAMKENNEDY@non.mail.com,0.15,0.08,36-45,OTHER,60k-100k,1M-2M,0-500,26
38458,F,Toronto,ON,LAFLECHE STEPHANE,23,False,,Asian,57692.0,False,0.0,1173.0,True,False,1626,6899.95,479.0,Credit,10,13.51,False,21.65,,False,True,9,Medium,2,0,6,905-940-3628T,4510 1320T 0689 2807,CREDIT,TLS47949@synth.gmail.com,0.15,0.13,18-25,OTHER,30k-60k,0-200k,1k-2k,10
34705,F,Toronto,ON,MCKAY NATALIE,28,False,,White,59363.0,True,934599.0,0.0,True,False,3199,9525.76,670.0,Checking,10,0.85,False,18.5,Mortgage,True,False,0,Low,6,1,6,289-785-1072T,4512 2336T 2771 7421,CREDIT,TMN7047@rand.hotmail.com,0.15,0.36,26-35,White,30k-60k,500k-1M,0-500,5
4573,M,Toronto,ON,JOHN SMITH MD,26,False,,White,93429.0,True,1067916.0,0.0,True,False,3617,23679.2,688.0,Credit; Checking,16,16.84,False,50.75,Personal Loan,True,True,0,Medium,2,1,5,249-352-4963T,4519 9294T 5172 4701,DEBIT,TJS514827230@fake.netZero.com,0.15,0.21,18-25,White,60k-100k,1M-2M,0-500,10
21798,F,Toronto,ON,ROBILLARD LISE,27,False,,Asian,76234.0,True,1179571.0,0.0,True,False,4119,26187.17,709.0,Credit,7,10.23,False,15.96,Mortgage,True,True,0,Medium,2,3,3,807-639-7825T,4510 1623T 3520 9737,DEBIT,TROBILLARD_LISE97@rand.cogeco.ca,0.15,0.47,26-35,OTHER,60k-100k,1M-2M,0-500,63
104599,F,Vancouver,BC,CURISTON CAROLIN,45,True,,Asian,99522.0,True,1355061.0,0.0,True,False,4704,70540.14,787.0,Checking; Joint,4,93.0,True,3358.75,Mortgage,False,False,0,High,4,1,6,672-442-6969T,4510 1613T 7093 1235,DEBIT,TCC0499123@rand.aol.com,0.13,0.11,36-45,OTHER,60k-100k,1M-2M,0-500,12
95426,M,Montreal,QC,BOUCHARD ANDRE,48,True,mRcuQigL,White,74848.0,True,768331.0,0.0,True,False,4438,33316.07,737.0,Credit,30,48.0,True,2909.4,Personal Loan,True,True,1,High,5,4,1,263-328-6622T,4514 0159T 9184 0100,CREDIT,TBA33682698@rand.outlook.com,0.18,0.19,46-55,White,60k-100k,500k-1M,0-500,6
92316,F,Montreal,QC,ROCHEFORT GINETTE,46,False,,White,73888.0,True,653939.0,0.0,False,False,3269,17939.35,692.0,Credit,23,72.0,True,2149.82,Mortgage,False,False,11,High,4,3,4,579-789-1726T,4512 2384T 7351 6678,CREDIT,TRG4428670732@non.outlook.com,0.18,0.27,36-45,White,60k-100k,500k-1M,0-500,6
62431,F,Toronto,ON,WIEBE MELANIE,34,False,,White,83936.0,True,1002949.0,0.0,True,False,3046,33565.25,716.0,Checking; Investment; Credit,8,8.35,False,30.47,Auto Loan,True,False,0,Low,4,0,6,753-186-9049T,4510 1573T 9321 1587,CREDIT,TWM651043@fake.bla.com,0.15,0.05,26-35,White,60k-100k,1M-2M,0-500,37
30080,F,Toronto,ON,SMITH MARY,24,False,,Asian,64612.0,False,0.0,1083.0,True,False,1961,5722.01,512.0,Checking; Credit; Savings,4,14.41,False,20.08,,False,True,0,Medium,2,3,2,613-416-9252T,4514 0186T 7172 9684,CREDIT,TSM438511@test.proton.com,0.15,0.37,18-25,OTHER,60k-100k,0-200k,1k-2k,8
183278,F,Mississauga,ON,WOOD KRISTA,35,True,,Asian,96779.0,True,1273850.0,0.0,True,False,6381,46139.57,753.0,Credit,10,76.0,True,4101.47,Personal Loan,True,False,4,High,4,0,5,226-256-3414T,4519 9268T 2646 9074,DEBIT,TWK95779@non.hotmail.com,0.17,0.11,26-35,OTHER,60k-100k,1M-2M,0-500,8
71242,M,Toronto,ON,WILLIAMS JOHN,31,True,,Asian,74898.0,True,1138190.0,0.0,True,False,3897,10939.05,730.0,Checking,18,12.13,False,26.8,Mortgage,True,False,0,Medium,2,2,3,753-933-3035T,4519 9298T 3321 6645,DEBIT,TWILLIAMSJOHN@rand.mail.com,0.15,0.14,26-35,OTHER,60k-100k,1M-2M,0-500,19
36673,M,Toronto,ON,CLOUDSDALE BRIAN,26,False,,Black,68116.0,True,1137251.0,0.0,True,False,3976,5166.73,668.0,Credit; Checking,15,11.97,False,28.91,Mortgage,True,True,10,Medium,2,1,5,249-955-5447T,4510 1385T 0654 8481,CREDIT,TCLOUDSDALEM81@test.hotmail.com,0.15,0.51,18-25,OTHER,60k-100k,1M-2M,0-500,5
54427,F,Toronto,ON,POWNALL ANNITA,34,False,,White,56489.0,True,972742.0,0.0,True,False,2962,10049.97,680.0,Checking,15,9.24,False,20.17,Mortgage,True,True,0,Low,5,0,8,416-839-3687T,4510 1695T 7327 6343,DEBIT,TPA0881362853@synth.zoho.com,0.15,0.14,26-35,White,30k-60k,500k-1M,0-500,5
208381,M,London,ON,LAMBERT JAMES,46,False,,White,85701.0,True,748450.0,0.0,True,False,3627,68028.47,730.0,Credit; Checking; Investment,33,10.58,False,52.7,Mortgage,True,False,0,Medium,2,1,4,647-909-7682T,5415 9059T 8817 6800,CREDIT,TLJ2365@test.icloud.com,0.17,0.08,36-45,White,60k-100k,500k-1M,0-500,5
113592,F,Vancouver,BC,MACKAY SANDRA,43,False,,White,88717.0,True,1232308.0,0.0,False,False,3740,12576.0,658.0,Checking; Investment; Credit,16,46.0,True,2500.24,,False,False,0,Medium,7,3,3,250-199-5611T,4519 9266T 7671 5465,DEBIT,TMS825529171@synth.mail.com,0.13,0.46,36-45,White,60k-100k,1M-2M,0-500,5
10944,F,Toronto,ON,DEACON TANYA,49,True,hYuzcfzI,Asian,80950.0,True,1256963.0,0.0,True,False,5874,37957.95,760.0,Joint,18,120.0,True,3417.54,Mortgage,False,False,0,High,4,2,6,365-943-3781T,4510 1398T 5111 9401,CREDIT,TDT4638@test.proton.com,0.15,0.08,46-55,OTHER,60k-100k,1M-2M,0-500,11
117574,M,Vancouver,BC,HAWE ANTHONY,30,False,,Asian,131675.0,True,1097741.0,0.0,True,False,2800,26548.75,748.0,Credit,10,12.08,False,2.32,Mortgage,True,False,0,Low,5,2,4,672-847-6871T,4510 1589T 4600 5442,CREDIT,THA5170673191@rand.hotmail.com,0.13,0.1,26-35,OTHER,100k-200k,1M-2M,0-500,8
169856,F,Hamilton,ON,WILSON MELISSA,32,False,,White,77360.0,True,781926.0,0.0,True,False,3507,9106.63,693.0,Investment; Checking,4,73.0,True,2575.19,Mortgage,True,False,12,High,5,1,5,343-898-9397T,4512 2372T 7085 8594,CREDIT,TtruthfulWildfowl2WIME@rand.netZero.com,0.15,0.08,26-35,White,60k-100k,500k-1M,0-500,6
94600,F,Montreal,QC,HENRY KATIE,31,False,,White,82814.0,True,657311.0,0.0,True,False,4389,25070.9,699.0,Credit,10,11.26,False,25.65,,False,True,2,Medium,2,0,6,263-933-3235T,4510 1557T 8338 9368,CREDIT,THK5232882794@test.hotmail.com,0.18,0.12,26-35,White,60k-100k,500k-1M,0-500,28
41606,M,Toronto,ON,STAATS RICK,32,True,,Asian,112516.0,True,1159833.0,0.0,False,False,7137,16101.62,729.0,Joint,10,16.46,False,10.79,Mortgage,True,False,0,Medium,2,3,2,416-354-6533T,4519 9275T 7104 2170,DEBIT,TSR09794@test.zoho.com,0.15,0.2,26-35,OTHER,100k-200k,1M-2M,0-500,6
109585,M,Vancouver,BC,PILKINGTON DOUG,43,True,,Asian,81915.0,True,1133124.0,0.0,True,False,4677,35774.46,726.0,Joint; Checking; Investment; Credit,7,110.0,True,3171.36,Mortgage,False,False,12,High,4,3,3,778-162-9330T,5415 9072T 0409 5804,CREDIT,TPD535567@synth.neo.com,0.13,0.21,36-45,OTHER,60k-100k,1M-2M,0-500,7
68131,F,Toronto,ON,CHUNG LILY,27,False,,Asian,109828.0,True,1219460.0,0.0,False,False,3999,21554.42,724.0,Checking; Credit; Investment,10,12.74,False,2.08,Mortgage,True,False,0,Medium,2,0,7,647-533-2716T,4512 2354T 8960 3295,CREDIT,TCHUNG_LILY71@synth.mail.com,0.15,0.11,26-35,OTHER,100k-200k,1M-2M,0-500,7
28828,M,Toronto,ON,LICSKAI JOEY,45,False,,Asian,86612.0,True,1220033.0,0.0,True,False,3642,74335.5,752.0,Investment; Credit,10,14.13,False,15.42,Mortgage,True,False,11,Medium,2,2,3,416-261-4631T,4510 1573T 5715 7829,CREDIT,TLJ295764097@test.netZero.com,0.15,0.1,36-45,OTHER,60k-100k,1M-2M,0-500,40
53794,M,Toronto,ON,SALVATORE FRANK,31,False,,White,69619.0,True,975613.0,0.0,True,False,4315,20319.08,692.0,Checking; Credit,4,5.48,False,44.52,Mortgage,False,True,0,Low,6,2,4,683-316-6692T,4519 9250T 3239 3291,DEBIT,TSF75483887@rand.icloud.com,0.15,0.28,26-35,White,60k-100k,500k-1M,0-500,19
67816,M,Toronto,ON,CAMPBELL WILLIAM,38,False,,White,97501.0,True,1022855.0,0.0,True,False,4048,45926.22,752.0,Investment,19,93.0,True,2730.4,Mortgage,True,False,0,High,5,0,3,753-780-1876T,4514 0116T 7363 1498,CREDIT,TCAWIsuperiorLlama81978@test.netZero.com,0.15,0.17,36-45,White,60k-100k,1M-2M,0-500,31
103096,M,Vancouver,BC,OSIKA JULIAN,48,False,,Asian,91256.0,True,1192983.0,0.0,True,False,4327,25798.63,725.0,Credit,37,47.0,True,3277.38,Auto Loan,True,False,12,High,4,0,6,604-778-6805T,4510 1588T 0851 0681,CREDIT,TOJ4469578@synth.iCloud.com,0.13,0.1,46-55,OTHER,60k-100k,1M-2M,0-500,5
28650,M,Toronto,ON,SZABO ERNEST,41,True,,White,80126.0,True,1063770.0,0.0,True,False,4861,55261.81,759.0,Checking,4,37.0,True,2960.51,Mortgage,True,False,9,High,4,4,1,742-669-9297T,5415 9042T 0486 7411,CREDIT,TSE946791@fake.hotmail.com,0.15,0.2,36-45,White,60k-100k,1M-2M,0-500,21
82168,M,Montreal,QC,AMELOTTE GLEN,39,False,,Black,77877.0,True,589819.0,0.0,True,False,3271,11525.44,653.0,Checking,28,13.23,False,20.44,Mortgage,True,False,0,Medium,2,2,4,468-742-5049T,4514 0167T 4146 8938,CREDIT,TAG73972@rand.jumo.com,0.18,0.14,36-45,OTHER,60k-100k,500k-1M,0-500,18
9499,M,Toronto,ON,FASHING JOHN,38,False,,White,158915.0,True,1184682.0,0.0,False,False,13243,24763.39,742.0,Investment,18,90.0,True,8540.97,Auto Loan,False,False,10,High,5,6,1,905-824-4636T,4510 1566T 2965 9980,CREDIT,TFAJOecstaticWildfowl61963@rand.hotmail.com,0.15,0.12,36-45,White,100k-200k,1M-2M,0-500,9
33003,F,Toronto,ON,KINGDOM RICCI,29,True,nr2gqP5R,White,111850.23,True,1001471.0,0.0,True,False,7364,28521.58,778.0,Joint,9,11.97,False,22.39,Mortgage,False,False,0,Low,5,0,6,416-241-7612T,4510 1399T 2953 1735,CREDIT,TKINGDOM_RICCI23@fake.bla.com,0.15,0.14,26-35,White,100k-200k,1M-2M,0-500,7
107838,F,Vancouver,BC,VOLPATTI CHRISTIE,44,True,,White,80786.0,True,1441924.0,0.0,True,False,3816,74365.77,734.0,Checking,7,105.0,True,2902.6,Mortgage,True,True,0,High,4,2,3,778-386-3422T,4510 1331T 6105 5777,CREDIT,TVC513804@fake.jumo.com,0.13,0.04,36-45,White,60k-100k,1M-2M,0-500,9
2482,F,Toronto,ON,HANDFORD MONA,40,False,,White,89512.0,True,1146660.0,0.0,True,False,4046,28537.1,718.0,Checking,28,15.09,False,45.46,,True,False,11,Medium,2,0,6,647-372-4655T,4510 1347T 8630 0967,CREDIT,THM4447987780@non.att.net,0.15,0.05,36-45,White,60k-100k,1M-2M,0-500,42
77276,M,Montreal,QC,BELIVEAU FERNAND,39,True,,White,70253.0,True,569946.0,0.0,True,False,4335,642.73,645.0,Credit,23,71.0,True,2751.92,Mortgage,True,False,0,High,4,1,4,367-170-3466T,4519 9269T 9010 3782,DEBIT,TBF88594930@rand.zoho.com,0.18,0.06,36-45,White,60k-100k,500k-1M,0-500,10
116562,F,Vancouver,BC,DEACON VALERIE,34,False,,White,79933.0,True,1045838.0,0.0,True,False,2783,27167.97,707.0,Investment,18,10.87,False,28.92,Mortgage,True,False,0,Medium,2,1,5,672-551-9025T,4510 1694T 6728 3943,DEBIT,TDV0701636079@rand.neo.com,0.13,0.08,26-35,White,60k-100k,1M-2M,0-500,7
20919,F,Toronto,ON,YOUNG ROSE,46,False,,White,95978.0,True,1192521.0,0.0,True,False,4957,99366.06,776.0,Investment; Checking,34,10.68,False,42.44,Mortgage,True,False,2,Medium,2,0,7,289-826-9962T,4510 1670T 6821 3575,DEBIT,TYR5090922103@rand.gmail.com,0.15,0.05,36-45,White,60k-100k,1M-2M,0-500,42
52838,M,Toronto,ON,JOSHUA BLAKE,31,False,,White,91233.0,True,1287822.0,0.0,False,False,4421,20112.56,689.0,Investment,7,88.0,True,2666.97,Mortgage,False,False,0,High,4,0,6,289-690-7751T,4510 1677T 0436 9086,DEBIT,TJB61726@fake.bla.com,0.15,0.06,26-35,White,60k-100k,1M-2M,0-500,8
184816,F,Brampton,ON,RACHEL DUKE,27,False,,Asian,86821.0,True,1369425.0,0.0,True,False,2864,16221.65,728.0,Credit; Checking; Investment,11,99.0,True,1748.3,Mortgage,True,False,0,High,3,2,4,613-130-2297T,4510 1369T 6029 5648,CREDIT,TRACHEL_DUKE12@synth.outlook.com,0.17,0.08,26-35,OTHER,60k-100k,1M-2M,0-500,6
54003,M,Toronto,ON,LLOYD WILLIAM,40,False,,Asian,89616.0,True,1209153.0,0.0,True,False,4324,55751.38,726.0,Credit,4,15.13,False,25.12,Mortgage,False,False,12,Low,6,0,4,807-977-7513T,4510 1377T 7505 1749,CREDIT,TLW19334@test.live.com,0.15,0.17,36-45,OTHER,60k-100k,1M-2M,0-500,40
35868,M,Toronto,ON,GIBSON PETER,25,False,,White,72307.0,True,1081176.0,0.0,True,False,1869,22771.34,701.0,Checking,7,15.76,False,9.97,Mortgage,True,False,3,Medium,2,2,2,753-974-8184T,4510 1397T 2538 2119,CREDIT,TGIBSONM99@rand.cogeco.ca,0.15,0.12,18-25,White,60k-100k,1M-2M,0-500,10
62251,F,Toronto,ON,JAMES KAREN,41,False,,Asian,78094.0,True,1038523.0,0.0,True,False,4218,55836.25,741.0,Investment; Credit,1,65.0,True,2374.56,Mortgage,False,False,2,High,5,3,1,905-805-3870T,4514 0163T 4819 1586,CREDIT,TcrummyTermite8JAKA@fake.zoho.com,0.15,0.1,36-45,OTHER,60k-100k,1M-2M,0-500,69
51601,M,Toronto,ON,CASLICK STEPHEN,35,False,,Asian,82344.0,True,1174986.0,0.0,True,False,3908,25781.12,724.0,Checking,6,14.42,False,24.31,Mortgage,True,True,0,Low,6,2,4,705-135-6934T,5415 9094T 3152 3037,CREDIT,TCS90986934@fake.bla.com,0.15,0.27,26-35,OTHER,60k-100k,1M-2M,0-500,39
111338,F,Vancouver,BC,BELL LOUISE,38,False,,Asian,99727.0,True,1430010.0,0.0,True,False,5792,44427.41,729.0,Credit,12,11.94,False,68.28,Mortgage,True,False,0,Medium,2,3,3,778-171-5809T,4510 1647T 7698 5025,DEBIT,TBL97995@fake.mail.com,0.13,0.35,36-45,OTHER,60k-100k,1M-2M,0-500,17
88754,F,Montreal,QC,MELINDA MEYER,24,False,,Black,42734.0,False,0.0,727.0,True,False,1651,7429.34,459.0,Checking,14,80.0,True,884.07,Student Loan,False,False,0,High,3,2,4,579-981-1766T,4510 1529T 0253 1680,CREDIT,TMELINDAsolidGelding713@test.comcast.net,0.18,0.08,18-25,OTHER,30k-60k,0-200k,500-1k,7
139526,F,Edmonton,AB,JACOB CAMILLE,28,False,,White,98004.0,True,444093.0,0.0,True,False,2904,29229.67,689.0,Credit,15,50.0,True,1803.67,Mortgage,False,True,0,Medium,7,2,4,403-487-2452T,4510 1614T 9462 6095,DEBIT,TJACOBF35@rand.iCloud.com,0.16,0.25,26-35,White,60k-100k,200k-500k,0-500,6
39859,M,Toronto,ON,PAGE DAVID,35,False,,White,98199.0,True,537514.0,0.0,True,False,2941,16542.2,674.0,Credit,4,8.22,False,9.87,Mortgage,True,True,0,Low,5,1,5,437-680-3829T,5415 9011T 6238 1407,CREDIT,TPD5416156522@synth.zoho.com,0.15,0.14,26-35,White,60k-100k,500k-1M,0-500,19
235608,M,St. Catharines,ON,RITA WILLIAMS,38,False,,White,85522.0,True,802640.0,0.0,True,False,4146,41274.2,740.0,Checking; Credit; Investment,17,3.44,False,20.12,Personal Loan,True,False,3,Low,4,0,6,365-262-3599T,4510 1544T 1069 0145,CREDIT,TRW692559837@synth.gmail.com,0.13,0.17,36-45,White,60k-100k,500k-1M,0-500,7
4903,F,Toronto,ON,LONG MARY,46,False,,Asian,86262.0,True,1187531.0,0.0,True,False,4545,74121.74,753.0,Investment,26,75.0,True,3442.87,Auto Loan,True,False,8,High,4,3,4,365-598-3076T,5415 9020T 7812 4989,CREDIT,TeagerCardinal1LOMA@non.neo.com,0.15,0.26,36-45,OTHER,60k-100k,1M-2M,0-500,69
24291,M,Toronto,ON,SAMANTHA WEST,28,True,,White,100224.0,True,1077685.0,0.0,True,False,4610,26129.66,744.0,Credit,11,17.13,False,18.31,Mortgage,True,False,5,Medium,2,6,1,647-989-7656T,4512 2378T 2564 6068,CREDIT,TSW0303532@fake.netZero.com,0.15,0.31,26-35,White,100k-200k,1M-2M,0-500,6
11530,M,Toronto,ON,SEAN MEDINA,44,False,,Black,103199.0,True,1261900.0,0.0,False,False,8600,60759.98,727.0,Investment,3,67.0,True,4742.9,Mortgage,True,True,0,High,4,6,1,742-988-7666T,4510 1622T 0727 6210,DEBIT,TSM4419@fake.jumo.com,0.15,0.52,36-45,OTHER,100k-200k,1M-2M,0-500,7
58978,M,Toronto,ON,CAMERON FERNAND,48,True,,White,92201.0,True,1217617.0,0.0,True,False,5880,20981.78,783.0,Checking,4,14.72,False,45.55,Mortgage,True,False,0,Medium,2,2,3,437-103-3266T,4510 1615T 0104 7813,DEBIT,TCF2385846770@fake.outlook.com,0.15,0.06,46-55,White,60k-100k,1M-2M,0-500,9
67795,F,Toronto,ON,EDWARDS KATHLEEN,26,False,,White,65494.0,True,847590.0,0.0,True,False,3094,23318.53,654.0,Checking; Credit,16,6.52,False,11.66,Mortgage,True,False,5,Low,4,0,7,613-332-2233T,4510 1368T 8837 4897,CREDIT,TEDWARDS_KATHLEEN71@rand.comcast.net,0.15,0.12,18-25,White,60k-100k,500k-1M,0-500,6
92592,M,Montreal,QC,LESIEUR PIERRE,41,False,,Asian,82786.0,True,608969.0,0.0,False,False,4484,9771.61,665.0,Checking,29,113.0,True,2899.8,Mortgage,True,False,10,High,4,4,3,418-644-9668T,5415 9020T 2231 2777,CREDIT,TLESIEURPIERRE@synth.icloud.com,0.18,0.36,36-45,OTHER,60k-100k,500k-1M,0-500,5
217076,F,Markham,ON,BUDGE ELAINE,30,True,,Asian,69270.0,True,1323214.0,0.0,True,False,4288,6255.14,693.0,Credit,14,7.05,False,13.29,Mortgage,False,True,0,Low,4,0,7,905-499-8524T,4510 1661T 2797 4769,DEBIT,TBE4530@fake.yahoo.com,0.12,0.17,26-35,OTHER,60k-100k,1M-2M,0-500,5
84315,F,Montreal,QC,THEBERGE HELENE,31,False,,White,80542.0,True,629407.0,0.0,True,False,3708,43675.33,714.0,Checking,4,11.91,False,24.77,Personal Loan,True,False,0,Medium,2,1,6,263-118-9434T,4512 2334T 3136 5854,CREDIT,TTH53377311@rand.outlook.com,0.18,0.1,26-35,White,60k-100k,500k-1M,0-500,28
199897,F,Kitchener,ON,MILLER JEN,27,False,,White,71858.0,True,760428.0,0.0,True,False,3591,37020.09,710.0,Checking,15,99.0,True,2391.43,Mortgage,True,True,9,High,4,3,4,343-528-5291T,5415 9025T 6689 8965,CREDIT,TMILLER_JEN24@synth.neo.com,0.15,0.53,26-35,White,60k-100k,500k-1M,0-500,7
42967,F,Toronto,ON,MARRONE LAURIE,39,False,,White,88629.0,True,1048998.0,0.0,True,True,5183,38355.57,850.0,Investment,23,117.0,True,3612.78,Mortgage,True,True,4,High,5,0,7,519-967-7265T,4510 1580T 4055 8742,CREDIT,TML632560@fake.yahoo.com,0.15,0.09,36-45,White,60k-100k,1M-2M,0-500,5
38202,M,Toronto,ON,DORION MARK,39,False,,White,94534.0,True,956082.0,0.0,True,False,4564,20375.06,710.0,Checking,17,22.13,False,55.22,Personal Loan,True,False,8,Low,5,3,1,742-936-4954T,5415 9011T 6160 7014,CREDIT,TDM89158132@synth.mail.com,0.15,0.38,36-45,White,60k-100k,500k-1M,0-500,7
10538,M,Toronto,ON,GOLD DAVID,23,False,,Black,84152.0,False,0.0,1078.0,True,True,2487,12938.19,656.0,Credit,15,20.45,False,15.73,Student Loan,False,False,0,Medium,2,1,4,416-414-8193T,4510 1636T 3787 9078,DEBIT,TGOLD_DAVID48@non.zoho.com,0.15,0.11,18-25,OTHER,60k-100k,0-200k,1k-2k,6
26236,M,Toronto,ON,STRINGER ROBERT,34,False,,White,75724.0,True,1063196.0,0.0,True,False,3131,26917.04,677.0,Checking,18,8.31,False,9.46,Mortgage,True,True,0,Low,6,2,3,807-137-9663T,5415 9079T 7143 9641,CREDIT,TSTROsomberMuesli11955@non.hotmail.com,0.15,0.36,26-35,White,60k-100k,1M-2M,0-500,23
6862,F,Toronto,ON,BRENDA SMITH,37,True,,Asian,76316.0,True,1125546.0,0.0,True,False,3826,25091.15,701.0,Checking,20,70.0,True,2771.77,Mortgage,True,True,1,High,4,0,4,519-807-1090T,4510 1551T 6525 1188,CREDIT,TBS60195519@non.outlook.com,0.15,0.04,36-45,OTHER,60k-100k,1M-2M,0-500,36
24419,M,Toronto,ON,ARSENAULT BRUCE,46,False,,Asian,110066.0,True,1567514.0,0.0,True,False,9172,27148.85,762.0,Credit,29,44.0,True,6159.39,Mortgage,False,True,0,High,4,4,1,289-566-1856T,4519 9215T 2699 4949,DEBIT,TARSENAULTBRUCE@rand.icloud.com,0.15,0.3,36-45,OTHER,100k-200k,1M-2M,0-500,29
31027,F,Toronto,ON,JOHNSON DONNA,30,True,,Asian,69623.0,True,1078807.0,0.0,True,False,2954,22649.46,699.0,Joint,18,4.91,False,26.69,Mortgage,True,False,1,Low,5,0,7,705-502-9282T,4510 1554T 3768 9949,CREDIT,TJD404941496@rand.zoho.com,0.15,0.11,26-35,OTHER,60k-100k,1M-2M,0-500,11
96280,F,Montreal,QC,BIBEAU JULIE,34,False,,Black,76813.0,True,671230.0,0.0,True,False,3449,35811.6,674.0,Credit; Checking,7,7.22,False,16.43,Mortgage,False,False,7,Low,6,3,2,819-792-8699T,4514 0171T 5806 7479,CREDIT,TcruelLion8BIJU@test.outlook.com,0.18,0.73,26-35,OTHER,60k-100k,500k-1M,0-500,21
59889,F,Toronto,ON,FLOREA VALERIA,28,False,,White,81763.0,True,1154408.0,0.0,True,False,4252,30305.31,714.0,Investment,10,66.0,True,2293.33,Personal Loan,True,False,0,High,3,0,5,343-557-5497T,4510 1539T 1839 3427,CREDIT,TFV6854557104@synth.aol.com,0.15,0.16,26-35,White,60k-100k,1M-2M,0-500,37
71458,F,Toronto,ON,MACINTOSH JANICE,32,False,,Black,68907.0,True,856727.0,0.0,True,False,3076,15128.59,685.0,Credit; Checking,9,5.58,False,25.94,Mortgage,True,True,0,Low,4,0,8,647-734-6889T,4514 0130T 7108 6129,CREDIT,TMJ28061208@synth.neo.com,0.15,0.1,26-35,OTHER,60k-100k,500k-1M,0-500,22
74912,F,Montreal,QC,DUFOUR KARINE,38,True,,Latino,60962.0,True,570032.0,0.0,True,False,3863,23068.0,685.0,Joint; Credit; Checking,15,12.16,False,62.72,Mortgage,False,False,0,Low,5,0,7,514-243-4094T,4510 1656T 2714 8727,DEBIT,TDK3914363737@fake.zoho.com,0.18,0.1,36-45,OTHER,60k-100k,500k-1M,0-500,5
53353,M,Toronto,ON,GOURLEY CAMERON,37,False,,White,97015.0,True,1282911.0,0.0,False,False,3874,42600.83,734.0,Credit,17,16.97,False,30.81,,True,False,0,Medium,2,2,3,613-257-9367T,4510 1348T 4142 9541,CREDIT,TGC783323114@non.yahoo.com,0.15,0.13,36-45,White,60k-100k,1M-2M,0-500,7
170358,F,Hamilton,ON,FOSTER LEONA,46,True,,White,79150.0,True,902571.0,0.0,True,False,4299,36611.22,786.0,Checking,13,12.64,False,27.25,Mortgage,True,False,0,Medium,2,3,4,365-385-9925T,4512 2377T 6140 9800,CREDIT,TFL99631457@non.mail.com,0.15,0.21,36-45,White,60k-100k,500k-1M,0-500,7
86348,F,Montreal,QC,ST-LOUIS GEORGETTE,42,False,,White,56872.0,True,591854.0,0.0,True,False,2769,11497.53,618.0,Checking,16,80.0,True,1702.24,Mortgage,True,False,0,High,3,1,4,450-738-5856T,4512 2389T 1966 2719,CREDIT,TSG6766@synth.zoho.com,0.18,0.16,36-45,White,30k-60k,500k-1M,0-500,8
17803,F,Toronto,ON,TOLTON SARA,36,False,,White,73501.0,True,1080879.0,0.0,True,False,3167,69440.07,727.0,Credit,18,94.0,True,1939.99,Mortgage,True,False,0,High,4,0,5,613-964-9591T,5415 9062T 4883 3163,CREDIT,TTS27318@fake.neo.com,0.15,0.04,26-35,White,60k-100k,1M-2M,0-500,37
77489,F,Montreal,QC,FORTIN JULIE,31,True,,Others,75737.0,True,589874.0,0.0,True,False,4796,46653.38,708.0,Investment,4,115.0,True,2745.95,Mortgage,False,False,4,High,4,1,7,819-788-5039T,4514 0116T 1264 2274,CREDIT,TFJ7383668@synth.hotmail.com,0.18,0.15,26-35,OTHER,60k-100k,500k-1M,0-500,7
33267,F,Toronto,ON,LEIS DELORES,33,False,,Black,77727.0,True,1178444.0,0.0,True,False,3277,28522.12,678.0,Credit; Checking,4,10.15,False,22.03,Mortgage,True,False,1,Low,6,3,3,416-752-1870T,4510 1365T 3136 3977,CREDIT,TspiritedChile4LEDE@synth.att.net,0.15,0.72,26-35,OTHER,60k-100k,1M-2M,0-500,63
102416,F,Montreal,QC,GAUTHIER JOHANNE,33,False,,Latino,73228.0,True,579819.0,0.0,True,False,3875,14732.92,637.0,Checking; Investment,4,9.54,False,2.0,Mortgage,False,False,0,Low,6,0,6,514-467-1730T,5415 9048T 7364 3392,CREDIT,TGJ51859052@fake.neo.com,0.18,0.21,26-35,OTHER,60k-100k,500k-1M,0-500,21
199073,M,Kitchener,ON,BURNS ROBT,41,False,,White,95595.0,True,970057.0,0.0,True,False,4684,42685.54,716.0,Checking; Credit; Investment,29,14.86,False,54.34,Mortgage,True,True,0,Medium,2,2,3,437-672-5846T,4510 1360T 6042 0783,CREDIT,TBR897003@test.yahoo.com,0.15,0.09,36-45,White,60k-100k,500k-1M,0-500,8
100406,M,Montreal,QC,MORISSETTE RAYMOND,40,False,,White,91537.0,True,632228.0,0.0,True,False,4541,25631.37,705.0,Investment,28,12.39,False,41.19,Mortgage,True,False,2,Medium,2,0,6,873-533-2280T,4510 1542T 4569 5217,CREDIT,TMR41811929@rand.bla.com,0.18,0.07,36-45,White,60k-100k,500k-1M,0-500,28
52053,M,Toronto,ON,YOLANDA GILMORE,21,False,,White,9699.0,False,0.0,864.0,False,False,1102,3644.62,404.0,Checking; Savings,5,12.54,False,17.81,,False,True,9,Medium,2,4,1,226-827-9363T,4519 9228T 2739 2209,DEBIT,TYOLANDA_GILMORE59@synth.jumo.com,0.15,0.52,18-25,White,0-30k,0-200k,500-1k,9
13164,M,Toronto,ON,WEBLEY KARL,28,False,,White,93962.0,True,1115750.0,0.0,True,False,3267,39924.16,717.0,Checking,17,62.0,True,2551.64,Mortgage,True,False,0,High,4,1,3,226-612-9046T,5415 9096T 1885 8797,CREDIT,TWEBLEY_KARL52@non.live.com,0.15,0.13,26-35,White,60k-100k,1M-2M,0-500,23
172935,F,Hamilton,ON,TRPKOVSKA MARE,39,False,,White,74385.0,True,864134.0,0.0,True,False,4019,27126.78,687.0,Checking,29,40.0,True,2521.76,,True,False,0,High,3,1,5,249-791-2954T,5415 9020T 4380 8772,CREDIT,TTM13767051@rand.iCloud.com,0.15,0.14,36-45,White,60k-100k,500k-1M,0-500,8
60351,F,Toronto,ON,LAU NANNY,45,False,,Asian,77524.0,True,1150826.0,0.0,False,False,3839,63972.12,717.0,Investment,30,11.0,False,29.55,Personal Loan,False,False,4,Medium,2,2,5,807-237-9291T,4514 0179T 4858 3023,CREDIT,TLN97728857@rand.aol.com,0.15,0.09,36-45,OTHER,60k-100k,1M-2M,0-500,23
13169,M,Toronto,ON,GEORGE QUINN,41,False,,Asian,70255.0,True,1070278.0,0.0,False,False,3061,72313.0,713.0,Credit,10,88.0,True,1865.21,Mortgage,True,False,0,High,4,5,2,249-498-8494T,4510 1511T 0470 0312,CREDIT,TGQ251554@non.mail.com,0.15,0.15,36-45,OTHER,60k-100k,1M-2M,0-500,7
35423,M,Toronto,ON,TOMPKINS SHAUN,48,True,8DbajFTz,Asian,107664.93,True,1207744.0,0.0,True,False,7640,30720.27,767.0,Investment; Credit,4,13.26,False,37.13,Mortgage,False,False,9,Medium,2,0,5,519-484-3540T,4510 1356T 8105 8616,CREDIT,TTS9918@rand.aol.com,0.15,0.07,46-55,OTHER,100k-200k,1M-2M,0-500,10
146475,F,Ottawa,ON,CORDOVADO LORIS,46,False,,White,109296.0,True,929495.0,0.0,True,False,9108,24359.78,726.0,Credit; Checking,13,113.0,True,4917.6,Mortgage,False,False,3,High,4,2,4,807-894-3836T,4510 1543T 5306 0757,CREDIT,TCL356424581@non.neo.com,0.14,0.06,36-45,White,100k-200k,500k-1M,0-500,9
39542,F,Toronto,ON,SMEETON HEATHER,27,False,,Others,98529.0,True,1267154.0,0.0,True,False,4351,17727.05,728.0,Credit,18,68.0,True,2267.41,Mortgage,True,False,0,High,4,1,6,416-814-9332T,5415 9042T 4661 7425,CREDIT,TSH9446559@non.zoho.com,0.15,0.09,26-35,OTHER,60k-100k,1M-2M,0-500,63
121638,F,Vancouver,BC,REITAN JENNY,42,True,RS2bgqZF,Asian,82952.0,True,1220419.0,0.0,True,False,4687,27606.79,713.0,Joint,18,11.93,False,31.56,Mortgage,True,False,9,Medium,2,0,7,250-727-9301T,4512 2375T 2750 4993,CREDIT,TRJ608078867@non.aol.com,0.13,0.15,36-45,OTHER,60k-100k,1M-2M,0-500,12
114452,F,Vancouver,BC,KIRKOSKI GAIL,32,False,,White,94598.0,True,1003635.0,0.0,True,False,3013,35100.44,709.0,Investment; Checking; Credit,16,9.07,False,31.56,Mortgage,True,False,12,Low,6,1,5,778-290-4364T,4510 1525T 8029 8991,CREDIT,TKG43508@rand.yahoo.com,0.13,0.28,26-35,White,60k-100k,1M-2M,0-500,7
210401,F,London,ON,KILPATRICK CHRISTINE,43,False,,White,84621.0,True,652633.0,0.0,True,False,3874,11805.6,669.0,Credit,4,110.0,True,3069.66,Mortgage,False,False,0,High,3,1,4,548-564-1748T,4512 2340T 7107 9293,CREDIT,TKC26182969@synth.jumo.com,0.17,0.14,36-45,White,60k-100k,500k-1M,0-500,8
26095,M,Toronto,ON,BECHTEL JIM,41,True,,White,101109.0,True,1274366.0,0.0,True,False,8426,21167.24,752.0,Joint; Investment; Credit; Checking,5,12.44,False,48.94,Mortgage,True,False,0,Medium,2,1,3,647-386-9910T,5415 9019T 0380 3042,CREDIT,TBJ0767987@test.gmail.com,0.15,0.09,36-45,White,100k-200k,1M-2M,0-500,16
13641,M,Toronto,ON,WAIN KHALID,20,False,,White,9307.0,False,0.0,992.0,False,False,814,6844.48,413.0,Checking,4,5.49,False,19.01,,False,False,0,Medium,2,1,5,742-859-7931T,4514 0152T 3278 8026,CREDIT,TWAIN_KHALID4@fake.att.net,0.15,0.07,18-25,White,0-30k,0-200k,500-1k,9
48653,M,Toronto,ON,PROVOST DAVID,33,False,,Asian,79049.0,True,1207463.0,0.0,True,False,3475,9021.82,688.0,Credit,20,63.0,True,2611.72,Mortgage,True,True,0,High,5,1,6,683-943-2345T,5415 9047T 0660 8332,CREDIT,TPD89809@rand.att.net,0.15,0.09,26-35,OTHER,60k-100k,1M-2M,0-500,39
40772,F,Toronto,ON,DOBBIE JUDITH,37,False,,Asian,74559.0,True,1187788.0,0.0,False,False,3306,54000.7,716.0,Checking,4,15.75,False,44.57,Personal Loan,True,False,0,Medium,2,2,5,249-667-3090T,5415 9035T 0420 5561,CREDIT,TbrainyWidgeon9DOJU@fake.jumo.com,0.15,0.09,36-45,OTHER,60k-100k,1M-2M,0-500,23
154445,F,Ottawa,ON,BUTT NICOLE,20,False,,Asian,17484.0,False,0.0,813.0,False,False,1153,6189.43,428.0,Checking; Savings,7,111.0,True,671.72,,False,False,2,High,4,4,2,753-221-6628T,4514 0183T 5128 7214,CREDIT,TBN9194@rand.netZero.com,0.14,0.13,18-25,OTHER,0-30k,0-200k,500-1k,5
404,F,Toronto,ON,VANDERBY GRETA,45,True,,White,92808.0,True,1392270.0,0.0,True,False,4409,114777.15,773.0,Joint; Investment; Checking; Credit,4,120.0,True,2545.42,Personal Loan,False,False,0,High,5,3,4,365-359-9255T,4512 2324T 1163 4824,CREDIT,TVG797602589@rand.netZero.com,0.15,0.05,36-45,White,60k-100k,1M-2M,0-500,25
32839,M,Toronto,ON,STRUTT HOWARD,36,False,,Asian,88071.0,True,1112961.0,0.0,True,False,4947,13265.54,685.0,Investment,18,18.57,False,32.76,Mortgage,True,False,0,Medium,2,0,6,437-898-6200T,5415 9018T 5062 3481,CREDIT,TSH4857@synth.netZero.com,0.15,0.08,26-35,OTHER,60k-100k,1M-2M,0-500,39
77670,M,Montreal,QC,LAPOINTE ROGER,40,True,,Asian,66764.0,True,615658.0,0.0,True,False,5415,5312.28,678.0,Joint; Checking,9,12.25,False,47.38,Mortgage,True,False,11,Low,6,4,3,263-482-6097T,4514 0174T 9778 8178,CREDIT,TLR198679087@test.neo.com,0.18,0.61,36-45,OTHER,60k-100k,500k-1M,0-500,17
100370,F,Montreal,QC,GAUDREAULT GEORGETTE,35,False,,Black,82601.0,True,604053.0,0.0,True,False,3552,56024.1,716.0,Investment,16,46.0,True,1939.76,Mortgage,True,False,0,High,4,0,4,514-659-7166T,4510 1560T 2556 7244,CREDIT,TGG18669763@test.zoho.com,0.18,0.1,26-35,OTHER,60k-100k,500k-1M,0-500,21
95432,M,Montreal,QC,BOUBLIL GEORGES,22,False,,White,32726.0,False,0.0,575.0,False,False,2067,8434.62,423.0,Savings,18,9.33,False,2.62,,False,False,0,Low,6,0,4,468-740-1375T,5415 9018T 8340 7320,CREDIT,TBOUBLIL_GEORGES11@test.zoho.com,0.18,0.16,18-25,White,30k-60k,0-200k,500-1k,8
3017,M,Toronto,ON,LOPES SERGIO,40,True,,White,75327.0,True,1354685.0,0.0,True,False,5293,13058.44,698.0,Investment; Joint; Checking; Credit,21,16.65,False,75.33,Mortgage,True,False,2,Medium,2,3,2,343-777-4699T,4510 1555T 9080 6535,CREDIT,TLS15569@non.att.net,0.15,0.41,36-45,White,60k-100k,1M-2M,0-500,21
21733,F,Toronto,ON,STAPPER INGRID,47,False,,Asian,76269.0,True,1227143.0,0.0,True,False,3192,79295.88,734.0,Investment,19,119.0,True,1993.07,Mortgage,True,False,0,High,3,0,6,437-123-5104T,5415 9062T 1167 5960,CREDIT,TSI9430@non.proton.com,0.15,0.12,46-55,OTHER,60k-100k,1M-2M,0-500,23
17308,M,Toronto,ON,LAVIOLETTE ANDRE,46,False,,White,110419.0,True,1124028.0,0.0,False,False,8445,28613.9,757.0,Investment,5,65.0,True,5535.54,Mortgage,True,True,4,High,4,3,2,249-818-5494T,4510 1372T 0316 6316,CREDIT,TLAANmurkyLion91985@synth.proton.com,0.15,0.3,36-45,White,100k-200k,1M-2M,0-500,9
16092,F,Toronto,ON,COTE JOANNE,28,False,,White,64381.0,True,1019324.0,0.0,True,False,3220,23797.21,682.0,Checking; Credit,9,10.62,False,15.95,Personal Loan,False,False,2,Medium,2,0,6,289-751-3809T,4510 1561T 1079 9619,CREDIT,TCOTE_JOANNE35@non.comcast.net,0.15,0.1,26-35,White,60k-100k,1M-2M,0-500,37
76623,M,Montreal,QC,FOURNIER ARSENAULT,38,True,IRLVLgpT,Latino,84303.58,True,623420.0,0.0,True,False,5288,31445.76,731.0,Joint; Checking; Investment; Credit,20,21.96,False,39.76,Personal Loan,True,False,7,Low,6,0,4,263-371-8682T,4510 1677T 2395 7492,DEBIT,TFA74165204@non.aol.com,0.18,0.31,36-45,OTHER,60k-100k,500k-1M,0-500,17
113762,F,Vancouver,BC,THOMAS MCDONALD,28,False,,Asian,68974.0,True,1354569.0,0.0,True,False,3327,10545.0,698.0,Credit,11,35.0,True,2657.21,Mortgage,True,False,0,High,3,1,6,604-832-1829T,5415 9052T 0968 9138,CREDIT,TTHOMAS_MCDONALD98@non.netZero.com,0.13,0.23,26-35,OTHER,60k-100k,1M-2M,0-500,16
29438,M,Toronto,ON,DOE MICHAEL,24,False,,White,85699.0,False,0.0,1266.0,True,False,2484,13355.79,507.0,Checking; Savings; Credit; Investment,11,109.0,True,1802.21,,False,False,0,High,4,4,1,742-842-1414T,4512 2381T 1767 5210,CREDIT,TDOEgleefulMandrill911@non.icloud.com,0.15,0.05,18-25,White,60k-100k,0-200k,1k-2k,10
47173,F,Toronto,ON,HASTINGS JENNIFER,41,False,,Black,91144.0,True,1017584.0,0.0,False,False,5833,30616.71,689.0,Investment,11,88.0,True,4338.11,Mortgage,False,False,0,High,4,1,4,705-397-8288T,4519 9226T 1656 2173,DEBIT,THJ28475535@synth.yahoo.com,0.15,0.11,36-45,OTHER,60k-100k,1M-2M,0-500,23
217145,F,Markham,ON,DELVECCHIO SANDRA,27,True,ZmJXCz42,Asian,79812.88,True,1201218.0,0.0,True,False,3474,15877.06,718.0,Credit,12,60.0,True,2776.98,Mortgage,True,False,2,High,5,1,7,548-684-7010T,4510 1692T 5708 3508,DEBIT,TDELVECCHIO_SANDRA40@synth.live.com,0.12,0.13,26-35,OTHER,60k-100k,1M-2M,0-500,5
67138,F,Toronto,ON,BOOTH LOUELLA,38,True,,Asian,90419.0,True,530407.0,0.0,True,False,5322,18756.5,706.0,Investment,11,15.07,False,69.57,Mortgage,True,False,0,Medium,2,0,5,519-733-6627T,4510 1626T 8127 3838,DEBIT,TBL8820@non.proton.com,0.15,0.14,36-45,OTHER,60k-100k,500k-1M,0-500,8
9228,F,Toronto,ON,HUARD HEATHER,42,True,,Asian,86411.0,True,1288462.0,0.0,False,False,4802,32234.23,708.0,Investment,27,24.39,False,61.01,Mortgage,False,True,0,Medium,2,2,4,613-719-7189T,4510 1386T 1397 3831,CREDIT,THH15080@synth.icloud.com,0.15,0.09,36-45,OTHER,60k-100k,1M-2M,0-500,6
63257,F,Toronto,ON,GINA ALEXANDER,40,False,,White,93602.0,True,1240972.0,0.0,True,False,4809,17754.21,725.0,Credit; Investment,12,13.92,False,61.52,Mortgage,True,False,0,Medium,2,1,6,343-386-1222T,4512 2315T 8489 5407,CREDIT,TGA5479@rand.neo.com,0.15,0.09,36-45,White,60k-100k,1M-2M,0-500,42
54822,F,Toronto,ON,ROSE AMY,41,False,,White,86239.0,True,1363373.0,0.0,True,False,3760,34865.46,730.0,Credit,4,16.39,False,73.52,Mortgage,True,True,3,Medium,2,1,4,683-303-6328T,4514 0162T 5203 6261,CREDIT,TfondThrush8ROAM@fake.icloud.com,0.15,0.11,36-45,White,60k-100k,1M-2M,0-500,42
20424,M,Toronto,ON,DASILVA JERRY,21,False,,Asian,6787.0,False,0.0,902.0,False,False,1085,8876.31,436.0,Checking,4,9.23,False,12.59,,False,True,0,Low,5,0,6,905-925-2944T,4510 1525T 8116 7572,CREDIT,TDASILVApleasedWigeon788@rand.hotmail.com,0.15,0.08,18-25,OTHER,0-30k,0-200k,500-1k,11
34810,M,Toronto,ON,JON NAVARRO,22,False,,Asian,19172.0,False,0.0,1188.0,False,False,1178,6285.4,407.0,Savings; Checking,4,0.47,False,13.59,,False,False,0,Medium,2,3,2,905-996-1904T,4510 1583T 1288 9847,CREDIT,TJON_NAVARRO73@non.hotmail.com,0.15,0.41,18-25,OTHER,0-30k,0-200k,1k-2k,6
10818,F,Toronto,ON,CHAMPAGNE LOUISE,32,False,,Asian,62335.0,True,855443.0,0.0,True,False,3350,14452.82,661.0,Credit,16,7.63,False,31.73,Mortgage,True,True,7,Low,5,0,6,437-250-4284T,4510 1529T 8680 1657,CREDIT,TCL9084342208@fake.gmail.com,0.15,0.24,26-35,OTHER,60k-100k,500k-1M,0-500,22
291,F,Toronto,ON,SEDLACEK ROBBINS,38,True,PVRwZt0H,Asian,82625.45,True,1172283.0,0.0,True,False,5769,55176.36,731.0,Investment,20,16.47,False,34.67,Mortgage,False,False,0,High,1,4,1,249-370-4587T,5415 9012T 8917 4830,CREDIT,TSR8564484@test.cogeco.ca,0.15,0.05,36-45,OTHER,60k-100k,1M-2M,0-500,36
87060,M,Montreal,QC,LAVERGNE RONALD,42,False,,White,94620.0,True,583074.0,0.0,True,False,4456,31455.7,704.0,Credit,21,20.78,False,77.72,Mortgage,True,False,0,Medium,2,0,5,263-276-3892T,4514 0161T 6165 2357,CREDIT,TLR5995@rand.yahoo.com,0.18,0.09,36-45,White,60k-100k,500k-1M,0-500,28
91706,M,Montreal,QC,GILLIS YVES,45,True,,Black,92815.0,True,651265.0,0.0,True,False,4031,88658.18,770.0,Investment,8,18.8,False,65.63,Mortgage,True,False,1,Low,6,3,2,514-748-2830T,4510 1544T 8481 2020,CREDIT,TGILLISYVES@rand.gmail.com,0.18,0.5,36-45,OTHER,60k-100k,500k-1M,0-500,17
72003,F,Toronto,ON,DANIELLE MUNOZ,45,False,,Asian,80956.0,True,1003999.0,0.0,True,False,3851,59173.22,714.0,Checking,8,9.27,False,29.5,Mortgage,False,True,5,Low,4,0,7,437-670-2973T,4519 9243T 1224 4863,DEBIT,TspiritedCake8DAMU@fake.iCloud.com,0.15,0.07,36-45,OTHER,60k-100k,1M-2M,0-500,69
120907,F,Vancouver,BC,BLACK KRISTIE,32,False,,White,91033.0,True,1347784.0,0.0,True,False,3919,30420.39,723.0,Credit,16,61.0,True,1970.72,Mortgage,True,True,0,High,4,4,4,236-728-3503T,4510 1639T 4344 3518,DEBIT,TBK30251@test.icloud.com,0.13,0.46,26-35,White,60k-100k,1M-2M,0-500,7
141385,M,Edmonton,AB,FOSTER ADAM,31,False,,White,85487.0,True,442362.0,0.0,True,False,3637,37924.72,681.0,Checking,9,7.77,False,31.1,Mortgage,True,False,9,Low,4,2,4,825-520-6993T,4514 0187T 1982 8055,CREDIT,TFA7399476@synth.proton.com,0.16,0.14,26-35,White,60k-100k,200k-500k,0-500,16
30372,M,Toronto,ON,CROSWELL TREVOR,38,True,,White,112473.0,True,1146018.0,0.0,True,False,9373,25519.82,779.0,Joint,4,16.79,False,56.76,Mortgage,True,False,0,Medium,2,0,6,437-330-6033T,4510 1551T 6621 6473,CREDIT,TCROSWELLTREVOR@fake.zoho.com,0.15,0.06,36-45,White,100k-200k,1M-2M,0-500,16
37710,F,Toronto,ON,KING PATRICIA,44,False,,Asian,71585.0,True,1094238.0,0.0,True,False,4431,41440.15,693.0,Checking,15,35.0,True,2900.42,Mortgage,True,True,7,High,5,2,4,226-379-6115T,5415 9072T 9671 8074,CREDIT,TrelievedHoopoe5KIPA@synth.netZero.com,0.15,0.16,36-45,OTHER,60k-100k,1M-2M,0-500,69
76060,F,Montreal,QC,MORIN STEPHANE,24,False,,Latino,56968.0,False,0.0,701.0,True,False,2073,2683.05,487.0,Checking,3,14.31,False,9.87,Student Loan,False,False,0,Medium,2,0,6,450-380-2655T,4514 0111T 5948 3290,CREDIT,TMORINempathicWeaver81@rand.icloud.com,0.18,0.11,18-25,OTHER,30k-60k,0-200k,500-1k,7
22146,M,Toronto,ON,WHITE CARL,38,False,,Asian,73738.0,True,1023854.0,0.0,True,False,3437,57419.77,724.0,Credit,13,9.51,False,10.89,Personal Loan,False,False,5,Low,5,0,5,647-367-9837T,4519 9245T 8788 2704,DEBIT,TWC6358811251@fake.neo.com,0.15,0.14,36-45,OTHER,60k-100k,1M-2M,0-500,40
137552,F,Edmonton,AB,WOOD BRENDA,35,False,,Asian,76039.0,True,418155.0,0.0,True,False,3975,67542.69,681.0,Investment,4,6.2,False,6.6,Mortgage,False,False,9,Low,6,3,2,825-153-8197T,4510 1364T 6999 6440,CREDIT,TlazyMackerel0WOBR@rand.att.net,0.16,0.58,26-35,OTHER,60k-100k,200k-500k,0-500,7
12333,M,Toronto,ON,THOMSON ANDREW,35,True,DBGIK1Zq,Asian,118211.0,True,1325492.0,0.0,True,False,9851,6584.33,769.0,Joint,13,13.1,False,20.13,Mortgage,True,False,3,Low,5,2,4,548-382-4292T,4510 1393T 3837 1563,CREDIT,TTHOMSONANDREW@rand.live.com,0.15,0.07,26-35,OTHER,100k-200k,1M-2M,0-500,18
41936,F,Toronto,ON,SCOTT MILLS,35,False,,White,102531.0,True,1302080.0,0.0,True,False,7302,8325.78,704.0,Credit,17,9.29,False,18.5,Personal Loan,True,False,0,Low,5,1,6,683-842-7718T,4519 9263T 6268 5570,DEBIT,TSM1391874@synth.outlook.com,0.15,0.13,26-35,White,100k-200k,1M-2M,0-500,9
2621,F,Toronto,ON,THOMSON DAWN,23,False,,Black,55384.0,False,0.0,1142.0,True,False,2134,4126.28,461.0,Savings; Credit; Checking,10,13.59,False,26.07,,False,False,2,Medium,2,0,5,753-968-6642T,4512 2316T 8469 8185,CREDIT,TTHOMSON_DAWN94@fake.cogeco.ca,0.15,0.09,18-25,OTHER,30k-60k,0-200k,1k-2k,10
41233,F,Toronto,ON,BRADY BRIDGET,27,False,,Native,107626.0,True,1158294.0,0.0,True,False,3686,8091.49,691.0,Checking,5,10.6,False,12.16,Mortgage,True,False,8,Low,5,2,4,807-389-3963T,4510 1614T 7085 2269,DEBIT,TBRADYwrathfulCheese317@synth.neo.com,0.15,0.27,26-35,OTHER,100k-200k,1M-2M,0-500,13
148186,F,Ottawa,ON,ROBINSON MAXINE,36,True,sEqyjqOJ,White,99612.0,True,808890.0,0.0,True,False,4663,51862.5,770.0,Credit,2,16.85,False,32.09,Mortgage,False,False,12,Low,5,0,6,613-178-2878T,4510 1544T 1573 0462,CREDIT,TRM56516375@non.bla.com,0.14,0.06,26-35,White,60k-100k,500k-1M,0-500,7
68382,M,Toronto,ON,YOUNG BRIAN,45,True,vdVRe71e,White,119047.58,True,1205549.0,0.0,True,False,9921,57831.23,788.0,Joint,18,18.32,False,18.33,Mortgage,True,False,0,High,1,4,2,416-821-3437T,4510 1546T 8476 9173,CREDIT,TYB60048027@non.neo.com,0.15,0.37,36-45,White,100k-200k,1M-2M,0-500,16
12341,F,Toronto,ON,BERNATCHEZ CATHY,20,False,,Asian,16200.0,False,0.0,929.0,False,False,1031,10192.32,407.0,Checking,10,63.0,True,531.1,,False,False,0,High,3,1,5,365-584-9694T,4512 2366T 3539 7403,CREDIT,TBC5730723@synth.neo.com,0.15,0.05,18-25,OTHER,0-30k,0-200k,500-1k,15
96569,M,Montreal,QC,BESSE ANDRE,37,False,,Latino,72282.0,True,569253.0,0.0,True,False,3696,17511.3,681.0,Investment,4,70.0,True,2318.42,Mortgage,False,False,0,High,5,0,5,418-913-6768T,4510 1569T 1204 7035,CREDIT,TBEANthrilledCrane91978@synth.netZero.com,0.18,0.09,36-45,OTHER,60k-100k,500k-1M,0-500,18
51806,M,Toronto,ON,JOHNSTON LES,34,True,9vcCX1Fa,Asian,81418.0,True,912547.0,0.0,True,False,3465,11212.03,717.0,Credit,3,27.25,False,13.26,Mortgage,True,True,1,Low,4,4,1,807-893-3825T,4512 2359T 1233 1937,CREDIT,TJOHNSTONLES@test.aol.com,0.15,0.3,26-35,OTHER,60k-100k,500k-1M,0-500,8
63783,M,Toronto,ON,MCEWEN RAYMOND,30,False,,Native,75800.0,True,1043820.0,0.0,True,False,3236,19180.94,695.0,Credit; Checking,18,108.0,True,2334.6,Mortgage,True,False,0,High,5,0,7,905-895-3358T,4510 1578T 6294 8742,CREDIT,TMR44247472@test.zoho.com,0.15,0.09,26-35,OTHER,60k-100k,1M-2M,0-500,39
64015,M,Toronto,ON,RENWICK ROBERT,34,False,,Asian,99431.0,True,1035403.0,0.0,True,False,4021,8053.27,713.0,Investment; Checking,4,14.22,False,22.09,Mortgage,False,False,0,Low,5,1,4,807-416-5591T,4512 2397T 6002 2207,CREDIT,TRR9471207082@rand.att.net,0.15,0.04,26-35,OTHER,60k-100k,1M-2M,0-500,39
94383,F,Montreal,QC,JEAN FRANCOISE,22,False,,White,27881.0,False,0.0,605.0,False,False,1557,6424.19,415.0,Checking,4,8.06,False,15.13,,False,False,9,Medium,2,1,4,514-917-2698T,4514 0143T 3434 3376,CREDIT,TJEAN_FRANCOISE93@non.live.com,0.18,0.05,18-25,White,0-30k,0-200k,500-1k,6
15080,M,Toronto,ON,PELOSI BENITO,28,True,,Asian,108999.0,True,1120347.0,0.0,True,False,4685,3541.81,744.0,Credit; Joint; Investment; Checking,12,9.27,False,20.16,Mortgage,False,True,7,Low,5,2,4,519-634-7741T,4512 2389T 6550 7173,CREDIT,TPELOSI_BENITO43@synth.proton.com,0.15,0.08,26-35,OTHER,100k-200k,1M-2M,0-500,18
7310,F,Toronto,ON,FRITH LUCILLE,48,False,,Asian,93394.0,True,1379053.0,0.0,True,False,4119,64061.72,785.0,Checking,31,72.0,True,2300.22,Mortgage,True,True,0,High,4,1,5,416-459-1001T,4510 1623T 9339 5598,DEBIT,TfinickyShads9FRLU@test.jumo.com,0.15,0.07,46-55,OTHER,60k-100k,1M-2M,0-500,23
47224,F,Toronto,ON,HARTMAN GAIL,26,False,,White,67223.0,False,0.0,1815.0,True,False,2535,9705.02,578.0,Credit; Checking,15,77.0,True,1623.92,,True,False,0,High,4,0,7,742-598-2889T,4510 1384T 0961 7735,CREDIT,THARTMANF86@rand.hotmail.com,0.15,0.07,18-25,White,60k-100k,0-200k,1k-2k,9
30408,F,Toronto,ON,JERRY GREEN,34,False,,Asian,108767.0,True,1184522.0,0.0,True,False,9064,19846.2,701.0,Checking,12,42.0,True,5272.68,Mortgage,False,False,0,High,4,3,4,226-256-3672T,4512 2310T 0484 8860,CREDIT,TJG17174733@rand.mail.com,0.15,0.06,26-35,OTHER,100k-200k,1M-2M,0-500,13
40927,F,Toronto,ON,RUGGLES SUZANNE,26,False,,White,61872.0,True,943461.0,0.0,True,False,3025,17222.88,653.0,Checking,7,84.0,True,2272.63,Mortgage,False,False,1,High,4,1,6,437-571-1778T,4510 1570T 2008 0746,CREDIT,TRS564192@test.proton.com,0.15,0.13,18-25,White,60k-100k,500k-1M,0-500,6
83113,F,Montreal,QC,LEGAULT DORIS,23,False,,Black,49979.0,False,0.0,529.0,True,False,1744,10568.56,473.0,Savings; Checking,2,8.57,False,12.57,Student Loan,False,True,10,Low,6,2,4,819-576-1005T,4512 2384T 4551 8091,CREDIT,TLEGAULT_DORIS63@test.gmail.com,0.18,0.52,18-25,OTHER,30k-60k,0-200k,500-1k,7
182270,M,Mississauga,ON,ALLEN HARRY,45,True,,Asian,108346.0,True,1114799.0,0.0,True,False,7554,24844.43,760.0,Investment,34,12.32,False,22.45,Mortgage,False,False,12,Medium,2,0,4,249-845-8119T,4514 0194T 9216 3540,CREDIT,TAH8326967@fake.att.net,0.17,0.07,36-45,OTHER,100k-200k,1M-2M,0-500,5
112612,M,Vancouver,BC,FREEBORN DAVID,43,True,qnG7JFWX,Asian,102768.0,True,1930885.0,0.0,True,False,8564,23786.14,737.0,Checking,25,66.0,True,5143.18,Mortgage,True,True,0,High,4,4,1,672-531-9480T,4510 1649T 5731 6871,DEBIT,TFREEBORNDAVID@rand.mail.com,0.13,0.37,36-45,OTHER,100k-200k,1M-2M,0-500,5
46672,F,Toronto,ON,VALLIERE LOUISE,36,False,,Asian,79379.0,True,1137011.0,0.0,True,False,4195,17696.21,682.0,Credit; Investment,15,14.83,False,36.78,Mortgage,True,False,10,Medium,2,2,4,647-455-9245T,4510 1670T 3844 1461,DEBIT,TVL05718776@fake.proton.com,0.15,0.14,26-35,OTHER,60k-100k,1M-2M,0-500,63
39377,M,Toronto,ON,SHANNON MCDOWELL,26,False,,White,88403.0,True,979709.0,0.0,True,False,2679,9567.19,717.0,Investment; Credit,6,78.0,True,1717.81,Mortgage,False,False,10,High,4,1,3,548-893-6422T,4519 9299T 8686 7168,DEBIT,TSHANNON_MCDOWELL79@fake.live.com,0.15,0.1,18-25,White,60k-100k,500k-1M,0-500,7
129041,F,Calgary,AB,BROOKES ELLEN,42,True,,White,106038.0,True,715889.0,0.0,True,False,8397,18817.33,715.0,Checking,16,15.1,False,36.01,Personal Loan,True,False,9,Medium,2,0,6,403-261-2438T,4514 0170T 1621 9129,CREDIT,TculturedRhino2BREL@fake.live.com,0.14,0.19,36-45,White,100k-200k,500k-1M,0-500,7
95465,M,Montreal,QC,SIMARD DENIS,35,False,,Others,93830.0,True,646107.0,0.0,True,False,2976,33187.22,691.0,Investment,22,8.99,False,29.16,Mortgage,False,False,3,Low,6,3,2,579-536-8676T,5415 9036T 4706 0548,CREDIT,TSD8621724956@fake.iCloud.com,0.18,0.38,26-35,OTHER,60k-100k,500k-1M,0-500,20
116615,M,Vancouver,BC,HEATHER WHITE,37,False,,White,83723.0,True,1034818.0,0.0,True,False,3769,24119.17,710.0,Investment,15,15.37,False,58.5,Mortgage,True,False,0,Medium,2,3,1,250-678-2709T,4519 9262T 2606 4935,DEBIT,THEATHERWHITE@test.zoho.com,0.13,0.41,36-45,White,60k-100k,1M-2M,0-500,12
65536,M,Toronto,ON,STEWART JIM,30,False,,White,109626.0,True,1031388.0,0.0,True,False,3881,19451.84,700.0,Investment; Credit,16,37.0,True,2820.22,Personal Loan,True,False,12,High,5,3,1,753-298-9266T,4510 1367T 0037 5092,CREDIT,TSJ9030616064@non.aol.com,0.15,0.36,26-35,White,100k-200k,1M-2M,0-500,16
23743,F,Toronto,ON,CHU HOA,38,False,,Black,62754.0,True,926677.0,0.0,True,False,4058,10282.65,674.0,Checking,4,11.52,False,24.0,Personal Loan,True,True,12,Low,6,0,7,416-524-7015T,4514 0182T 9008 9051,CREDIT,TCH3205705@rand.proton.com,0.15,0.58,36-45,OTHER,60k-100k,500k-1M,0-500,9
106975,M,Vancouver,BC,MASSIER GARY,42,False,,Asian,102683.0,True,1348401.0,0.0,True,False,8557,5681.2,683.0,Credit,14,76.0,True,5184.2,Mortgage,True,True,0,High,4,1,5,778-787-6918T,4510 1537T 5630 8006,CREDIT,TMASSIERGARY@rand.yahoo.com,0.13,0.32,36-45,OTHER,100k-200k,1M-2M,0-500,8
19584,F,Toronto,ON,MEANDRO MARIA,29,False,,Asian,91798.0,True,1099734.0,0.0,True,False,3342,13764.34,685.0,Checking; Credit,17,64.0,True,2477.8,Mortgage,False,True,8,High,3,4,1,416-399-6246T,4512 2341T 1134 1769,CREDIT,TMEANDRO_MARIA32@non.proton.com,0.15,0.47,26-35,OTHER,60k-100k,1M-2M,0-500,63
63440,M,Toronto,ON,CLARK GARY,41,False,,Latino,92390.0,True,1167524.0,0.0,True,False,4942,24681.69,697.0,Credit,14,48.0,True,2911.85,Auto Loan,True,False,0,High,4,1,3,289-881-5348T,4510 1696T 5840 1544,DEBIT,TCLARKGARY@fake.cogeco.ca,0.15,0.1,36-45,OTHER,60k-100k,1M-2M,0-500,40
121382,F,Vancouver,BC,HARRIS MARIETTE,26,True,0W5KOBAT,Asian,80900.0,True,1458437.0,0.0,True,False,3841,25216.62,733.0,Checking; Investment; Credit; Joint,4,12.14,False,55.56,Mortgage,True,False,0,Medium,2,1,6,604-266-5780T,4510 1674T 3850 2539,DEBIT,THM8434430@synth.aol.com,0.13,0.17,18-25,OTHER,60k-100k,1M-2M,0-500,5
198231,F,Kitchener,ON,JUNIPER LINDA,29,False,,White,64767.0,True,842806.0,0.0,True,False,3282,12496.4,686.0,Checking,11,4.76,False,13.31,Mortgage,True,False,7,Low,4,0,6,647-245-3360T,4512 2328T 5410 1068,CREDIT,TJUNIPERF97@rand.iCloud.com,0.15,0.37,26-35,White,60k-100k,500k-1M,0-500,7
23706,M,Toronto,ON,SLAVITCH MICHAEL,44,True,,White,96627.0,True,1090796.0,0.0,False,False,4821,31931.88,699.0,Checking; Credit; Investment; Joint,16,14.21,False,19.13,Mortgage,True,True,4,Medium,2,3,1,683-427-4271T,4512 2337T 7698 6776,CREDIT,TSLMIardentEggs51999@non.mail.com,0.15,0.37,36-45,White,60k-100k,1M-2M,0-500,8
107448,M,Vancouver,BC,HOWARD NIXON,42,True,8X00jwF4,Asian,109177.35,True,1339996.0,0.0,True,False,7720,22394.05,741.0,Checking,21,10.85,False,34.71,Mortgage,False,True,0,Medium,2,3,4,236-476-4897T,4519 9240T 2957 3372,DEBIT,THN5592185@rand.jumo.com,0.13,0.45,36-45,OTHER,100k-200k,1M-2M,0-500,5
63899,F,Toronto,ON,O'NEILL BEV,42,False,,Black,69719.0,False,0.0,1944.0,True,False,3468,9793.74,595.0,Checking,13,82.0,True,2583.45,,False,False,0,High,4,0,9,905-760-1304T,4510 1585T 5465 2984,CREDIT,TOB610187532@test.neo.com,0.15,0.06,36-45,OTHER,60k-100k,0-200k,1k-2k,7
56455,F,Toronto,ON,BOGGETT SARAH,31,False,,White,107360.0,True,1246937.0,0.0,True,False,8947,16073.35,708.0,Checking,21,34.0,True,4553.43,Personal Loan,True,False,12,High,3,1,3,548-978-8493T,4514 0122T 5893 2078,CREDIT,TBS902137002@fake.hotmail.com,0.15,0.06,26-35,White,100k-200k,1M-2M,0-500,9
144981,F,Ottawa,ON,CICORIA NICOLA,20,False,,Asian,28700.0,False,0.0,946.0,False,False,1797,4849.93,423.0,Savings,3,7.93,False,4.51,,False,True,0,Low,5,0,6,742-348-2989T,5415 9013T 8377 8632,CREDIT,TCICORIA_NICOLA38@test.zoho.com,0.14,0.13,18-25,OTHER,0-30k,0-200k,500-1k,5
148386,M,Ottawa,ON,SLATTER BERT,40,True,OGTvzVy6,White,86219.0,True,815016.0,0.0,True,False,5157,53189.91,753.0,Checking,4,13.23,False,46.55,Mortgage,True,False,1,Low,6,0,6,226-257-6268T,4514 0120T 0003 0433,CREDIT,TSLATTERBERT@test.mail.com,0.14,0.16,36-45,White,60k-100k,500k-1M,0-500,6
186180,M,Brampton,ON,LEAL AL,28,False,,Black,109364.0,True,1312944.0,0.0,True,False,3385,24793.72,729.0,Credit,14,9.32,False,29.11,Personal Loan,True,False,0,Low,5,1,4,343-657-4659T,4519 9283T 9234 9971,DEBIT,TLEALanxiousBurritos45@non.comcast.net,0.17,0.22,26-35,OTHER,100k-200k,1M-2M,0-500,5
155139,M,Ottawa,ON,JAMIE MANTERO,39,True,UZ7DtyNy,White,87528.37,True,861369.0,0.0,True,False,5302,20261.2,713.0,Investment,8,18.95,False,40.25,Mortgage,True,True,11,High,4,2,2,807-539-5612T,4512 2345T 0627 8331,CREDIT,TJAMAdearMussel11972@test.zoho.com,0.14,0.19,36-45,White,60k-100k,500k-1M,0-500,6
40715,M,Toronto,ON,COLLINS ROB,35,True,,Asian,79553.0,True,1206204.0,0.0,True,False,4371,37145.99,723.0,Checking; Credit; Joint,19,87.0,True,3165.66,Mortgage,True,False,0,High,4,0,3,905-252-2716T,5415 9065T 7654 6222,CREDIT,TCR9806@fake.iCloud.com,0.15,0.1,26-35,OTHER,60k-100k,1M-2M,0-500,19
35010,F,Toronto,ON,MACHUGH ROSE,39,True,,Asian,90394.0,True,992640.0,0.0,True,False,5716,58716.21,745.0,Joint; Investment; Checking; Credit,21,12.61,False,71.19,Auto Loan,True,True,10,Medium,2,1,5,249-213-7669T,4510 1687T 5386 5582,DEBIT,TmurkyFlamingo5MARO@fake.yahoo.com,0.15,0.1,36-45,OTHER,60k-100k,500k-1M,0-500,8
159223,F,Winnipeg,MB,CLOUSTON JOYCE,37,False,,Asian,87505.0,True,441552.0,0.0,True,False,3973,41605.26,717.0,Checking; Investment; Credit,18,36.02,False,52.08,Mortgage,True,True,8,Medium,2,0,6,204-156-6077T,4512 2325T 1153 4735,CREDIT,TCJ128131194@rand.neo.com,0.18,0.13,36-45,OTHER,60k-100k,200k-500k,0-500,6
98004,M,Montreal,QC,ALAIN BENOIT,40,True,NA90924X,White,86176.0,True,679876.0,0.0,True,False,4244,43649.31,745.0,Credit,26,14.64,False,89.97,Mortgage,False,True,0,Medium,2,2,4,873-546-5292T,5415 9099T 0373 3866,CREDIT,TAB2612862906@non.aol.com,0.18,0.05,36-45,White,60k-100k,500k-1M,0-500,10
54030,M,Toronto,ON,CHU STANLEY,32,False,,White,119032.0,True,1091927.0,0.0,True,False,9919,19219.05,721.0,Investment,18,11.68,False,29.34,Personal Loan,True,False,0,Medium,2,3,2,416-520-8618T,4519 9229T 4767 1022,DEBIT,TCS1512@test.yahoo.com,0.15,0.27,26-35,White,100k-200k,1M-2M,0-500,16
32102,M,Toronto,ON,POWERS GEORGE,33,False,,Latino,97204.0,True,1048135.0,0.0,True,True,3804,36359.01,850.0,Credit,7,120.0,True,2740.14,Mortgage,True,False,2,High,4,3,4,905-365-8407T,4514 0158T 0669 2859,CREDIT,TPOWERSGEORGE@fake.bla.com,0.15,0.21,26-35,OTHER,60k-100k,1M-2M,0-500,5
566,F,Toronto,ON,AYTON SHERRY,32,True,,White,78337.0,True,1052290.0,0.0,True,False,3602,28614.09,751.0,Credit,19,9.97,False,45.93,Mortgage,False,False,11,Low,6,2,4,548-710-3466T,4510 1668T 4976 2696,DEBIT,TexactingBass6AYSH@fake.live.com,0.15,0.08,26-35,White,60k-100k,1M-2M,0-500,14
48750,F,Toronto,ON,HORBACH TANYA,46,False,,Others,82765.0,True,1224260.0,0.0,True,False,4868,65515.29,742.0,Investment,30,10.01,False,40.43,Personal Loan,True,False,9,Medium,2,2,4,753-946-4302T,4510 1569T 9730 5469,CREDIT,THT2417577@synth.netZero.com,0.15,0.11,36-45,OTHER,60k-100k,1M-2M,0-500,69
54446,F,Toronto,ON,LAUGHREN ARLENE,43,False,,Black,61912.0,True,1223469.0,0.0,False,False,3300,11819.08,661.0,Credit,11,50.0,True,1762.97,Mortgage,True,False,0,High,3,1,7,519-723-7737T,4519 9224T 7960 9517,DEBIT,TLA5708560579@non.gmail.com,0.15,0.1,36-45,OTHER,60k-100k,1M-2M,0-500,23
52137,M,Toronto,ON,KEOGH FRANK,28,False,,Asian,96862.0,True,1118031.0,0.0,False,False,3871,40029.64,725.0,Investment,12,102.0,True,2831.88,Auto Loan,False,False,0,High,4,3,2,519-670-7906T,4519 9299T 7431 1514,DEBIT,TKF936785127@synth.netZero.com,0.15,0.12,26-35,OTHER,60k-100k,1M-2M,0-500,9
27362,F,Toronto,ON,ZAZULAK LUBA,40,False,,Asian,67770.0,True,1151644.0,0.0,False,False,3837,13176.61,661.0,Credit; Checking,27,8.17,False,48.89,Mortgage,False,False,7,Low,4,0,7,226-665-9166T,4519 9234T 1586 5916,DEBIT,TZL7532196@fake.comcast.net,0.15,0.06,36-45,OTHER,60k-100k,1M-2M,0-500,23
110897,F,Vancouver,BC,WONG FAY,46,True,,White,87521.0,True,1174079.0,0.0,True,False,4444,79129.62,760.0,Checking,6,0.27,False,44.8,Personal Loan,True,False,8,Low,4,0,7,672-551-6987T,4512 2342T 3797 6094,CREDIT,TeagerMoth6WOFA@test.zoho.com,0.13,0.22,36-45,White,60k-100k,1M-2M,0-500,9
149213,F,Ottawa,ON,CHENG MARGARET,41,False,,Asian,60147.0,True,783968.0,0.0,True,False,3472,25224.8,680.0,Credit,4,13.54,False,32.01,Mortgage,True,True,3,Low,5,0,6,807-673-4682T,4514 0199T 5533 7686,CREDIT,TselfishSyrup4CHMA@fake.icloud.com,0.14,0.21,36-45,OTHER,60k-100k,500k-1M,0-500,7
89611,M,Montreal,QC,BOSSE ALAIN,33,False,,Black,70560.0,True,639313.0,0.0,True,False,3181,17365.59,617.0,Checking,17,9.9,False,6.47,Mortgage,False,False,0,Low,4,3,2,450-698-4448T,4514 0118T 3832 9658,CREDIT,TBOSSEALAIN@test.icloud.com,0.18,0.28,26-35,OTHER,60k-100k,500k-1M,0-500,20
1935,M,Toronto,ON,AU-YEUNG NORMAN,27,False,,Asian,72605.0,True,1158693.0,0.0,True,False,3933,26014.77,706.0,Credit,16,14.15,False,34.56,Mortgage,True,False,0,Low,4,3,3,249-528-8543T,4510 1643T 4097 5015,DEBIT,TAU-YEUNG_NORMAN25@synth.att.net,0.15,0.3,26-35,OTHER,60k-100k,1M-2M,0-500,39
215161,F,Markham,ON,TERRY DIBERARDO,27,True,l4PQ0bqv,Asian,62423.97,True,1256971.0,0.0,True,False,3809,11376.0,690.0,Joint,10,10.63,False,36.44,Mortgage,True,True,6,Medium,2,0,5,289-482-9515T,4510 1529T 2300 2395,CREDIT,TTERRY_DIBERARDO95@non.iCloud.com,0.12,0.38,26-35,OTHER,60k-100k,1M-2M,0-500,5
23240,M,Toronto,ON,HART PHILIP,41,True,,Others,67201.0,True,1146663.0,0.0,True,False,3858,11723.75,693.0,Credit,3,10.07,False,45.72,Mortgage,True,True,0,Medium,2,1,5,249-212-7999T,4510 1630T 2318 8017,DEBIT,THP782876@fake.neo.com,0.15,0.08,36-45,OTHER,60k-100k,1M-2M,0-500,26
4114,F,Toronto,ON,MEILLEUR SHELLEY,38,False,,White,83641.0,True,1164811.0,0.0,True,False,3670,17517.13,719.0,Credit,4,51.0,True,2226.81,Mortgage,True,False,8,High,4,1,7,742-329-6627T,4512 2316T 3236 4460,CREDIT,TMS96884183@synth.bla.com,0.15,0.12,36-45,White,60k-100k,1M-2M,0-500,42
44042,F,Toronto,ON,O'DONNELL MARILYN,36,False,,Black,105542.0,True,1152478.0,0.0,False,False,7516,15597.04,683.0,Checking,17,14.38,False,34.84,Personal Loan,True,False,0,Medium,2,0,7,343-388-3767T,4512 2360T 3161 8426,CREDIT,TOM50917890@fake.zoho.com,0.15,0.12,26-35,OTHER,100k-200k,1M-2M,0-500,7
53355,F,Toronto,ON,GAZEL CARMEN,34,False,,White,52896.0,True,905054.0,0.0,True,False,3089,21911.23,688.0,Credit,23,4.3,False,43.44,Mortgage,False,False,2,Low,6,1,5,416-621-3589T,4514 0199T 2620 4452,CREDIT,TeagerSheep6GACA@test.iCloud.com,0.15,0.27,26-35,White,30k-60k,500k-1M,0-500,5
81096,F,Montreal,QC,AUBE CARMEL,24,False,,White,69331.0,False,0.0,742.0,True,False,2817,3011.9,485.0,Savings; Credit; Checking,4,0.64,False,36.75,,False,False,0,Medium,2,0,6,367-678-2153T,4510 1635T 0242 9778,DEBIT,TAUBE_CARMEL53@test.outlook.com,0.18,0.12,18-25,White,60k-100k,0-200k,500-1k,9
54538,F,Toronto,ON,MANTHA CLAIRE,34,True,,Asian,78356.0,True,1189563.0,0.0,True,False,3963,36174.37,751.0,Joint; Credit; Checking; Investment,17,7.43,False,44.93,Personal Loan,False,False,7,Low,5,0,6,807-405-7228T,5415 9020T 7919 5628,CREDIT,TMC6170188961@non.icloud.com,0.15,0.14,26-35,OTHER,60k-100k,1M-2M,0-500,11
142130,F,Ottawa,ON,GARNEAU THERESA,33,False,,White,83850.0,True,761087.0,0.0,True,False,3599,31400.99,722.0,Investment,13,6.82,False,23.66,,True,True,0,Low,5,2,4,365-985-3731T,4512 2397T 5553 1361,CREDIT,TgutturalRuffs8GATH@rand.hotmail.com,0.14,0.17,26-35,White,60k-100k,500k-1M,0-500,18
66491,M,Toronto,ON,HERINGTON BLAKE,21,False,,Asian,11142.0,False,0.0,823.0,True,False,862,5980.86,442.0,Checking,3,9.3,False,12.24,,False,True,0,Medium,2,2,3,647-835-4937T,4514 0132T 3017 8611,CREDIT,THB54799965@test.att.net,0.15,0.06,18-25,OTHER,0-30k,0-200k,500-1k,9
47945,M,Toronto,ON,ZAGORODNY PETERS,49,True,29rIsh3s,Asian,111423.2,True,1157907.0,0.0,True,False,9285,53994.04,815.0,Joint,37,23.34,False,26.22,,False,False,12,High,1,4,2,705-323-9300T,5415 9051T 6168 1777,CREDIT,TZP328244697@test.comcast.net,0.15,0.27,46-55,OTHER,100k-200k,1M-2M,0-500,10
69442,M,Toronto,ON,CUNNINGHAM ERIC,40,False,,White,75076.0,True,1226338.0,0.0,True,False,4156,48656.11,736.0,Credit,29,16.05,False,23.95,Mortgage,True,True,9,Low,5,0,5,437-282-8477T,4519 9272T 8915 4954,DEBIT,TCUERinnocentWildfowl41971@test.yahoo.com,0.15,0.21,36-45,White,60k-100k,1M-2M,0-500,31
73478,M,Montreal,QC,BRIERE ROBERT,24,False,,Asian,59693.0,False,0.0,540.0,True,False,2673,6034.68,468.0,Savings,15,21.69,False,112.61,Student Loan,False,True,0,Medium,2,3,1,819-963-5050T,4510 1528T 9703 9898,CREDIT,TBRIERE_ROBERT51@non.aol.com,0.18,0.39,18-25,OTHER,30k-60k,0-200k,500-1k,6
186053,F,Brampton,ON,MELANSON PAM,37,True,,Asian,114114.0,True,1096271.0,0.0,True,False,9510,26873.07,769.0,Credit,5,13.36,False,71.87,,True,True,11,Medium,2,2,5,437-867-2101T,4512 2348T 9491 0201,CREDIT,TMP19243@non.outlook.com,0.17,0.09,36-45,OTHER,100k-200k,1M-2M,0-500,8
28295,F,Toronto,ON,ROBERT FOX,28,False,,Asian,80440.0,True,901015.0,0.0,False,False,4555,9302.72,666.0,Checking; Credit,5,9.41,False,33.64,Mortgage,True,False,10,Low,4,2,4,705-751-4737T,4510 1654T 0759 7665,DEBIT,TROBERTwakefulHoopoe696@rand.outlook.com,0.15,0.23,26-35,OTHER,60k-100k,500k-1M,0-500,6
67403,F,Toronto,ON,AMBER BROWN,44,False,,White,98338.0,True,1376708.0,0.0,True,False,4832,28028.14,743.0,Checking,17,12.95,False,41.88,Mortgage,True,True,3,Medium,2,2,4,437-986-1363T,4510 1535T 0509 9679,CREDIT,TAB7686@synth.icloud.com,0.15,0.11,36-45,White,60k-100k,1M-2M,0-500,42
86451,M,Montreal,QC,CYR MARTIN,22,False,,White,12343.0,False,0.0,598.0,False,False,1051,1488.06,413.0,Savings,10,14.43,False,11.34,,False,False,0,Medium,2,0,4,263-809-1487T,4510 1348T 8772 1320,CREDIT,TCYR_MARTIN27@rand.zoho.com,0.18,0.15,18-25,White,0-30k,0-200k,500-1k,11
15782,F,Toronto,ON,KEEN RAE,39,True,h06er3pz,Latino,94930.0,True,873522.0,0.0,True,False,5159,60898.6,754.0,Checking; Joint,14,13.94,False,37.27,Mortgage,True,False,5,Medium,2,3,3,289-332-7620T,4514 0162T 8236 1280,CREDIT,TgloomyRhino4KERA@fake.jumo.com,0.15,0.32,36-45,OTHER,60k-100k,500k-1M,0-500,8
136148,F,Edmonton,AB,HURD TANYA,39,False,,Black,76554.0,True,483420.0,0.0,True,False,4073,25943.1,697.0,Credit; Investment; Checking,4,49.0,True,3034.53,Mortgage,False,False,3,Medium,6,0,6,825-391-4549T,5415 9074T 3817 2170,CREDIT,THT48418719@fake.zoho.com,0.16,0.12,36-45,OTHER,60k-100k,200k-500k,0-500,5
26997,F,Toronto,ON,STAPLEY CATHERINE,41,False,,Black,87078.0,True,1374140.0,0.0,True,False,4968,21819.22,682.0,Investment; Checking; Credit,18,11.11,False,26.73,Mortgage,False,True,0,Medium,2,1,4,365-662-2638T,4519 9219T 9256 4699,DEBIT,TfinickyOil6STCA@synth.netZero.com,0.15,0.16,36-45,OTHER,60k-100k,1M-2M,0-500,69
37131,M,Toronto,ON,ROBINSON EDWARD,48,False,,Asian,100702.0,True,1280087.0,0.0,True,False,8392,52800.94,753.0,Credit,4,49.0,True,6005.94,Mortgage,True,False,0,High,4,2,2,683-870-8629T,5415 9077T 4109 4672,CREDIT,TRE72674128@rand.bla.com,0.15,0.09,46-55,OTHER,100k-200k,1M-2M,0-500,13
17147,F,Toronto,ON,BERUBE AURORE,45,True,,White,90411.0,True,1089384.0,0.0,True,False,4240,81245.6,776.0,Checking,13,61.0,True,3278.74,Mortgage,True,False,0,High,3,1,5,548-192-2093T,5415 9025T 5784 8886,CREDIT,TBA603849@fake.outlook.com,0.15,0.05,36-45,White,60k-100k,1M-2M,0-500,25
30116,M,Toronto,ON,JOSEPH JOHNSON,42,False,,Black,104572.0,True,1056282.0,0.0,False,False,8714,10855.45,705.0,Investment; Checking; Credit,13,53.0,True,5933.25,Mortgage,False,True,9,High,4,2,3,742-938-5391T,4512 2332T 8745 1629,CREDIT,TJJ88719@synth.zoho.com,0.15,0.16,36-45,OTHER,100k-200k,1M-2M,0-500,7
5592,M,Toronto,ON,AUSTIN CLEVELAND,36,True,,White,103139.0,True,1135893.0,0.0,True,False,8595,13110.73,760.0,Credit,19,11.81,False,60.55,Mortgage,False,False,0,Low,4,4,1,753-331-3519T,4510 1558T 8725 1737,CREDIT,TAC372023@rand.cogeco.ca,0.15,0.07,26-35,White,100k-200k,1M-2M,0-500,6
164637,F,Quebec City,QC,JAMES BARNES,42,True,,White,76404.0,True,397673.0,0.0,True,False,4665,23268.15,674.0,Investment,13,55.0,True,3691.04,Mortgage,False,False,3,High,4,1,5,354-841-2012T,4510 1314T 1496 4011,CREDIT,TJB237626@synth.yahoo.com,0.16,0.08,36-45,White,60k-100k,200k-500k,0-500,7
207342,F,London,ON,COLLEEN MCKAY,45,True,,White,63020.0,True,701224.0,0.0,True,False,4004,29702.1,691.0,Joint,16,13.79,False,48.8,Mortgage,False,True,7,Low,5,0,7,613-859-7696T,4510 1520T 5534 2376,CREDIT,TcuriousEggs7COMC@rand.iCloud.com,0.17,0.08,36-45,White,60k-100k,500k-1M,0-500,6
8623,F,Toronto,ON,MOORE STEPHANIE,33,False,,Asian,87724.0,True,1148324.0,0.0,True,False,4413,29000.8,711.0,Checking; Credit; Investment,4,8.78,False,29.98,Mortgage,False,False,0,Low,4,3,2,416-482-3240T,4510 1685T 1066 8148,DEBIT,TMS4898610@non.icloud.com,0.15,0.12,26-35,OTHER,60k-100k,1M-2M,0-500,63
50525,F,Toronto,ON,ROMBOUTS JOANNE,46,False,,White,78671.0,True,1266633.0,0.0,True,False,4855,27137.36,707.0,Credit; Investment; Checking,11,37.0,True,2871.59,Mortgage,False,False,0,High,4,1,4,705-236-8376T,4510 1528T 2212 2247,CREDIT,TRJ651481@synth.netZero.com,0.15,0.11,36-45,White,60k-100k,1M-2M,0-500,42
59144,F,Toronto,ON,CORNACK FIONA,20,False,,Asian,29111.0,False,0.0,1113.0,False,False,1616,8867.32,418.0,Checking; Savings,12,9.08,False,2.28,,False,True,10,Medium,2,0,6,226-781-6767T,4519 9213T 9052 3800,DEBIT,TCF4019@non.mail.com,0.15,0.15,18-25,OTHER,0-30k,0-200k,1k-2k,11
168024,F,Hamilton,ON,DUFFIN JOHANNE,40,True,oSDFUuqT,White,85572.0,True,976555.0,0.0,True,False,4206,51482.01,766.0,Investment,10,13.15,False,47.82,Mortgage,True,False,0,Low,4,0,5,705-851-5572T,4510 1376T 3056 7602,CREDIT,TDJ4901@rand.iCloud.com,0.15,0.08,36-45,White,60k-100k,500k-1M,0-500,7
134105,M,Edmonton,AB,TARA JOHNSON,36,False,,White,79006.0,True,412046.0,0.0,True,False,4498,29571.65,699.0,Credit,15,16.54,False,77.06,Personal Loan,False,False,12,Medium,2,0,5,825-503-3646T,4510 1584T 7781 5308,CREDIT,TTJ17935048@rand.gmail.com,0.16,0.07,26-35,White,60k-100k,200k-500k,0-500,16
156355,F,Winnipeg,MB,THOMPSON KAREN,37,False,,White,96999.0,True,393821.0,0.0,True,False,4379,18500.67,655.0,Credit,4,30.0,True,3033.92,Mortgage,False,False,7,High,4,1,5,584-934-8431T,4514 0171T 1301 4709,CREDIT,TTK799426@fake.zoho.com,0.18,0.13,36-45,White,60k-100k,200k-500k,0-500,8
55915,M,Toronto,ON,CLARK STEVE,28,False,,White,92354.0,True,863817.0,0.0,True,False,3929,16502.16,707.0,Checking,3,8.7,False,31.78,Auto Loan,True,True,2,Low,6,0,4,343-625-8657T,4519 9299T 4225 5495,DEBIT,TCLARK_STEVE53@fake.jumo.com,0.15,0.36,26-35,White,60k-100k,500k-1M,0-500,19
66351,M,Toronto,ON,DAN JULIUS,25,False,,Asian,70858.0,True,1069558.0,0.0,True,False,2058,36317.02,721.0,Investment,2,31.0,True,1532.23,Mortgage,False,False,9,High,5,0,6,705-334-4831T,4512 2318T 6524 8295,CREDIT,TDAN_JULIUS85@test.jumo.com,0.15,0.08,18-25,OTHER,60k-100k,1M-2M,0-500,5
105862,F,Vancouver,BC,DWULIT KATRINA,42,False,,Asian,84944.0,True,1121246.0,0.0,False,False,3970,63423.79,706.0,Credit,4,13.63,False,31.39,Mortgage,False,False,10,Medium,2,2,4,250-413-3433T,4512 2310T 0916 1761,CREDIT,TDK4999@test.outlook.com,0.13,0.15,36-45,OTHER,60k-100k,1M-2M,0-500,8
38534,M,Toronto,ON,TELESCU MARCEL,23,False,,Asian,64121.0,True,589329.0,0.0,True,False,2220,7020.32,594.0,Savings,4,14.29,False,15.6,,False,False,3,Medium,2,2,3,519-526-1626T,4510 1326T 9384 9725,CREDIT,TTM03296406@rand.yahoo.com,0.15,0.08,18-25,OTHER,60k-100k,500k-1M,0-500,5
108519,M,Vancouver,BC,KLIMOWICZ WALTER,36,True,,Asian,74184.0,True,1297118.0,0.0,True,False,4918,30025.97,730.0,Checking,19,11.42,False,33.47,Mortgage,True,False,0,Low,5,4,1,672-196-5116T,4510 1547T 4953 6635,CREDIT,TKW8540@synth.icloud.com,0.13,0.29,26-35,OTHER,60k-100k,1M-2M,0-500,7
167296,F,Quebec City,QC,BOLDUC FRANCOISE,29,False,,White,69180.0,True,318388.0,0.0,True,False,2496,9673.99,665.0,Checking,8,8.42,False,14.34,Personal Loan,False,True,0,Low,5,0,6,514-758-3088T,4510 1312T 8090 1060,CREDIT,TBF08226717@fake.cogeco.ca,0.16,0.17,26-35,White,60k-100k,200k-500k,0-500,11
153470,M,Ottawa,ON,LISA HAMMOND,32,True,,White,78048.0,True,690110.0,0.0,True,False,4161,34571.29,693.0,Investment,10,95.0,True,2355.84,Mortgage,True,False,0,High,4,5,1,437-799-1995T,5415 9066T 1368 5506,CREDIT,TLH102897@non.comcast.net,0.14,0.25,26-35,White,60k-100k,500k-1M,0-500,5
70276,M,Toronto,ON,POOLE PHILIP,45,True,,Latino,113969.0,True,1351654.0,0.0,True,False,9497,20158.69,773.0,Joint,29,58.0,True,6034.91,Mortgage,True,False,3,High,4,1,4,683-824-7309T,4510 1358T 1260 0958,CREDIT,TPOPHsoreThrushe21988@rand.comcast.net,0.15,0.14,36-45,OTHER,100k-200k,1M-2M,0-500,22
109193,M,Vancouver,BC,CHENEY TROY,41,False,,Latino,111239.0,True,1476242.0,0.0,True,False,8112,10403.74,704.0,Checking,10,118.0,True,4904.11,Mortgage,False,False,1,High,5,0,5,778-753-7919T,5415 9062T 8897 8193,CREDIT,TCT05083763@test.hotmail.com,0.13,0.09,36-45,OTHER,100k-200k,1M-2M,0-500,8
5171,F,Toronto,ON,GARCIA LISA,21,False,,Asian,7089.0,False,0.0,802.0,False,False,806,4960.24,432.0,Savings,4,9.05,False,21.49,Student Loan,False,True,0,Medium,2,0,6,519-212-8502T,5415 9094T 5343 2438,CREDIT,TGARCIA_LISA78@test.comcast.net,0.15,0.12,18-25,OTHER,0-30k,0-200k,500-1k,15
54794,F,Toronto,ON,SWASS ELAINE,43,False,,Asian,60330.0,True,1074715.0,0.0,False,False,2930,10340.94,641.0,Credit; Checking,16,40.0,True,2076.57,Mortgage,True,True,4,Medium,6,1,6,343-426-3577T,5415 9034T 6262 8426,CREDIT,TawedBurritos5SWEL@fake.proton.com,0.15,0.2,36-45,OTHER,60k-100k,1M-2M,0-500,23
146913,M,Ottawa,ON,ROBERT SMITH,39,True,cOQ3OS10,White,81643.0,True,924178.0,0.0,True,False,4646,34167.27,755.0,Joint; Investment; Credit; Checking,9,10.89,False,114.76,Auto Loan,False,False,8,Medium,2,3,3,343-873-7691T,5415 9037T 1054 7251,CREDIT,TRS1651989@test.zoho.com,0.14,0.3,36-45,White,60k-100k,500k-1M,0-500,6
66265,M,Toronto,ON,WATERFIELD JEFF,37,False,,White,104370.0,True,1024248.0,0.0,False,False,8698,10032.69,680.0,Checking; Investment,5,18.98,False,73.3,,False,False,4,Medium,2,4,1,519-245-1187T,4510 1335T 0058 1559,CREDIT,TWJ958843827@synth.jumo.com,0.15,0.29,36-45,White,100k-200k,1M-2M,0-500,9
3505,M,Toronto,ON,BERTRAND DAVE,30,False,,Asian,65722.0,True,961035.0,0.0,True,False,3012,6576.54,664.0,Credit,13,96.0,True,2132.89,Mortgage,False,False,2,High,5,0,5,683-767-8828T,4510 1356T 6451 6709,CREDIT,TBD892280708@non.netZero.com,0.15,0.07,26-35,OTHER,60k-100k,500k-1M,0-500,19
134488,M,Edmonton,AB,HJELSVOLD PERRY,25,False,,Asian,94450.0,True,493350.0,0.0,True,False,2716,44567.88,718.0,Checking; Credit,12,22.73,False,8.22,Mortgage,True,False,3,Medium,2,3,2,825-106-7096T,4510 1679T 5142 9800,DEBIT,THP34126893@test.netZero.com,0.16,0.4,18-25,OTHER,60k-100k,200k-500k,0-500,5
62129,F,Toronto,ON,FUNG BONNIE,35,False,,Asian,76999.0,True,1189403.0,0.0,True,False,3036,47905.24,705.0,Checking,6,99.0,True,2103.44,Mortgage,True,False,8,High,4,4,4,905-108-4576T,4510 1682T 9948 3395,DEBIT,TinsecureMagpie3FUBO@fake.proton.com,0.15,0.26,26-35,OTHER,60k-100k,1M-2M,0-500,63
80030,F,Montreal,QC,GOULET SOPHIE,34,True,,Asian,78988.0,True,594590.0,0.0,True,False,3492,14396.54,681.0,Investment,10,6.14,False,31.01,Personal Loan,True,False,0,Low,5,0,6,873-682-2957T,5415 9051T 9876 3323,CREDIT,TgoofyPretzels0GOSO@non.aol.com,0.18,0.11,26-35,OTHER,60k-100k,500k-1M,0-500,7
54521,M,Toronto,ON,BULTINCK JEROME,29,False,,Asian,128196.0,True,1484726.0,0.0,True,False,3734,23394.35,769.0,Credit; Checking,17,52.0,True,2017.29,Mortgage,True,False,0,High,4,3,1,753-128-6321T,4512 2378T 8508 9672,CREDIT,TBJ566684@synth.live.com,0.15,0.33,26-35,OTHER,100k-200k,1M-2M,0-500,21
67360,F,Toronto,ON,HUGHES BETH,32,False,,Others,73938.0,True,1108380.0,0.0,True,False,3214,36690.23,699.0,Investment,4,118.0,True,1692.69,Mortgage,True,False,2,High,5,2,3,548-105-1966T,4519 9214T 2424 0945,DEBIT,THB225028@rand.iCloud.com,0.15,0.14,26-35,OTHER,60k-100k,1M-2M,0-500,63
824,M,Toronto,ON,PEARSON KEITH,47,True,,White,101294.0,True,1361667.0,0.0,True,False,8441,33659.26,755.0,Checking; Investment; Joint; Credit,27,118.0,True,6127.74,Mortgage,True,False,12,High,4,3,1,343-686-8609T,4519 9253T 7329 0876,DEBIT,TPEARSONKEITH@test.gmail.com,0.15,0.31,46-55,White,100k-200k,1M-2M,0-500,7
13627,M,Toronto,ON,GAUTHIER MARCEL,36,False,,Black,107320.0,True,1142299.0,0.0,True,False,8176,5311.31,720.0,Credit,17,106.0,True,6398.82,Mortgage,False,False,10,High,4,4,1,416-112-7348T,5415 9014T 4872 2347,CREDIT,TGM67342@synth.zoho.com,0.15,0.21,26-35,OTHER,100k-200k,1M-2M,0-500,21
11460,M,Toronto,ON,PULICE HUGO,48,False,,White,99251.0,True,1238598.0,0.0,True,False,4538,27024.35,759.0,Investment; Checking; Credit,23,15.55,False,404.09,Auto Loan,True,False,0,Low,6,1,5,683-153-1019T,4519 9242T 9890 2478,DEBIT,TPULICEHUGO@test.yahoo.com,0.15,0.16,46-55,White,60k-100k,1M-2M,0-500,11
155948,F,Winnipeg,MB,BAGGLEY DONNA,37,False,,White,92264.0,True,389797.0,0.0,True,False,4154,63943.13,688.0,Investment,17,10.77,False,33.92,Mortgage,True,False,0,Medium,2,1,4,431-391-9637T,5415 9075T 2650 2152,CREDIT,TBD917250411@non.gmail.com,0.18,0.07,36-45,White,60k-100k,200k-500k,0-500,8
120447,F,Vancouver,BC,BOHME LORI,44,False,,White,86200.0,True,1001463.0,0.0,False,False,4586,72700.83,691.0,Checking; Credit,5,111.0,True,2616.05,Mortgage,False,False,0,High,3,0,5,778-627-2639T,4510 1636T 8279 6618,DEBIT,TBL8958@synth.icloud.com,0.13,0.08,36-45,White,60k-100k,1M-2M,0-500,5
207880,M,London,ON,LEWANDOSKI HENRY,42,False,,White,70297.0,True,877842.0,0.0,True,False,3311,15998.04,675.0,Credit,18,64.0,True,2461.38,Mortgage,True,True,0,High,3,3,2,437-535-7898T,4519 9261T 4390 5820,DEBIT,TLH79390553@test.bla.com,0.17,0.28,36-45,White,60k-100k,500k-1M,0-500,5
40816,F,Toronto,ON,HARNDEN DOROTHY,36,True,,Asian,98860.0,True,950489.0,0.0,True,False,6251,64019.66,771.0,Checking,14,14.4,False,35.7,Mortgage,True,False,0,Low,4,0,7,705-892-7208T,4514 0120T 1394 9180,CREDIT,THD8987729@fake.neo.com,0.15,0.1,26-35,OTHER,60k-100k,500k-1M,0-500,5
158182,F,Winnipeg,MB,PRONYCH CHRISTIE,41,False,,White,62560.0,True,383094.0,0.0,True,False,3506,22431.45,640.0,Checking,4,13.71,False,37.51,Mortgage,True,False,0,Medium,2,0,6,431-519-6989T,4514 0122T 0228 8337,CREDIT,TPC763879183@synth.bla.com,0.18,0.04,36-45,White,60k-100k,200k-500k,0-500,8
190053,M,Brampton,ON,JODI STEVENS,40,False,,Asian,119120.0,True,1155214.0,0.0,True,False,9927,40689.39,773.0,Investment,19,18.26,False,12.23,Mortgage,True,False,0,Medium,2,2,3,519-286-8481T,4519 9213T 9687 4640,DEBIT,TJS817738@test.netZero.com,0.17,0.1,36-45,OTHER,100k-200k,1M-2M,0-500,7
165242,M,Quebec City,QC,HOTTOTE ERIC,27,False,,White,68180.0,True,357701.0,0.0,True,False,2666,10844.35,621.0,Credit,13,41.0,True,1718.58,Mortgage,False,False,11,Medium,7,2,3,579-993-9860T,5415 9016T 6938 8814,CREDIT,THOTTOTE_ERIC60@test.aol.com,0.16,0.24,26-35,White,60k-100k,200k-500k,0-500,6
76613,M,Montreal,QC,GREEN GEORGES,41,False,,White,63774.0,True,527179.0,0.0,True,False,3952,16520.94,667.0,Credit,13,12.78,False,35.65,,False,False,4,Medium,2,1,6,468-282-9731T,4512 2397T 3828 5285,CREDIT,TGG06442823@test.aol.com,0.18,0.08,36-45,White,60k-100k,500k-1M,0-500,28
28411,F,Toronto,ON,PENA JOVITA,35,True,,Asian,103521.0,True,1197582.0,0.0,True,False,8627,9088.15,730.0,Joint,13,12.71,False,25.29,Mortgage,True,False,0,Medium,2,0,5,519-259-5966T,4512 2386T 0995 3138,CREDIT,TPJ7150946791@synth.gmail.com,0.15,0.11,26-35,OTHER,100k-200k,1M-2M,0-500,5
60675,F,Toronto,ON,LISA WILSON,35,False,,White,80567.0,True,1061511.0,0.0,True,True,4041,13677.2,819.0,Investment; Checking,4,0.07,False,43.24,Mortgage,True,False,1,Low,4,1,5,753-870-4649T,5415 9078T 2139 5181,CREDIT,TspiritedToucan4LIWI@synth.yahoo.com,0.15,0.11,26-35,White,60k-100k,1M-2M,0-500,8
18882,F,Toronto,ON,WONG LINDA,46,False,,Black,89644.0,True,1316528.0,0.0,True,False,5723,97090.19,781.0,Investment; Checking; Credit,34,89.0,True,3340.49,Mortgage,True,False,7,High,4,0,5,647-554-4450T,4510 1515T 8056 8204,CREDIT,TthriftyChowder7WOLI@rand.cogeco.ca,0.15,0.1,36-45,OTHER,60k-100k,1M-2M,0-500,69
152907,F,Ottawa,ON,BRITTON ELISABETH,36,False,,Asian,114914.0,True,808045.0,0.0,True,False,9576,23179.77,712.0,Investment; Credit; Checking,19,15.49,False,28.32,Mortgage,False,False,0,Low,5,1,6,548-948-2979T,5415 9026T 7393 5282,CREDIT,TBE7110117@fake.jumo.com,0.14,0.1,26-35,OTHER,100k-200k,500k-1M,0-500,5
22543,M,Toronto,ON,WINDSOR TIM,27,False,,Asian,76485.0,True,678496.0,0.0,True,False,4346,25524.93,702.0,Checking; Investment,4,6.74,False,19.36,Mortgage,True,False,0,Low,5,0,5,683-237-4998T,4514 0141T 4932 8599,CREDIT,TWT420195719@synth.cogeco.ca,0.15,0.1,26-35,OTHER,60k-100k,500k-1M,0-500,19
93669,F,Montreal,QC,MELOCHE REJEAN,31,False,,White,76440.0,True,592897.0,0.0,True,False,3624,9786.39,652.0,Investment,6,35.0,True,2255.92,Mortgage,False,False,7,High,5,1,6,263-856-6643T,4519 9236T 5371 1859,DEBIT,TMR8730472725@test.cogeco.ca,0.18,0.1,26-35,White,60k-100k,500k-1M,0-500,28
50331,F,Toronto,ON,CASHMORE SYLVIA,22,True,qe3X6EVj,Asian,10548.0,False,0.0,740.0,False,False,1167,3681.75,450.0,Joint,1,114.0,True,770.39,,False,True,0,High,4,4,3,289-744-3192T,4514 0174T 9569 6830,CREDIT,TCASHMOREF43@rand.netZero.com,0.15,0.13,18-25,OTHER,0-30k,0-200k,500-1k,5
80972,M,Montreal,QC,VAILLANCOURT DOMINIC,20,False,,White,32241.0,False,0.0,650.0,False,False,1875,3072.55,418.0,Checking,4,55.0,True,1308.42,,False,False,0,High,4,4,1,873-360-9358T,4514 0179T 6844 9827,CREDIT,TVAILLANCOURT_DOMINIC80@rand.comcast.net,0.18,0.14,18-25,White,30k-60k,0-200k,500-1k,8
47574,M,Toronto,ON,ADAMS DWAIN,45,True,3J20sB1N,White,71335.0,True,1169569.0,0.0,False,False,4130,96255.77,718.0,Credit; Checking,26,81.0,True,2885.19,Mortgage,False,False,0,High,5,6,1,249-569-7772T,5415 9088T 3467 5078,CREDIT,TADAMSDWAIN@rand.icloud.com,0.15,0.11,36-45,White,60k-100k,1M-2M,0-500,8
57402,F,Toronto,ON,WATSON BETTY,40,False,,White,73177.0,True,1115390.0,0.0,True,False,4499,31599.31,717.0,Credit,30,16.34,False,39.59,,True,True,0,Medium,2,0,7,548-131-5654T,5415 9062T 0410 2929,CREDIT,TWB38215@rand.yahoo.com,0.15,0.13,36-45,White,60k-100k,1M-2M,0-500,42
172204,F,Hamilton,ON,MCDONALD JUNE,38,True,loMgc0em,White,96357.0,True,845876.0,0.0,True,False,4102,21057.6,747.0,Investment,4,19.47,False,34.59,Mortgage,True,False,0,Medium,2,1,5,437-187-6675T,4512 2394T 2874 5042,CREDIT,TMJ5881230013@test.hotmail.com,0.15,0.08,36-45,White,60k-100k,500k-1M,0-500,7
78069,F,Montreal,QC,MURPHY ANN,36,False,,White,65870.0,True,578210.0,0.0,True,False,4307,17510.22,662.0,Credit,8,11.41,False,20.75,Mortgage,True,True,0,Medium,2,0,8,468-827-3207T,4510 1387T 3845 5501,CREDIT,TboastfulSausage2MUAN@rand.gmail.com,0.18,0.08,26-35,White,60k-100k,500k-1M,0-500,28
69370,F,Toronto,ON,SNYDER IVA,24,False,,Asian,36762.0,False,0.0,1033.0,True,False,1544,7457.04,478.0,Savings,4,5.92,False,12.03,Student Loan,False,False,0,Low,4,1,6,519-112-3463T,4519 9225T 4611 8422,DEBIT,TSNYDERunhappyBagels584@rand.aol.com,0.15,0.07,18-25,OTHER,30k-60k,0-200k,1k-2k,10
49971,M,Toronto,ON,VITKO JOSEPH,47,False,,Others,97740.0,True,1099738.0,0.0,True,False,5388,24954.13,731.0,Credit,4,7.64,False,27.11,Mortgage,True,True,9,Low,5,0,5,613-269-4099T,4510 1658T 5471 4499,DEBIT,TVJ43290@rand.aol.com,0.15,0.13,46-55,OTHER,60k-100k,1M-2M,0-500,12
65519,F,Toronto,ON,FORBES PAMELA,46,False,,Asian,85440.0,True,1258489.0,0.0,True,True,4012,23926.94,850.0,Investment; Credit; Checking,15,107.0,True,2744.37,Mortgage,False,False,0,High,3,2,5,613-203-3896T,4514 0175T 0546 3527,CREDIT,TFP5598046@fake.mail.com,0.15,0.09,36-45,OTHER,60k-100k,1M-2M,0-500,12
81820,F,Montreal,QC,LECLERC REJEAN,35,False,,Black,72884.0,True,568156.0,0.0,True,False,4546,25422.91,679.0,Credit,4,76.0,True,2290.57,Mortgage,True,True,7,High,5,0,5,468-440-7834T,4510 1581T 2101 9220,CREDIT,TLR43915591@rand.jumo.com,0.18,0.21,26-35,OTHER,60k-100k,500k-1M,0-500,21
221043,F,Oshawa,ON,WADE VIVIAN,40,False,,White,83748.0,True,990038.0,0.0,True,False,4099,55241.29,729.0,Credit,14,17.67,False,49.39,Mortgage,True,False,1,Low,6,0,6,416-339-2306T,4519 9290T 8311 5925,DEBIT,ToffendedBass7WAVI@non.live.com,0.14,0.21,36-45,White,60k-100k,500k-1M,0-500,5
55366,F,Toronto,ON,TANNHAUSER SUSAN,43,False,,White,98846.0,True,1313781.0,0.0,True,False,4808,31543.62,728.0,Credit; Checking; Investment,3,13.94,False,45.92,Mortgage,False,False,2,Medium,2,0,7,905-527-6580T,4514 0188T 9082 7479,CREDIT,TempathicOtter6TASU@test.outlook.com,0.15,0.06,36-45,White,60k-100k,1M-2M,0-500,42
75916,M,Montreal,QC,TAYLOR BARRY,45,True,,Others,67248.0,True,614307.0,0.0,True,False,4343,15154.89,689.0,Checking,18,76.0,True,3471.03,,False,False,0,High,4,4,1,581-101-9381T,4510 1590T 0165 6264,CREDIT,TTABAtrustingWeaver61979@non.zoho.com,0.18,0.12,36-45,OTHER,60k-100k,500k-1M,0-500,17
145676,M,Ottawa,ON,BOOLS FRED,46,False,,White,159081.0,True,895318.0,0.0,True,False,10451,11718.1,736.0,Investment,14,41.0,True,7148.28,Mortgage,True,False,0,High,3,4,2,905-165-5578T,4510 1515T 0517 3172,CREDIT,TBF5620377609@synth.comcast.net,0.14,0.29,36-45,White,100k-200k,500k-1M,0-500,11
44891,M,Toronto,ON,DOLMAN DAVE,29,False,,Asian,86926.0,True,1146027.0,0.0,True,False,4479,12381.94,682.0,Credit,10,9.06,False,30.48,Mortgage,True,True,0,Low,5,0,5,548-466-7104T,4519 9273T 8816 7931,DEBIT,TDOLMAN_DAVE1@test.hotmail.com,0.15,0.22,26-35,OTHER,60k-100k,1M-2M,0-500,39
94893,F,Montreal,QC,DEAL KARINE,23,False,,Black,36392.0,False,0.0,623.0,True,False,1846,13221.86,475.0,Checking,10,114.0,True,1386.13,,False,False,0,High,3,0,5,514-868-7475T,4519 9277T 9476 9562,DEBIT,TDEAL_KARINE18@fake.iCloud.com,0.18,0.13,18-25,OTHER,30k-60k,0-200k,500-1k,7
94065,F,Montreal,QC,HUDON FRANCINE,40,True,8gz0WP4F,White,80343.0,True,594714.0,0.0,True,False,4904,15174.14,688.0,Joint; Investment,17,86.0,True,3088.32,Personal Loan,False,False,10,High,3,0,5,354-846-4876T,4510 1588T 4738 9270,CREDIT,THF845481@non.live.com,0.18,0.11,36-45,White,60k-100k,500k-1M,0-500,9
91795,F,Montreal,QC,EMOND GENEVIEVE,33,False,,White,58757.0,True,638287.0,0.0,True,False,3784,17391.8,670.0,Checking,12,11.24,False,38.09,Mortgage,True,True,12,Low,6,0,7,873-247-6502T,5415 9035T 9999 4813,CREDIT,TEG09127526@fake.live.com,0.18,0.44,26-35,White,30k-60k,500k-1M,0-500,7
67949,F,Toronto,ON,RODGERS DIANNE,20,False,,White,9319.0,False,0.0,680.0,False,False,992,4364.61,431.0,Savings,16,12.55,False,26.14,,False,True,8,Medium,2,2,4,416-188-8452T,4510 1533T 9136 2680,CREDIT,TRD939472@synth.gmail.com,0.15,0.14,18-25,White,0-30k,0-200k,500-1k,10
85424,M,Montreal,QC,JACQUES DENIS,28,False,,White,66726.0,True,464410.0,0.0,True,False,3778,4865.02,656.0,Credit,14,8.4,False,46.95,Mortgage,False,True,11,Low,6,3,3,514-501-2871T,4510 1318T 0030 0113,CREDIT,TJACQUES_DENIS33@fake.yahoo.com,0.18,0.75,26-35,White,60k-100k,200k-500k,0-500,7
101204,F,Montreal,QC,PERRON CLAUDIA,38,False,,White,61832.0,True,609025.0,0.0,True,True,3693,15152.34,791.0,Checking,5,15.08,False,28.74,,False,False,5,Medium,2,0,6,581-825-3809T,4510 1550T 6760 0936,CREDIT,TPC04251@test.comcast.net,0.18,0.13,36-45,White,60k-100k,500k-1M,0-500,7
109001,M,Vancouver,BC,MACKENZIE RON,35,True,,White,98677.0,True,1071716.0,0.0,True,False,5723,21607.99,752.0,Joint,10,64.0,True,3307.42,Mortgage,False,False,8,High,3,6,1,604-451-9971T,4519 9221T 3415 0275,DEBIT,TMR32669@test.yahoo.com,0.13,0.16,26-35,White,60k-100k,1M-2M,0-500,8
155058,F,Ottawa,ON,VISSER AMY,45,False,,White,107107.0,True,948555.0,0.0,True,False,8926,44738.37,821.0,Checking,4,10.62,False,27.66,Mortgage,False,False,1,Medium,2,1,5,289-214-3937T,4512 2394T 6192 7811,CREDIT,TVA6543877@non.aol.com,0.14,0.09,36-45,White,100k-200k,500k-1M,0-500,9
55187,F,Toronto,ON,LEACH ANNA,20,False,,White,26581.0,False,0.0,827.0,False,False,1541,2516.97,410.0,Savings,13,8.98,False,17.49,,False,True,1,Low,6,0,7,613-753-5126T,4514 0192T 4907 3796,CREDIT,TLEACHF82@non.hotmail.com,0.15,0.2,18-25,White,0-30k,0-200k,500-1k,10
55967,M,Toronto,ON,CARD SCOTT,43,False,,Asian,90415.0,True,1063917.0,0.0,True,False,4502,21705.77,724.0,Checking,7,88.0,True,2492.79,,False,True,6,High,4,6,1,226-350-9894T,4510 1529T 0972 9168,CREDIT,TCASCthriftyPie61961@synth.cogeco.ca,0.15,0.28,36-45,OTHER,60k-100k,1M-2M,0-500,40
98294,M,Montreal,QC,DESROCHERS GASTON,36,True,cr8RtOEy,White,95162.0,True,594554.0,0.0,True,False,5903,22722.52,707.0,Investment,26,12.77,False,26.78,Mortgage,False,False,0,Medium,2,0,5,468-775-3096T,4510 1334T 2593 7146,CREDIT,TDG5790299@synth.zoho.com,0.18,0.05,26-35,White,60k-100k,500k-1M,0-500,6
135084,F,Edmonton,AB,REED DIANA,44,False,,White,92473.0,True,462356.0,0.0,True,False,4298,87218.47,735.0,Credit,28,100.0,True,3274.63,Mortgage,False,False,0,High,5,0,7,403-232-4131T,5415 9032T 2232 0202,CREDIT,TRD096887733@fake.comcast.net,0.16,0.16,36-45,White,60k-100k,200k-500k,0-500,5
48286,F,Toronto,ON,BOZZER HEATHER,43,False,,Asian,67720.0,True,1122344.0,0.0,True,False,3330,12422.85,652.0,Checking; Credit,4,81.0,True,2520.93,Mortgage,True,False,12,High,5,1,7,753-941-3925T,4510 1615T 9440 0757,DEBIT,TforsakenFerret2BOHE@rand.att.net,0.15,0.07,36-45,OTHER,60k-100k,1M-2M,0-500,69
53175,F,Toronto,ON,LEPAGE MONA,34,False,,White,61472.0,True,982451.0,0.0,True,False,2883,13426.84,671.0,Checking,12,7.38,False,39.36,Mortgage,True,False,0,Low,5,0,7,647-784-9877T,4519 9264T 0563 2331,DEBIT,TenviousEagle6LEMO@test.mail.com,0.15,0.16,26-35,White,60k-100k,500k-1M,0-500,14
96640,M,Montreal,QC,HOULE ALAIN,21,False,,White,10297.0,False,0.0,513.0,False,False,1110,9753.57,432.0,Savings; Checking,5,10.7,False,6.25,,False,False,1,Medium,2,1,5,438-357-5363T,4512 2329T 2040 6855,CREDIT,THOULE_ALAIN81@rand.yahoo.com,0.18,0.08,18-25,White,0-30k,0-200k,500-1k,11
124648,F,Calgary,AB,KOPPANG BARBARA,40,True,,White,127300.0,True,691763.0,0.0,True,False,10608,9199.06,728.0,Joint,30,24.49,False,44.7,Mortgage,False,False,3,Medium,2,3,3,780-316-5256T,4519 9281T 9450 0516,DEBIT,TKB9642562@non.aol.com,0.14,0.17,36-45,White,100k-200k,500k-1M,0-500,7
59883,M,Toronto,ON,LEONARD PATRICK,28,False,,Latino,90349.0,True,1167887.0,0.0,True,False,2529,28554.19,738.0,Credit; Investment; Checking,17,8.84,False,31.81,Mortgage,True,False,0,Low,6,6,1,416-613-8409T,4510 1657T 2717 0512,DEBIT,TLEONARDunhappyDotterel175@test.iCloud.com,0.15,0.55,26-35,OTHER,60k-100k,1M-2M,0-500,39
66760,F,Toronto,ON,FERGUSON DONNA,38,False,,Asian,95127.0,False,0.0,1671.0,True,False,4040,24515.49,599.0,Credit,28,20.01,False,23.56,,True,False,1,Low,5,0,6,742-997-5498T,4510 1626T 5866 5964,DEBIT,TmercifulEagle2FEDO@test.jumo.com,0.15,0.04,36-45,OTHER,60k-100k,0-200k,1k-2k,7
97373,F,Montreal,QC,LACROIX FRANCINE,48,False,,White,60024.0,True,559117.0,0.0,True,False,3556,22236.18,657.0,Credit,32,59.0,True,2316.12,Mortgage,False,False,9,High,4,1,6,579-197-9857T,4514 0137T 3109 5886,CREDIT,TdopeyThrushe8LAFR@fake.jumo.com,0.18,0.12,46-55,White,60k-100k,500k-1M,0-500,7
2671,F,Toronto,ON,DONNA DICKERSON,20,False,,Asian,9719.0,False,0.0,888.0,False,False,969,9033.43,420.0,Checking; Savings,16,9.29,False,7.32,,False,False,0,Medium,2,2,4,742-945-4709T,4514 0151T 0456 8886,CREDIT,TDONNA_DICKERSON23@fake.hotmail.com,0.15,0.09,18-25,OTHER,0-30k,0-200k,500-1k,15
82231,F,Montreal,QC,ROBERT DIANE,44,False,,White,82197.0,True,646756.0,0.0,True,False,4000,79598.14,702.0,Investment,6,14.44,False,70.22,Mortgage,False,False,8,Medium,2,0,6,438-327-8756T,5415 9074T 8052 5890,CREDIT,TRD6761@synth.yahoo.com,0.18,0.12,36-45,White,60k-100k,500k-1M,0-500,21
142854,M,Ottawa,ON,FROMAN JOHN,29,False,,Asian,88836.0,True,672839.0,0.0,True,False,3942,30812.52,698.0,Checking,13,9.24,False,12.55,Personal Loan,True,False,0,Low,5,0,5,289-291-3759T,4510 1635T 9943 0584,DEBIT,TFROMAN_JOHN39@synth.att.net,0.14,0.22,26-35,OTHER,60k-100k,500k-1M,0-500,7
57268,F,Toronto,ON,BURGESS TARYN,31,False,,White,94292.0,True,1080212.0,0.0,True,False,4893,14995.93,700.0,Credit,4,11.64,False,37.44,Mortgage,False,True,0,Medium,2,2,5,226-559-5177T,4510 1377T 9313 0677,CREDIT,TBT0234171543@non.hotmail.com,0.15,0.1,26-35,White,60k-100k,1M-2M,0-500,37
54805,M,Toronto,ON,ERB KEITH,49,False,,Asian,94488.0,True,1221766.0,0.0,True,False,4348,41364.9,775.0,Credit; Investment; Checking,4,12.28,False,39.82,,True,False,3,Medium,2,2,4,416-782-7363T,4510 1320T 1231 4979,CREDIT,TERKEsolidMallard11953@fake.hotmail.com,0.15,0.13,46-55,OTHER,60k-100k,1M-2M,0-500,12
131344,M,Calgary,AB,GRANT LANCE,34,True,Fp0jfg26,White,111476.0,True,533500.0,0.0,True,False,9290,22968.55,745.0,Joint,9,14.07,False,43.01,Mortgage,False,True,12,Medium,2,0,6,780-955-6740T,5415 9089T 5110 4866,CREDIT,TGL89000888@non.mail.com,0.14,0.1,26-35,White,100k-200k,500k-1M,0-500,5
155061,F,Ottawa,ON,SCUTCHER DIANE,37,False,,White,100548.0,True,735788.0,0.0,True,False,8379,32492.78,699.0,Checking,1,69.0,True,5365.47,Personal Loan,True,False,12,High,3,1,4,742-262-4061T,4510 1628T 2936 6667,DEBIT,TSD290622@rand.cogeco.ca,0.14,0.81,36-45,White,100k-200k,500k-1M,0-500,9
104254,F,Vancouver,BC,PLATT JOYCE,44,False,,White,97324.0,True,1480766.0,0.0,True,False,4665,46131.86,749.0,Checking,5,97.0,True,2517.67,Mortgage,False,True,10,High,4,0,6,250-596-2710T,5415 9075T 4331 0043,CREDIT,TdreadfulMare3PLJO@test.comcast.net,0.13,0.09,36-45,White,60k-100k,1M-2M,0-500,14
20573,M,Toronto,ON,FERGUSON JOHN,31,False,,Asian,90325.0,True,1128913.0,0.0,True,False,3160,19076.57,721.0,Checking,4,6.37,False,31.91,Mortgage,False,False,0,Low,5,2,3,249-501-1473T,4510 1575T 0466 6900,CREDIT,TFJ829037@rand.cogeco.ca,0.15,0.06,26-35,OTHER,60k-100k,1M-2M,0-500,39
167923,F,Hamilton,ON,JOHNSTON LISA,44,False,,White,76491.0,True,724050.0,0.0,True,False,3980,105685.21,720.0,Credit,4,10.11,False,17.44,Mortgage,False,True,0,Medium,2,0,7,683-960-7569T,4512 2359T 4467 2931,CREDIT,TbetrayedSausage1JOLI@non.gmail.com,0.15,0.11,36-45,White,60k-100k,500k-1M,0-500,8
189748,M,Brampton,ON,PAGET JIM,30,True,96pEwCxQ,Asian,101012.0,True,1303579.0,0.0,True,False,5417,13869.61,729.0,Credit; Checking,17,8.97,False,27.29,Personal Loan,False,False,9,Low,4,1,5,343-244-7320T,5415 9090T 9136 8628,CREDIT,TPJ22248122@test.att.net,0.17,0.07,26-35,OTHER,100k-200k,1M-2M,0-500,6
1074,M,Toronto,ON,LARSON ALEX,39,False,,Asian,76752.0,True,1056315.0,0.0,True,False,3516,29165.03,712.0,Checking,24,13.45,False,19.85,Personal Loan,True,False,0,Medium,2,0,5,343-860-9401T,4514 0170T 4253 6378,CREDIT,TLARSONALEX@test.yahoo.com,0.15,0.05,36-45,OTHER,60k-100k,1M-2M,0-500,40
81198,M,Montreal,QC,BECHARD FRANCOIS,39,False,,Black,72251.0,True,630975.0,0.0,True,False,3925,24303.11,693.0,Checking,22,39.0,True,2373.28,,True,False,11,High,5,4,1,873-875-4913T,4519 9269T 9297 9330,DEBIT,TBECHARDFRANCOIS@rand.att.net,0.18,0.47,36-45,OTHER,60k-100k,500k-1M,0-500,18
103991,F,Vancouver,BC,YOSHIDA AMY,35,False,,Asian,87387.0,True,1319716.0,0.0,True,False,3703,55558.6,741.0,Checking,16,6.67,False,33.8,Mortgage,True,False,0,Low,5,1,6,250-624-4639T,4510 1672T 7057 2381,DEBIT,TYA392491542@test.neo.com,0.13,0.11,26-35,OTHER,60k-100k,1M-2M,0-500,16
144177,M,Ottawa,ON,BRETT RICHARD,30,False,,Others,99807.0,True,710164.0,0.0,True,False,3545,24217.97,601.0,Investment,13,33.0,True,2076.8,Mortgage,False,False,0,High,4,3,4,647-588-1407T,4519 9299T 5341 7805,DEBIT,TBR5742@fake.bla.com,0.14,0.2,26-35,OTHER,60k-100k,500k-1M,0-500,7
164450,F,Quebec City,QC,SOUCY MELANIE,43,True,,White,66163.0,True,343694.0,0.0,True,False,4385,10450.84,679.0,Credit,4,8.93,False,45.89,Mortgage,False,False,0,Low,5,0,7,579-173-5300T,4510 1521T 9985 3354,CREDIT,TSM44009042@test.yahoo.com,0.16,0.05,36-45,White,60k-100k,200k-500k,0-500,7
165792,F,Quebec City,QC,BARRIAULT JENNY,30,False,,White,68161.0,True,325258.0,0.0,True,False,3637,9504.63,624.0,Checking,17,7.64,False,33.3,Mortgage,False,False,0,Low,4,0,8,418-647-2289T,4512 2379T 6744 5654,CREDIT,TBJ55964276@synth.jumo.com,0.16,0.11,26-35,White,60k-100k,200k-500k,0-500,11
155070,F,Ottawa,ON,MCCOY LINDA,36,True,,White,80399.0,True,920230.0,0.0,True,False,3675,63161.9,721.0,Checking,22,11.75,False,47.16,Mortgage,False,False,0,Low,5,0,6,647-876-3070T,4510 1686T 4775 6225,DEBIT,TML377431509@test.hotmail.com,0.14,0.1,26-35,White,60k-100k,500k-1M,0-500,7
103771,M,Vancouver,BC,ANGELA GRIFFIN,40,False,,Asian,101142.0,True,1035488.0,0.0,True,False,7414,11894.72,696.0,Investment; Credit; Checking,7,19.47,False,56.92,Personal Loan,True,False,0,Low,6,2,3,672-702-9346T,4514 0175T 4517 1609,CREDIT,TANGELAGRIFFIN@synth.bla.com,0.13,0.33,36-45,OTHER,100k-200k,1M-2M,0-500,8
5630,F,Toronto,ON,CHYNOWETH ERIN,31,False,,White,73200.0,True,1080952.0,0.0,True,False,3421,37052.84,707.0,Investment,6,6.38,False,21.68,Mortgage,True,False,9,Low,6,2,4,519-200-8921T,4510 1692T 0590 7814,DEBIT,TCE098534467@test.yahoo.com,0.15,0.25,26-35,White,60k-100k,1M-2M,0-500,37
18346,F,Toronto,ON,LEFEBVRE RACHEL,35,False,,Asian,70817.0,True,1130343.0,0.0,True,False,3836,13935.53,666.0,Investment; Credit; Checking,13,13.06,False,33.7,Mortgage,True,False,2,Medium,2,1,5,647-651-1312T,4510 1533T 2363 3477,CREDIT,TlyingWasp8LERA@synth.att.net,0.15,0.11,26-35,OTHER,60k-100k,1M-2M,0-500,63
46039,M,Toronto,ON,ADAM PEREZ,49,False,,Latino,98315.0,True,1156168.0,0.0,True,False,5195,89499.07,762.0,Investment; Checking,34,100.0,True,3636.58,Mortgage,False,True,0,High,4,2,2,365-269-6291T,4514 0149T 6801 5404,CREDIT,TAP76429866@synth.gmail.com,0.15,0.1,46-55,OTHER,60k-100k,1M-2M,0-500,12
71313,F,Toronto,ON,AMBER PRICE,35,False,,Others,70174.0,True,1236568.0,0.0,True,False,4055,26369.54,686.0,Credit; Investment,9,10.06,False,25.14,Mortgage,True,True,11,Medium,2,2,3,226-173-2582T,4512 2383T 9152 5826,CREDIT,TAP3990826048@non.hotmail.com,0.15,0.26,26-35,OTHER,60k-100k,1M-2M,0-500,63
9912,F,Toronto,ON,CHALK EULA,43,True,,Latino,110477.0,True,1282422.0,0.0,True,False,9206,7585.39,762.0,Checking,8,44.0,True,7005.7,Mortgage,True,True,0,High,4,2,3,416-711-2050T,4519 9291T 0132 5126,DEBIT,TCE93269@synth.iCloud.com,0.15,0.13,36-45,OTHER,100k-200k,1M-2M,0-500,16
90699,M,Montreal,QC,FORTIN CLAUDE,28,False,,White,67236.0,True,531404.0,0.0,True,False,2929,8760.88,673.0,Credit; Checking,11,4.84,False,53.61,,True,True,11,Low,5,1,4,438-889-5411T,4514 0134T 1505 7193,CREDIT,TFC0388749864@fake.bla.com,0.18,0.48,26-35,White,60k-100k,500k-1M,0-500,30
48137,F,Toronto,ON,JONCAS LINDSAY,43,False,,Latino,73046.0,True,1134010.0,0.0,True,False,4277,43922.32,702.0,Checking,14,14.74,False,2.0,Mortgage,True,False,0,Medium,2,1,4,226-264-6297T,4510 1531T 1143 8600,CREDIT,TJL7244@synth.bla.com,0.15,0.08,36-45,OTHER,60k-100k,1M-2M,0-500,69
116967,F,Vancouver,BC,TRONK ELISABETH,41,True,oIX55Jhc,Asian,74582.0,True,1258635.0,0.0,True,False,4979,50052.92,762.0,Credit,14,64.0,True,2941.9,Mortgage,True,False,11,High,5,3,5,604-300-5608T,4510 1573T 8787 2712,CREDIT,TmildLion7TREL@fake.zoho.com,0.13,0.3,36-45,OTHER,60k-100k,1M-2M,0-500,12
5364,M,Toronto,ON,LARSEN DENIS,31,False,,White,101392.0,True,1208691.0,0.0,True,False,8449,8861.03,716.0,Investment,4,81.0,True,5390.61,Mortgage,False,False,0,High,5,0,4,753-894-1245T,4510 1692T 1384 0023,DEBIT,TLD6036680423@synth.proton.com,0.15,0.86,26-35,White,100k-200k,1M-2M,0-500,16
18731,M,Toronto,ON,NOAH PROCTOR,41,False,,Asian,82300.0,True,1164205.0,0.0,True,False,4087,29686.69,688.0,Credit; Checking; Investment,7,105.0,True,2805.6,Mortgage,True,False,10,High,5,2,4,905-825-2715T,4514 0116T 9609 6070,CREDIT,TNP0937352561@test.comcast.net,0.15,0.1,36-45,OTHER,60k-100k,1M-2M,0-500,40
178892,M,Mississauga,ON,ROGERS HARVEY,40,True,,Asian,101920.0,True,1322599.0,0.0,True,False,8493,24632.84,746.0,Investment; Checking; Joint,17,53.0,True,5069.94,Mortgage,True,False,0,High,4,5,2,683-278-1868T,4510 1328T 6714 1673,CREDIT,TRH5720@rand.neo.com,0.17,0.16,36-45,OTHER,100k-200k,1M-2M,0-500,5
147483,F,Ottawa,ON,TOUSIGNANT-ROBERTSON JANE,49,True,dBPM21V9,White,94034.0,True,897877.0,0.0,True,False,5178,36070.51,754.0,Checking,4,91.0,True,4138.19,Mortgage,True,True,12,High,4,2,3,705-950-4265T,4519 9259T 4876 9170,DEBIT,TsomberPepper0TOJA@synth.mail.com,0.14,0.09,46-55,White,60k-100k,500k-1M,0-500,5
49824,M,Toronto,ON,COTNAM MURRAY,47,False,,White,88528.0,True,1248045.0,0.0,True,False,5382,106508.39,770.0,Checking; Investment; Credit,28,106.0,True,3043.59,Personal Loan,False,False,6,High,4,5,1,365-120-5188T,4514 0119T 9856 7712,CREDIT,TCOTNAMMURRAY@synth.neo.com,0.15,0.19,46-55,White,60k-100k,1M-2M,0-500,11
135595,M,Edmonton,AB,GIBBS BARRY,43,False,,White,125359.0,True,535811.0,0.0,True,False,10447,38450.85,716.0,Credit,11,14.69,False,48.13,,True,False,4,Medium,2,1,3,368-934-8846T,4510 1543T 9193 4589,CREDIT,TGIBAempathicCur21991@test.hotmail.com,0.16,0.1,36-45,White,100k-200k,500k-1M,0-500,6
103442,M,Vancouver,BC,HEINICKE DIRK,31,True,,Asian,70352.0,True,1169810.0,0.0,True,False,3689,20632.93,719.0,Joint,15,7.05,False,31.5,Mortgage,True,False,3,Low,6,0,4,672-944-4729T,4510 1628T 7180 2547,DEBIT,THD8127394413@non.mail.com,0.13,0.17,26-35,OTHER,60k-100k,1M-2M,0-500,7
71675,F,Toronto,ON,HARGRAVE DIANE,43,False,,Asian,86026.0,True,1008130.0,0.0,False,False,3907,31444.99,686.0,Checking,3,75.0,True,3010.25,Auto Loan,True,False,3,High,3,0,6,289-926-7437T,4510 1651T 9253 8763,DEBIT,THD559795640@fake.icloud.com,0.15,0.07,36-45,OTHER,60k-100k,1M-2M,0-500,23
58057,F,Toronto,ON,FLARO ALICE,29,False,,White,84954.0,True,1060205.0,0.0,True,True,2909,36727.4,850.0,Credit; Checking; Investment,4,11.05,False,24.2,Mortgage,False,True,10,Low,6,4,2,807-109-6464T,4510 1683T 5177 1195,DEBIT,TFLARO_ALICE68@test.cogeco.ca,0.15,0.52,26-35,White,60k-100k,1M-2M,0-500,8
44320,M,Toronto,ON,BURRELL CRAIG,41,False,,Asian,108491.0,True,1302534.0,0.0,True,False,9041,12397.72,692.0,Credit,9,86.0,True,4917.7,Mortgage,True,False,1,High,4,3,2,683-963-3240T,4510 1642T 0115 7903,DEBIT,TBC653012816@rand.iCloud.com,0.15,0.41,36-45,OTHER,100k-200k,1M-2M,0-500,29
43701,M,Toronto,ON,DUDLEY CECIL,35,True,,White,79687.0,True,1296316.0,0.0,True,False,3853,36140.09,759.0,Investment,18,6.17,False,40.08,Mortgage,True,False,2,Low,6,4,1,416-240-4167T,5415 9082T 9293 0421,CREDIT,TDUDLEYCECIL@rand.netZero.com,0.15,0.51,26-35,White,60k-100k,1M-2M,0-500,11
63994,F,Toronto,ON,HICK KRISTA,29,False,,Asian,67359.0,True,891278.0,0.0,False,False,3186,12013.54,627.0,Credit; Checking,1,6.87,False,6.65,Mortgage,False,True,4,Low,5,0,7,705-454-3326T,4510 1354T 2223 9448,CREDIT,THK3065560@synth.comcast.net,0.15,0.13,26-35,OTHER,60k-100k,500k-1M,0-500,6
45602,F,Toronto,ON,BEIMERS CHERYL,30,False,,White,100318.0,True,1441715.0,0.0,True,False,3225,6898.97,702.0,Credit; Checking; Investment,14,18.97,False,26.63,Personal Loan,True,True,0,Medium,2,1,4,807-592-2997T,4519 9283T 2756 3620,DEBIT,TBC0255231399@fake.proton.com,0.15,0.1,26-35,White,100k-200k,1M-2M,0-500,9
97546,M,Montreal,QC,GAUTHIER MARIO,45,True,,Asian,94576.0,True,714175.0,0.0,True,False,6074,17364.21,739.0,Investment,1,0.35,False,67.31,Personal Loan,False,False,8,Low,5,0,5,354-850-2059T,4519 9228T 3433 1175,DEBIT,TGAMAsolidCheese01979@rand.comcast.net,0.18,0.08,36-45,OTHER,60k-100k,500k-1M,0-500,17
164636,M,Quebec City,QC,GODBOUT PIERRE,43,True,,White,80011.0,True,392258.0,0.0,True,False,4044,17712.36,679.0,Checking,10,65.0,True,2091.59,Mortgage,False,True,0,High,4,4,1,367-437-4474T,5415 9024T 8226 7892,CREDIT,TGP2022586@test.yahoo.com,0.16,0.21,36-45,White,60k-100k,200k-500k,0-500,8
148723,F,Ottawa,ON,MCDERMID DOREEN,20,False,,Others,25066.0,False,0.0,839.0,False,False,1455,2244.63,426.0,Checking,10,9.99,False,12.04,,False,True,9,Low,5,0,6,807-527-5694T,4512 2357T 5294 9651,CREDIT,TMD044285@synth.cogeco.ca,0.14,0.22,18-25,OTHER,0-30k,0-200k,500-1k,5
71383,F,Toronto,ON,HEALEY MAUREEN,31,False,,White,90562.0,True,1253135.0,0.0,True,True,3702,24304.32,850.0,Checking; Investment,21,7.22,False,35.3,Mortgage,True,False,1,Low,5,0,6,905-726-5960T,5415 9084T 3658 0978,CREDIT,THM119773@non.yahoo.com,0.15,0.04,26-35,White,60k-100k,1M-2M,0-500,8
120867,F,Vancouver,BC,STATEN CAROLYN,35,False,,Asian,77105.0,True,1440416.0,0.0,True,False,3546,49968.48,724.0,Investment; Checking,16,117.0,True,2085.89,Personal Loan,False,False,10,High,5,0,5,236-708-2614T,4519 9225T 8582 9426,DEBIT,TdreadfulGnu7STCA@fake.comcast.net,0.13,0.09,26-35,OTHER,60k-100k,1M-2M,0-500,16
24725,M,Toronto,ON,TIFFANY ANDERSON,36,True,,Asian,81104.0,True,1082113.0,0.0,True,False,3887,45518.79,758.0,Investment,4,44.0,True,2940.71,Mortgage,True,True,0,High,5,2,2,416-358-1681T,4514 0136T 8302 5071,CREDIT,TTIANwrathfulBuck81967@rand.mail.com,0.15,0.05,26-35,OTHER,60k-100k,1M-2M,0-500,19
98614,M,Montreal,QC,NOBERT DENIS,43,True,,Asian,82856.0,True,619788.0,0.0,True,False,4177,37570.91,711.0,Credit,23,97.0,True,2099.57,Mortgage,True,False,12,High,5,5,1,450-291-7416T,4519 9249T 2581 7410,DEBIT,TNOBERTDENIS@synth.gmail.com,0.18,0.19,36-45,OTHER,60k-100k,500k-1M,0-500,17
9769,M,Toronto,ON,KUTSCHKE JOHN,46,False,,White,89918.0,True,1285089.0,0.0,True,False,5416,25693.95,743.0,Credit; Investment; Checking,6,106.0,True,3171.58,Mortgage,False,False,0,High,3,4,1,343-579-8871T,5415 9087T 9174 3931,CREDIT,TKUJOcockyLemur01964@test.netZero.com,0.15,0.08,36-45,White,60k-100k,1M-2M,0-500,31
10409,F,Toronto,ON,PAQUETTE JOANNE,41,True,,Asian,85297.0,True,1173060.0,0.0,True,False,5526,11183.48,731.0,Investment; Joint; Checking; Credit,21,32.0,True,3725.1,Mortgage,True,False,0,High,5,2,5,613-740-6939T,4519 9274T 3917 7160,DEBIT,TaboardBass3PAJO@fake.comcast.net,0.15,0.14,36-45,OTHER,60k-100k,1M-2M,0-500,36
137515,F,Edmonton,AB,HERYFORD DEBBIE,31,False,,White,81279.0,True,245944.0,0.0,True,False,3455,17183.75,656.0,Credit,7,70.0,True,2088.1,Mortgage,False,False,0,High,4,0,4,825-588-8659T,4510 1689T 6643 5875,DEBIT,TbubblyEagle0HEDE@synth.outlook.com,0.16,0.06,26-35,White,60k-100k,200k-500k,0-500,6
3055,M,Toronto,ON,MAGIEROWICZ JOHN,31,True,,White,99558.0,True,1045665.0,0.0,True,False,6434,42384.73,754.0,Checking,5,8.83,False,17.49,Mortgage,True,False,4,Low,4,4,2,905-730-2935T,4510 1685T 9002 4489,DEBIT,TMJ1629@test.outlook.com,0.15,0.23,26-35,White,60k-100k,1M-2M,0-500,11
53698,F,Toronto,ON,SMITH LOIS,42,True,,Asian,97880.0,True,1283335.0,0.0,True,False,4381,36380.73,778.0,Checking,9,65.0,True,2970.93,Auto Loan,True,False,0,High,4,1,6,613-371-4253T,4510 1319T 0212 1145,CREDIT,TSL362144183@test.att.net,0.15,0.06,36-45,OTHER,60k-100k,1M-2M,0-500,36
1630,M,Toronto,ON,YAKYMISHEN EUGENE,46,True,,Asian,90015.0,True,1301440.0,0.0,True,False,5881,40537.65,780.0,Credit; Investment; Joint; Checking,25,17.45,False,51.62,Mortgage,True,True,4,Low,5,3,1,249-541-4808T,4512 2320T 7357 0571,CREDIT,TYE57367@non.iCloud.com,0.15,0.33,36-45,OTHER,60k-100k,1M-2M,0-500,26
91286,M,Montreal,QC,OTT FREDERIC,41,True,ZOPRGTKR,Black,78489.0,True,587175.0,0.0,True,False,4759,25722.79,718.0,Credit,6,17.07,False,18.29,Mortgage,False,True,7,Medium,2,1,4,438-848-2587T,4512 2377T 4688 6329,CREDIT,TOTTFREDERIC@non.outlook.com,0.18,0.11,36-45,OTHER,60k-100k,500k-1M,0-500,17
59133,M,Toronto,ON,DION GILBERT,48,True,,White,116333.0,True,1116226.0,0.0,True,False,7406,18236.14,773.0,Joint; Checking; Credit,9,94.0,True,3934.31,Mortgage,True,False,0,High,4,3,1,289-908-8051T,4519 9237T 0684 0890,DEBIT,TDG7422613@synth.netZero.com,0.15,0.23,46-55,White,100k-200k,1M-2M,0-500,7
63778,M,Toronto,ON,KATELYN THOMAS,47,True,,Asian,87484.0,True,1214011.0,0.0,True,False,4578,53412.73,768.0,Checking,7,13.9,False,36.73,Mortgage,True,False,2,Medium,2,0,4,683-930-6756T,4519 9234T 2688 0601,DEBIT,TKT218561806@synth.bla.com,0.15,0.11,46-55,OTHER,60k-100k,1M-2M,0-500,9
187678,M,Brampton,ON,BIANCO KURT,28,False,,Asian,114790.0,True,1239671.0,0.0,True,False,3451,18275.88,726.0,Checking,8,9.63,False,7.25,Mortgage,True,False,0,Low,4,4,1,705-985-6462T,4519 9246T 8138 5896,DEBIT,TBIANCO_KURT36@rand.icloud.com,0.17,0.33,26-35,OTHER,100k-200k,1M-2M,0-500,5
107829,M,Vancouver,BC,HIBBARD JAMES,32,False,,Asian,94162.0,True,1161089.0,0.0,True,False,3925,42326.73,754.0,Checking,17,5.53,False,11.62,Mortgage,False,False,0,Low,4,2,4,236-545-1955T,4519 9288T 9961 9545,DEBIT,THJ47649221@non.neo.com,0.13,0.08,26-35,OTHER,60k-100k,1M-2M,0-500,21
32960,M,Toronto,ON,RAY NORTHEY,40,True,OKkbrgdC,White,89142.67,True,1295470.0,0.0,True,False,5253,25362.12,715.0,Investment,16,34.0,True,2770.86,Mortgage,False,False,0,High,3,2,4,226-950-3594T,4512 2346T 1455 0491,CREDIT,TRN1765594@non.mail.com,0.15,0.15,36-45,White,60k-100k,1M-2M,0-500,21
53827,M,Toronto,ON,MAIRS PAUL,35,True,,Black,100595.0,True,1151472.0,0.0,True,False,8383,57788.99,787.0,Investment; Checking,8,10.44,False,14.1,Mortgage,True,True,0,Low,4,2,3,416-993-5733T,4510 1345T 0970 6869,CREDIT,TMP4974570777@synth.icloud.com,0.15,0.09,26-35,OTHER,100k-200k,1M-2M,0-500,18
159099,F,Winnipeg,MB,KEHLER ALISON,29,False,,White,70673.0,True,433931.0,0.0,True,False,2752,30150.45,674.0,Investment; Credit,15,11.94,False,10.62,,False,False,0,Low,6,4,2,431-636-3315T,4510 1679T 6863 0730,DEBIT,TKA3668625@synth.jumo.com,0.18,0.52,26-35,White,60k-100k,200k-500k,0-500,5
54568,M,Toronto,ON,DESTINY HARRIS,37,True,,White,105273.0,True,1316189.0,0.0,True,False,8773,18439.46,746.0,Joint,4,89.0,True,4834.44,Personal Loan,True,False,0,High,4,0,4,548-213-8124T,5415 9012T 7789 9591,CREDIT,TDH5291@rand.cogeco.ca,0.15,0.08,36-45,White,100k-200k,1M-2M,0-500,16
57487,F,Toronto,ON,MOSELEY-WILLIAMS LYNDA,30,False,,White,91692.0,True,1011749.0,0.0,True,True,5040,10185.81,825.0,Investment,18,14.93,False,38.39,Mortgage,True,False,8,Medium,2,0,7,437-580-3939T,4510 1650T 9614 2031,DEBIT,TML2604604@test.netZero.com,0.15,0.08,26-35,White,60k-100k,1M-2M,0-500,8
11764,F,Toronto,ON,JOHN LEE,22,False,,Asian,22450.0,False,0.0,939.0,False,True,1140,2252.32,575.0,Savings; Checking,1,8.99,False,5.51,,False,False,0,Medium,2,2,4,365-618-2149T,4510 1396T 2001 1363,CREDIT,TJOHN_LEE72@fake.bla.com,0.15,0.12,18-25,OTHER,0-30k,0-200k,500-1k,6
67092,F,Toronto,ON,EXTON GILLIAN,42,True,,White,97121.0,True,1243603.0,0.0,True,False,6349,33852.61,754.0,Checking; Investment; Joint,4,52.0,True,3272.97,Mortgage,True,False,12,High,4,1,7,742-586-1244T,5415 9059T 6796 5726,CREDIT,TjoyfulAbalone8EXGI@fake.att.net,0.15,0.05,36-45,White,60k-100k,1M-2M,0-500,25
85038,F,Montreal,QC,PROULX NICOLE,40,False,,White,56110.0,True,662034.0,0.0,True,False,2608,30084.03,653.0,Checking,5,14.14,False,12.48,Mortgage,True,False,0,Low,6,1,5,450-716-8191T,4510 1377T 5492 9654,CREDIT,TforsakenCrane2PRNI@synth.jumo.com,0.18,0.22,36-45,White,30k-60k,500k-1M,0-500,8
49367,F,Toronto,ON,ALBERRY ASTA,40,False,,Asian,74113.0,True,1277346.0,0.0,False,False,3597,18839.46,677.0,Credit,20,13.11,False,13.44,Mortgage,True,True,9,Medium,2,1,6,683-902-5546T,4510 1386T 1225 4549,CREDIT,TAA951420648@rand.icloud.com,0.15,0.33,36-45,OTHER,60k-100k,1M-2M,0-500,23
27310,F,Toronto,ON,QUINN MONICA,44,False,,White,92957.0,True,1041840.0,0.0,True,False,3997,41091.4,728.0,Credit,21,13.49,False,79.07,,False,False,9,Low,6,3,4,647-456-5076T,5415 9024T 7304 0249,CREDIT,TQM99200@fake.mail.com,0.15,0.36,36-45,White,60k-100k,1M-2M,0-500,42
4027,M,Toronto,ON,FRENETTE DONALD,38,False,,White,120136.0,True,1276952.0,0.0,False,False,10011,41564.22,729.0,Investment; Checking; Credit,18,18.27,False,33.45,Mortgage,False,False,0,Medium,2,3,3,519-888-4275T,4512 2387T 2920 6978,CREDIT,TFD170553@synth.zoho.com,0.15,0.19,36-45,White,100k-200k,1M-2M,0-500,9
75593,M,Montreal,QC,RONDEAU RICHARD,39,False,,White,66381.0,True,552062.0,0.0,True,True,3065,5035.79,782.0,Checking,29,18.55,False,40.61,Mortgage,True,False,0,Low,5,1,6,450-180-6864T,4510 1538T 1790 8445,CREDIT,TRR836634049@non.att.net,0.18,0.09,36-45,White,60k-100k,500k-1M,0-500,6
84159,F,Montreal,QC,LEVESQUE REJEAN,43,False,,White,78105.0,True,573137.0,0.0,True,False,4396,44238.15,720.0,Credit,18,9.98,False,53.51,Mortgage,True,False,0,Low,6,4,1,367-812-6193T,4510 1663T 3165 3290,DEBIT,TLR59246614@rand.netZero.com,0.18,0.46,36-45,White,60k-100k,500k-1M,0-500,21
15321,M,Toronto,ON,RESTORICK KEN,21,False,,White,24013.0,False,0.0,958.0,False,False,1101,6927.01,418.0,Checking,12,10.26,False,10.12,,False,False,4,Medium,2,0,5,647-822-5432T,4510 1667T 4712 6038,DEBIT,TRK190294@fake.mail.com,0.15,0.13,18-25,White,0-30k,0-200k,500-1k,9
31714,M,Toronto,ON,BEYER BRIAN,28,False,,Asian,96767.0,True,1042010.0,0.0,True,False,2751,35453.73,746.0,Checking,10,13.34,False,27.1,Mortgage,True,False,0,Medium,2,0,5,548-992-9141T,4510 1512T 5154 9308,CREDIT,TBEYER_BRIAN18@synth.bla.com,0.15,0.05,26-35,OTHER,60k-100k,1M-2M,0-500,39
66903,M,Toronto,ON,ROCCA DAVID,34,False,,Black,73302.0,True,1022927.0,0.0,True,False,3076,12216.6,681.0,Investment; Credit; Checking,4,11.43,False,10.73,Mortgage,True,False,4,Medium,2,0,6,249-326-6115T,4510 1675T 6894 7947,DEBIT,TRODAsorePear61983@synth.proton.com,0.15,0.15,26-35,OTHER,60k-100k,1M-2M,0-500,39
75944,F,Montreal,QC,DUBE JOCELYN,33,True,,Asian,67656.0,True,540780.0,0.0,True,False,3409,6988.98,693.0,Checking,19,116.0,True,2681.83,Mortgage,True,False,6,High,4,0,9,418-745-9084T,4512 2352T 2319 0826,CREDIT,TsolidIcecream9DUJO@rand.att.net,0.18,0.15,26-35,OTHER,60k-100k,500k-1M,0-500,7
76047,M,Montreal,QC,CYR JOSEPH,27,False,,White,80888.0,True,525522.0,0.0,True,False,3223,13124.01,681.0,Investment,5,105.0,True,1775.92,Mortgage,True,False,1,High,5,4,2,581-644-5939T,5415 9046T 2145 6925,CREDIT,TCYRinsecureOil031@synth.comcast.net,0.18,0.4,26-35,White,60k-100k,500k-1M,0-500,30
6920,M,Toronto,ON,LAURIE PHIL,49,False,,Asian,97633.0,True,1175470.0,0.0,True,False,4824,56873.99,759.0,Checking,21,108.0,True,3401.53,Mortgage,False,False,2,High,3,1,6,647-614-9561T,4510 1320T 4281 3155,CREDIT,TLAPHtruthfulToucan01986@test.zoho.com,0.15,0.09,46-55,OTHER,60k-100k,1M-2M,0-500,12
64623,F,Toronto,ON,JEREMY SIMMONS,49,True,,Black,90019.0,True,1012564.0,0.0,True,False,5115,100127.7,799.0,Investment,16,110.0,True,3396.42,Mortgage,True,True,0,High,4,1,6,613-663-1720T,4510 1599T 1107 5907,CREDIT,TJS444417@fake.iCloud.com,0.15,0.05,46-55,OTHER,60k-100k,1M-2M,0-500,11
59746,F,Toronto,ON,SAHR LETICIA,38,False,,White,76492.0,True,1186571.0,0.0,True,False,4091,59070.0,705.0,Checking,11,20.31,False,33.38,Mortgage,True,False,0,Medium,2,1,6,343-272-5455T,4519 9236T 3879 3116,DEBIT,TgrumpyPlover5SALE@fake.netZero.com,0.15,0.13,36-45,White,60k-100k,1M-2M,0-500,42
31363,F,Toronto,ON,WELLMAN ILA,34,False,,White,121228.0,True,1132710.0,0.0,True,False,9141,16409.66,726.0,Checking,14,11.85,False,24.45,Auto Loan,False,False,0,Medium,2,0,5,807-884-5268T,4514 0186T 5659 2612,CREDIT,TWI2816722047@non.att.net,0.15,0.07,26-35,White,100k-200k,1M-2M,0-500,9
3780,M,Toronto,ON,MCMAHON BRIAN,45,False,,White,100179.0,True,1068099.0,0.0,True,False,8348,22252.07,696.0,Checking; Investment,16,114.0,True,6653.53,Mortgage,False,False,9,High,4,4,1,519-814-1416T,4510 1518T 0313 0446,CREDIT,TMB95241139@rand.hotmail.com,0.15,0.33,36-45,White,100k-200k,1M-2M,0-500,19
110655,M,Vancouver,BC,DOODSON SHANE,49,False,,Asian,87383.0,True,1287162.0,0.0,True,False,5007,67345.59,747.0,Credit,4,20.11,False,12.91,Personal Loan,False,False,0,Medium,2,4,1,250-215-9106T,4514 0150T 9248 5280,CREDIT,TDS3460@rand.outlook.com,0.13,0.32,46-55,OTHER,60k-100k,1M-2M,0-500,5
93888,M,Montreal,QC,STEPHEN KELLEY,46,False,,White,76802.0,True,782278.0,0.0,False,False,3537,20025.98,698.0,Checking,16,14.84,False,17.13,Mortgage,True,False,7,Medium,2,1,3,450-745-7047T,4514 0133T 2965 9834,CREDIT,TSK326959404@fake.outlook.com,0.18,0.12,36-45,White,60k-100k,500k-1M,0-500,11
12898,F,Toronto,ON,BARTHOLOMEW ANITA,20,False,,Latino,28913.0,False,0.0,1087.0,False,False,1474,3145.66,423.0,Checking,4,70.0,True,850.01,,False,False,0,High,4,1,4,365-763-6621T,4519 9278T 2586 9941,DEBIT,TBA133765327@fake.iCloud.com,0.15,0.16,18-25,OTHER,0-30k,0-200k,1k-2k,11
106462,M,Vancouver,BC,DONALD GRIFFITH,41,False,,White,79886.0,True,1338142.0,0.0,True,False,3987,17184.42,702.0,Checking,4,19.67,False,34.47,Mortgage,True,False,0,Medium,2,1,4,672-373-5492T,4510 1535T 4235 7017,CREDIT,TDOGRworldlyThrush41993@non.live.com,0.13,0.08,36-45,White,60k-100k,1M-2M,0-500,12
6082,M,Toronto,ON,HASLAM GREG,44,False,,Asian,63359.0,True,1160330.0,0.0,True,False,3630,17803.91,677.0,Credit; Checking,4,12.07,False,22.99,Mortgage,True,False,4,Low,5,0,5,416-349-9779T,4510 1644T 7123 0630,DEBIT,THASLAMGREG@synth.neo.com,0.15,0.11,36-45,OTHER,60k-100k,1M-2M,0-500,40
48283,F,Toronto,ON,BOUTOT GISELE,30,False,,Asian,67471.0,True,976815.0,0.0,True,False,2843,7915.39,650.0,Credit,8,7.54,False,16.05,Mortgage,False,True,0,Low,6,0,6,365-473-9718T,5415 9025T 7254 2999,CREDIT,TBG447419@rand.neo.com,0.15,0.25,26-35,OTHER,60k-100k,500k-1M,0-500,22
58662,M,Toronto,ON,JAMES GUERRERO,41,True,,White,107406.0,True,1355072.0,0.0,True,False,7561,12002.26,752.0,Checking,23,16.76,False,21.47,Mortgage,True,False,3,Medium,2,1,5,226-779-4175T,4510 1350T 8780 5418,CREDIT,TJAMESGUERRERO@rand.neo.com,0.15,0.14,36-45,White,100k-200k,1M-2M,0-500,16
40055,F,Toronto,ON,AUDIA JESSICA,41,False,,White,77508.0,True,1290719.0,0.0,True,False,4287,41064.15,723.0,Credit,16,87.0,True,3152.62,Mortgage,True,False,7,High,4,1,5,807-711-1199T,4510 1346T 0382 2120,CREDIT,TAJ638486@test.neo.com,0.15,0.07,36-45,White,60k-100k,1M-2M,0-500,42
62511,F,Toronto,ON,DUCROS GENEVIEVE,28,False,,White,75467.0,True,1253249.0,0.0,True,False,3599,34313.59,702.0,Investment; Checking; Credit,4,13.09,False,18.73,Mortgage,False,False,0,Medium,2,0,5,613-623-7900T,4514 0158T 1905 6130,CREDIT,TDUCROS_GENEVIEVE41@non.bla.com,0.15,0.15,26-35,White,60k-100k,1M-2M,0-500,37
62620,M,Toronto,ON,MACDONALD BLAINE,44,False,,White,104533.0,True,1099359.0,0.0,True,False,8711,37849.63,712.0,Checking,29,84.0,True,6803.11,Personal Loan,True,False,4,High,4,6,1,249-737-8221T,4519 9280T 0889 6322,DEBIT,TMACDONALDBLAINE@fake.live.com,0.15,0.25,36-45,White,100k-200k,1M-2M,0-500,19
115914,M,Vancouver,BC,HARTLOPER VINCENT,40,False,,Native,72375.0,True,1096148.0,0.0,True,False,4300,43744.62,692.0,Investment,16,86.0,True,3301.63,Mortgage,True,False,12,High,4,4,1,236-575-9299T,4519 9287T 7377 4221,DEBIT,THAVItautCake71993@test.zoho.com,0.13,0.49,36-45,OTHER,60k-100k,1M-2M,0-500,9
33328,F,Toronto,ON,ROBBINS KATHY,31,True,,White,90112.0,True,1036351.0,0.0,True,False,4121,9444.39,711.0,Joint; Credit,21,46.0,True,2595.77,Personal Loan,True,False,0,High,4,1,5,548-989-9893T,4512 2396T 6681 7762,CREDIT,TRK2069496984@non.hotmail.com,0.15,0.06,26-35,White,60k-100k,1M-2M,0-500,14
66563,F,Toronto,ON,LEVOLA GLORIA,27,False,,Black,75954.0,True,1074269.0,0.0,True,False,4175,41159.74,730.0,Checking,11,56.0,True,2527.78,Mortgage,False,True,0,High,4,1,4,753-730-2584T,5415 9029T 2504 6658,CREDIT,TLEVOLA_GLORIA78@rand.proton.com,0.15,0.14,26-35,OTHER,60k-100k,1M-2M,0-500,63
189553,M,Brampton,ON,NOLAN LAWRENCE,35,True,,Black,107770.0,True,1391994.0,0.0,True,False,8981,47296.94,799.0,Investment,25,91.0,True,6908.88,Mortgage,False,False,5,High,5,2,2,705-932-8400T,4510 1592T 8040 7130,CREDIT,TNL062759726@fake.neo.com,0.17,0.05,26-35,OTHER,100k-200k,1M-2M,0-500,6
41294,M,Toronto,ON,BABA STANISLAW,27,False,,Asian,71802.0,True,1239313.0,0.0,True,False,3423,24306.97,670.0,Checking; Investment; Credit,2,13.53,False,19.5,Mortgage,False,False,4,Medium,2,0,5,705-187-6101T,4514 0150T 9298 1805,CREDIT,TBABA_STANISLAW34@rand.bla.com,0.15,0.08,26-35,OTHER,60k-100k,1M-2M,0-500,39
22414,F,Toronto,ON,DUKE LINDA,40,False,,Asian,92197.0,True,1081117.0,0.0,True,True,3826,308.19,832.0,Checking,24,103.0,True,2090.49,Mortgage,True,False,0,High,4,1,4,742-326-8537T,4512 2317T 7192 0840,CREDIT,TaffectedCardinal9DULI@fake.netZero.com,0.15,0.11,36-45,OTHER,60k-100k,1M-2M,0-500,12
142927,M,Ottawa,ON,MANTENUTO VICTOR,35,False,,Native,108927.0,True,857974.0,0.0,True,False,7053,22938.96,698.0,Credit; Checking; Investment,19,9.83,False,15.78,Mortgage,False,True,5,Low,5,2,3,647-270-7412T,4512 2331T 7705 0250,CREDIT,TMANTENUTOVICTOR@test.aol.com,0.14,0.15,26-35,OTHER,100k-200k,500k-1M,0-500,6
24163,F,Toronto,ON,GARCIA CECILIA,27,False,,White,81583.0,True,1156031.0,0.0,False,False,3794,14830.87,656.0,Checking,17,9.23,False,42.48,Mortgage,False,False,0,Low,6,2,3,742-370-6298T,5415 9077T 5527 7900,CREDIT,TGARCIA_CECILIA7@synth.zoho.com,0.15,0.2,26-35,White,60k-100k,1M-2M,0-500,9
6180,M,Toronto,ON,GALINDEZ BARBIER,34,True,Dv3CAOBS,Asian,125364.46,True,1153140.0,0.0,True,False,9662,13187.22,761.0,Checking,13,8.75,False,22.23,Mortgage,False,False,5,High,4,2,8,249-777-6603T,4510 1323T 8366 2494,CREDIT,TGB96786204@rand.cogeco.ca,0.15,0.12,26-35,OTHER,100k-200k,1M-2M,0-500,18
65167,M,Toronto,ON,SPROAT ALAN,29,False,,Black,123892.0,True,1133628.0,0.0,True,False,3737,18644.29,731.0,Credit,15,8.22,False,12.12,Auto Loan,True,False,0,Low,4,4,1,437-536-7138T,4519 9262T 8898 9165,DEBIT,TSA77557@test.mail.com,0.15,0.42,26-35,OTHER,100k-200k,1M-2M,0-500,21
105105,F,Vancouver,BC,WALKER JANE,36,False,,White,70892.0,True,1241295.0,0.0,False,False,4378,39016.54,667.0,Checking,25,19.63,False,10.15,Mortgage,False,False,11,Medium,2,0,6,604-401-8951T,4519 9228T 3322 5464,DEBIT,TWJ74496730@test.proton.com,0.13,0.19,26-35,White,60k-100k,1M-2M,0-500,5
52424,F,Toronto,ON,JENNIFER HALL,40,True,,Asian,61097.0,True,1201285.0,0.0,False,False,3851,13731.76,679.0,Joint,26,11.08,False,28.37,Mortgage,True,False,12,Medium,2,0,7,226-723-1220T,4514 0123T 9397 3304,CREDIT,TsugaryPoultry3JEHA@non.proton.com,0.15,0.12,36-45,OTHER,60k-100k,1M-2M,0-500,6
18696,F,Toronto,ON,SHEREMETA LIA,39,False,,White,68330.0,True,857237.0,0.0,True,False,3403,29834.56,692.0,Checking; Credit,2,0.08,False,28.26,Mortgage,False,True,6,Low,6,0,6,416-617-5125T,4512 2366T 4600 4949,CREDIT,TSL77015@rand.proton.com,0.15,0.44,36-45,White,60k-100k,500k-1M,0-500,10
72740,M,Toronto,ON,DIXON KENNETH,28,False,,White,72155.0,True,987712.0,0.0,True,False,2691,22137.66,699.0,Checking,4,12.94,False,31.23,Mortgage,True,True,0,Medium,2,2,3,742-245-6054T,4519 9273T 5899 7173,DEBIT,TDK0592823252@test.hotmail.com,0.15,0.24,26-35,White,60k-100k,500k-1M,0-500,19
153090,F,Ottawa,ON,NAGY KAROL,43,False,,White,109152.0,True,981435.0,0.0,True,False,9096,9156.24,725.0,Checking; Investment,29,18.48,False,65.13,Mortgage,True,True,3,Medium,2,0,6,905-346-4392T,4510 1387T 8071 0778,CREDIT,TNK7006283061@synth.att.net,0.14,0.22,36-45,White,100k-200k,500k-1M,0-500,9
72791,F,Toronto,ON,HORNING KALINICS,30,True,UykYmK4o,White,111620.24,True,1013219.0,0.0,True,False,6424,22543.06,761.0,Joint,19,107.0,True,4897.79,,False,False,0,High,4,2,4,289-472-4916T,4514 0111T 0098 0139,CREDIT,THK829172@non.cogeco.ca,0.15,0.14,26-35,White,100k-200k,1M-2M,0-500,7
64982,F,Toronto,ON,JONATHAN GARCIA,35,False,,Asian,64415.0,True,1127833.0,0.0,True,False,2813,20089.62,687.0,Credit; Checking,4,9.94,False,8.24,Mortgage,True,False,0,Low,5,0,7,289-870-7883T,4510 1687T 4401 2312,DEBIT,TmorbidEggs7JOGA@rand.aol.com,0.15,0.15,26-35,OTHER,60k-100k,1M-2M,0-500,63
104145,M,Vancouver,BC,ABIGAIL BUCKLEY,43,False,,Asian,101393.0,True,1323758.0,0.0,True,False,8449,23490.42,740.0,Credit,30,117.0,True,5028.43,Personal Loan,False,True,0,High,4,0,6,672-295-5284T,4519 9268T 6427 1518,DEBIT,TAB80126563@synth.gmail.com,0.13,0.11,36-45,OTHER,100k-200k,1M-2M,0-500,8
71198,M,Toronto,ON,ROY WAYNE,33,False,,White,76531.0,True,1081676.0,0.0,True,False,3295,22744.55,717.0,Checking,22,9.21,False,30.33,Mortgage,False,False,0,Low,6,3,3,753-235-2508T,4510 1558T 9216 2827,CREDIT,TRW45694@rand.neo.com,0.15,0.35,26-35,White,60k-100k,1M-2M,0-500,23
115759,F,Vancouver,BC,CUTTING JENNIFER,25,True,,Asian,73814.0,True,1004922.0,0.0,True,False,3222,16939.11,691.0,Checking; Joint; Investment,12,13.93,False,23.88,Mortgage,False,False,0,Medium,2,0,6,604-140-3557T,4510 1680T 5522 5192,DEBIT,TCUTTING_JENNIFER19@synth.icloud.com,0.13,0.1,18-25,OTHER,60k-100k,1M-2M,0-500,5
44775,M,Toronto,ON,MOSCARELLI SANDRO,44,True,lBAYjRsE,White,115935.0,True,1153422.0,0.0,True,False,9661,31553.25,762.0,Credit,4,48.0,True,6568.35,Mortgage,False,False,5,High,3,2,5,742-403-2851T,4510 1317T 3248 7342,CREDIT,TMS239914@rand.proton.com,0.15,0.08,36-45,White,100k-200k,1M-2M,0-500,16
91428,M,Montreal,QC,ROBILLARD ROBERT,36,False,,Asian,76383.0,True,553096.0,0.0,False,False,4147,16879.83,624.0,Investment,6,117.0,True,2669.06,Mortgage,False,False,0,High,4,3,4,514-436-7626T,4514 0160T 4711 6373,CREDIT,TROROcontentMussel81996@test.cogeco.ca,0.18,0.13,26-35,OTHER,60k-100k,500k-1M,0-500,7
61841,M,Toronto,ON,TANENBAUM PETER,35,False,,Asian,70529.0,True,1257283.0,0.0,True,True,3857,26192.75,824.0,Credit,18,10.21,False,14.07,Mortgage,True,False,0,Medium,2,2,4,437-846-3769T,4512 2370T 5658 4550,CREDIT,TTANENBAUMPETER@non.comcast.net,0.15,0.13,26-35,OTHER,60k-100k,1M-2M,0-500,5
208129,F,London,ON,CHARETTE SUZANNE,39,False,,White,73357.0,True,708924.0,0.0,True,False,3135,22477.39,709.0,Investment,15,14.58,False,62.45,Mortgage,False,False,0,Low,6,0,7,905-718-1003T,5415 9040T 4495 6438,CREDIT,TtroubledCrane2CHSU@fake.iCloud.com,0.17,0.1,36-45,White,60k-100k,500k-1M,0-500,8
5975,M,Toronto,ON,HICKS KEN,40,False,,Black,99546.0,True,1155034.0,0.0,True,False,4341,29845.8,721.0,Checking,4,106.0,True,2405.67,Mortgage,True,False,3,High,4,2,2,548-401-7578T,5415 9062T 8526 6931,CREDIT,THICKSKEN@fake.bla.com,0.15,0.1,36-45,OTHER,60k-100k,1M-2M,0-500,40
58689,M,Toronto,ON,PARK BRYCE,30,True,,Asian,106178.0,True,1060172.0,0.0,True,False,6064,8866.71,758.0,Investment,13,8.75,False,30.27,Mortgage,True,False,0,Low,5,2,3,647-182-9076T,4514 0195T 7974 7561,CREDIT,TPB37673815@synth.hotmail.com,0.15,0.08,26-35,OTHER,100k-200k,1M-2M,0-500,18
154512,M,Ottawa,ON,SALE WM,38,False,,White,115133.0,True,755975.0,0.0,True,False,9074,10031.33,726.0,Credit,4,49.0,True,5070.43,Mortgage,False,False,4,Medium,5,0,6,742-176-6039T,4510 1515T 8663 0497,CREDIT,TSALEWM@non.mail.com,0.14,0.15,36-45,White,100k-200k,500k-1M,0-500,11
41192,F,Toronto,ON,PIROTE ELENA,29,True,,White,83150.0,True,1244326.0,0.0,True,False,4069,30585.17,718.0,Credit,18,11.58,False,77.84,Mortgage,False,False,0,Low,6,2,5,226-242-1435T,4512 2357T 8174 9900,CREDIT,TPIROTEF78@non.outlook.com,0.15,0.12,26-35,White,60k-100k,1M-2M,0-500,14
93128,M,Montreal,QC,LAPIERRE GUY,37,False,,White,82450.0,True,647647.0,0.0,True,True,4068,27786.17,822.0,Investment,11,17.01,False,48.79,Mortgage,True,False,0,Medium,2,2,3,354-647-8008T,4510 1555T 1847 6863,CREDIT,TLG7145360@test.bla.com,0.18,0.09,36-45,White,60k-100k,500k-1M,0-500,6
87625,M,Montreal,QC,ALLARD GASTON,42,True,,White,71009.0,True,618999.0,0.0,True,False,5096,59292.67,698.0,Joint,23,109.0,True,2769.48,Mortgage,True,False,6,High,4,2,3,438-227-6041T,4510 1314T 0443 2003,CREDIT,TALLARDGASTON@synth.zoho.com,0.18,0.11,36-45,White,60k-100k,500k-1M,0-500,10
178487,M,Mississauga,ON,ALTAMIRANO RAUL,43,True,,Others,103235.0,True,1385280.0,0.0,True,False,8603,43920.92,765.0,Checking; Joint; Investment; Credit,32,58.0,True,5686.33,Mortgage,True,False,0,High,4,2,1,437-685-6199T,4510 1345T 6695 5081,CREDIT,TAR7134@rand.neo.com,0.17,0.12,36-45,OTHER,100k-200k,1M-2M,0-500,5
189970,M,Brampton,ON,PLESA SCHANTZ,42,True,yJLizaEX,Asian,109822.93,True,1284973.0,0.0,True,False,9152,41190.43,778.0,Credit,7,15.75,False,50.55,Mortgage,False,False,4,High,1,1,6,753-364-1870T,4510 1694T 8295 3355,DEBIT,TPS055140@rand.neo.com,0.17,0.1,36-45,OTHER,100k-200k,1M-2M,0-500,6
36318,F,Toronto,ON,WALTER AMY,27,False,,Asian,79437.0,True,1093939.0,0.0,True,False,3388,37215.25,692.0,Credit; Checking; Investment,13,9.37,False,24.96,Mortgage,False,False,0,Low,5,0,7,647-237-5663T,4510 1358T 8243 5062,CREDIT,TWALTERF34@synth.neo.com,0.15,0.15,26-35,OTHER,60k-100k,1M-2M,0-500,63
22182,M,Toronto,ON,BRANDT MIKE,38,False,,Asian,92734.0,True,1047136.0,0.0,True,False,4347,190.2,688.0,Credit,11,12.99,False,22.15,Auto Loan,True,False,0,Medium,2,1,4,705-196-1094T,4519 9270T 7930 0432,DEBIT,TBM087293896@rand.iCloud.com,0.15,0.06,36-45,OTHER,60k-100k,1M-2M,0-500,40
77041,F,Montreal,QC,GRAVEL ANNIE,24,False,,Black,55472.0,False,0.0,701.0,True,False,2425,7883.13,477.0,Credit,4,95.0,True,1263.65,,False,False,0,High,4,1,6,579-651-1691T,4514 0159T 7140 9568,CREDIT,TGRAVEL_ANNIE77@test.neo.com,0.18,0.11,18-25,OTHER,30k-60k,0-200k,500-1k,7
167229,M,Quebec City,QC,TRUCHON JULIEN,46,True,,White,85087.0,True,406092.0,0.0,True,False,5805,51237.55,771.0,Credit; Checking; Joint; Investment,27,97.0,True,4074.12,Mortgage,True,False,11,High,4,2,1,354-283-9463T,5415 9023T 6880 5306,CREDIT,TTRJUaffectedKitten61998@rand.neo.com,0.16,0.07,36-45,White,60k-100k,200k-500k,0-500,8
63375,F,Toronto,ON,CAMPBELL IRENE,46,True,,Asian,102366.0,True,1385945.0,0.0,True,False,8530,25124.7,796.0,Joint,5,43.0,True,5259.83,,True,False,0,High,3,1,5,416-814-4194T,4510 1651T 1771 8443,DEBIT,TjealousRhino1CAIR@fake.zoho.com,0.15,0.08,36-45,OTHER,100k-200k,1M-2M,0-500,16
47676,M,Toronto,ON,PAULA RICE,35,True,,Latino,97896.0,True,1220426.0,0.0,True,False,5574,40609.55,760.0,Checking; Investment; Credit,4,7.81,False,31.93,Mortgage,False,True,10,Low,4,0,6,905-175-4340T,4519 9278T 9345 0777,DEBIT,TPR1576719@non.iCloud.com,0.15,0.14,26-35,OTHER,60k-100k,1M-2M,0-500,19
68937,F,Toronto,ON,BRAILEY DIANE,38,True,,Asian,85728.0,True,564006.0,0.0,True,False,5481,73070.51,736.0,Checking,15,96.0,True,3589.08,Mortgage,True,False,2,High,4,2,6,226-235-1451T,4510 1552T 5705 8280,CREDIT,TboredCamel5BRDI@test.cogeco.ca,0.15,0.12,36-45,OTHER,60k-100k,500k-1M,0-500,8
27050,M,Toronto,ON,FITZGERALD RON,32,False,,Asian,94230.0,True,1213136.0,0.0,True,False,3327,7497.06,688.0,Credit,4,0.13,False,45.04,Mortgage,False,False,0,Low,5,0,4,365-184-4195T,4510 1562T 7487 2060,CREDIT,TFR46237966@fake.comcast.net,0.15,0.09,26-35,OTHER,60k-100k,1M-2M,0-500,39
68475,M,Toronto,ON,HINDS ROBERT,46,True,,White,86479.0,True,1223828.0,0.0,True,False,6517,67377.69,803.0,Investment,4,13.03,False,69.73,Mortgage,True,False,0,Medium,2,3,1,807-632-1749T,4510 1538T 9782 5793,CREDIT,THINDSROBERT@non.hotmail.com,0.15,0.24,36-45,White,60k-100k,1M-2M,0-500,21
24547,F,Toronto,ON,SIKLOS JACQUELYN,39,True,,Asian,108375.0,True,1271818.0,0.0,True,False,9031,8393.71,746.0,Checking,17,21.34,False,42.47,Mortgage,False,False,5,Low,6,2,3,905-819-9359T,4514 0179T 2664 6335,CREDIT,TboredWhiting0SIJA@rand.mail.com,0.15,0.11,36-45,OTHER,100k-200k,1M-2M,0-500,16
122248,M,Calgary,AB,CARLSON IVAN,31,True,,White,133418.0,True,511320.0,0.0,True,False,11118,16229.03,733.0,Credit,4,8.31,False,46.66,Mortgage,True,False,0,Low,5,3,1,825-560-2376T,4510 1543T 0845 8381,CREDIT,TCI788503646@rand.jumo.com,0.14,0.31,26-35,White,100k-200k,500k-1M,0-500,5
89169,F,Montreal,QC,GROLEAU CATHERINE,45,False,,White,64575.0,True,523985.0,0.0,True,False,4256,27064.76,686.0,Credit; Checking,9,10.6,False,28.03,Mortgage,False,False,2,Low,5,0,8,367-598-1479T,4510 1383T 2922 9027,CREDIT,TchicCow1GRCA@rand.cogeco.ca,0.18,0.14,36-45,White,60k-100k,500k-1M,0-500,21
24265,F,Toronto,ON,WEATHERBY CHERYL,38,False,,White,87550.0,True,996674.0,0.0,True,False,4370,57671.84,734.0,Investment; Credit,4,15.35,False,61.44,Mortgage,True,False,0,Low,4,0,5,519-793-9208T,4519 9215T 3811 3112,DEBIT,TWC7228219@test.aol.com,0.15,0.15,36-45,White,60k-100k,500k-1M,0-500,10
84243,M,Montreal,QC,ROCHON ROGER,47,True,,White,81905.0,True,596998.0,0.0,True,False,4561,55711.54,779.0,Investment,32,12.95,False,84.63,,True,False,3,Low,6,4,1,873-571-4122T,4512 2376T 6345 8370,CREDIT,TRR800778@synth.zoho.com,0.18,0.37,46-55,White,60k-100k,500k-1M,0-500,6
1159,M,Toronto,ON,BANKS STEVE,38,False,,White,101177.0,True,1373261.0,0.0,True,False,8431,27779.83,720.0,Investment,12,10.75,False,16.99,Auto Loan,True,False,0,Medium,2,0,5,613-393-7673T,4510 1350T 4639 4067,CREDIT,TBS513528@test.netZero.com,0.15,0.1,36-45,White,100k-200k,1M-2M,0-500,19
184871,M,Brampton,ON,GAUDETTE RONALD,46,False,,Black,132958.0,True,1140012.0,0.0,True,False,11080,22882.75,776.0,Investment; Checking,4,14.23,False,26.12,,False,False,4,Medium,2,3,1,742-499-2988T,5415 9090T 4036 8499,CREDIT,TGAUDETTERONALD@rand.yahoo.com,0.17,0.33,36-45,OTHER,100k-200k,1M-2M,0-500,7
9053,M,Toronto,ON,BACH DOUG,33,False,,White,77228.0,True,1170347.0,0.0,False,False,4992,27744.12,658.0,Credit,4,8.98,False,22.15,Mortgage,True,False,0,Low,4,5,1,343-879-9821T,4510 1627T 3173 0364,DEBIT,TBD7216715880@synth.netZero.com,0.15,0.4,26-35,White,60k-100k,1M-2M,0-500,8
95160,M,Montreal,QC,BEAUPRE MARIO,44,False,,Black,68924.0,True,543661.0,0.0,True,False,3567,15112.8,672.0,Credit,7,32.0,True,2468.64,Mortgage,True,False,3,High,4,3,3,468-124-9424T,4512 2386T 8204 9111,CREDIT,TBM15411@non.hotmail.com,0.18,0.31,36-45,OTHER,60k-100k,500k-1M,0-500,18
16493,M,Toronto,ON,ROWE GARRY,44,False,,White,97225.0,True,1239336.0,0.0,True,False,4728,95646.23,738.0,Checking; Investment,18,15.53,False,436.67,Mortgage,True,False,0,Medium,2,1,4,548-640-3973T,4510 1626T 1127 7873,DEBIT,TRG37196@test.hotmail.com,0.15,0.13,36-45,White,60k-100k,1M-2M,0-500,31
21290,F,Toronto,ON,CHU GLORIA,38,False,,White,75447.0,True,1039579.0,0.0,False,False,3803,35759.78,686.0,Checking,2,16.5,False,56.91,Mortgage,False,False,0,Low,5,1,5,613-953-4173T,4510 1550T 1737 4387,CREDIT,TCG1383391@non.iCloud.com,0.15,0.09,36-45,White,60k-100k,1M-2M,0-500,9
99063,F,Montreal,QC,DERY CHANTAL,42,False,,White,71207.0,True,726900.0,0.0,True,False,3395,58824.27,707.0,Credit,14,71.0,True,2173.37,Mortgage,True,False,0,High,4,2,3,819-497-7355T,4510 1633T 0017 9997,DEBIT,TDC36001313@test.icloud.com,0.18,0.05,36-45,White,60k-100k,500k-1M,0-500,21
17257,F,Toronto,ON,SARKAR DEANNA,26,False,,Asian,57473.0,False,0.0,1662.0,True,False,2828,6037.22,569.0,Checking; Credit,14,7.28,False,44.07,,True,False,8,Low,6,1,7,226-627-6202T,4512 2339T 1013 2243,CREDIT,TSARKAR_DEANNA73@fake.att.net,0.15,0.32,18-25,OTHER,30k-60k,0-200k,1k-2k,10
86350,M,Montreal,QC,HERVIEUX VICTOR,24,False,,Asian,68333.0,False,0.0,622.0,True,False,2435,6374.56,512.0,Checking,4,17.56,False,8.07,,False,True,0,Medium,2,1,3,873-330-9736T,4510 1691T 5088 8148,DEBIT,THV09439227@fake.att.net,0.18,0.12,18-25,OTHER,60k-100k,0-200k,500-1k,5
12124,M,Toronto,ON,KATHERINE TAYLOR,27,False,,Asian,85450.0,True,1069854.0,0.0,True,False,3694,20172.36,707.0,Investment,13,10.09,False,15.95,Mortgage,True,True,7,Medium,2,2,2,548-761-3301T,4519 9296T 8530 2819,DEBIT,TKATHERINE_TAYLOR71@rand.gmail.com,0.15,0.29,26-35,OTHER,60k-100k,1M-2M,0-500,39
147710,F,Ottawa,ON,GORHAM LISA,43,False,,White,126104.0,True,978205.0,0.0,True,False,9565,18871.14,734.0,Checking; Investment; Credit,30,109.0,True,6394.2,Personal Loan,True,False,0,High,4,2,3,416-424-4852T,4512 2335T 3952 5559,CREDIT,TGL50098326@rand.mail.com,0.14,0.07,36-45,White,100k-200k,500k-1M,0-500,9
41889,M,Toronto,ON,JACOB HANSON,25,False,,Asian,82522.0,True,1145418.0,0.0,True,False,2020,11529.9,694.0,Credit,13,79.0,True,1580.19,Mortgage,False,False,11,High,4,3,1,365-681-9028T,4510 1623T 9937 8974,DEBIT,TJH6203694@non.cogeco.ca,0.15,0.29,18-25,OTHER,60k-100k,1M-2M,0-500,5
77338,M,Montreal,QC,OUELLET ALAIN,35,False,,White,86006.0,True,595549.0,0.0,True,False,3270,22904.76,700.0,Investment,16,10.93,False,30.14,Mortgage,False,False,5,Medium,2,0,5,438-338-3490T,4514 0148T 2337 5633,CREDIT,TOA28515@test.gmail.com,0.18,0.06,26-35,White,60k-100k,500k-1M,0-500,30
66865,F,Toronto,ON,SCHULTZ LINDA,20,False,,White,19827.0,False,0.0,908.0,False,False,1168,3245.98,443.0,Savings,3,12.91,False,9.23,Student Loan,False,True,6,Medium,2,0,5,416-462-1952T,4510 1566T 4935 7732,CREDIT,TSCHULTZ_LINDA12@fake.live.com,0.15,0.13,18-25,White,0-30k,0-200k,500-1k,10
109608,M,Vancouver,BC,AZMITIA LUIS,29,False,,Asian,89422.0,True,1229489.0,0.0,True,False,3303,13463.03,679.0,Investment,8,36.0,True,2502.87,Mortgage,False,True,0,High,4,3,1,236-646-9957T,4510 1561T 9444 8005,CREDIT,TAL05306@rand.netZero.com,0.13,0.52,26-35,OTHER,60k-100k,1M-2M,0-500,21
14261,M,Toronto,ON,ASSINCK RON,37,False,,White,118743.0,True,1245799.0,0.0,True,False,9066,5560.53,743.0,Investment; Credit; Checking,22,9.26,False,27.76,Mortgage,True,False,4,Low,5,1,5,753-361-3808T,4510 1383T 4481 5512,CREDIT,TAR6352672@rand.hotmail.com,0.15,0.08,36-45,White,100k-200k,1M-2M,0-500,19
54088,F,Toronto,ON,SZAFRAN MARIA,25,False,,Native,67396.0,True,916026.0,0.0,True,False,2024,14310.3,678.0,Checking,15,9.68,False,8.86,Mortgage,True,True,5,Low,5,0,7,548-299-1282T,4514 0151T 9013 2766,CREDIT,TSM95487@synth.jumo.com,0.15,0.24,18-25,OTHER,60k-100k,500k-1M,0-500,8
134734,M,Edmonton,AB,NEUMEIER BRENT,29,False,,White,91951.0,True,415131.0,0.0,True,False,3610,51056.92,693.0,Credit; Checking; Investment,14,8.36,False,49.28,Mortgage,True,False,0,Low,5,1,5,780-207-3457T,4510 1616T 0931 2294,DEBIT,TNB573854499@synth.cogeco.ca,0.16,0.16,26-35,White,60k-100k,200k-500k,0-500,16
19568,F,Toronto,ON,THOMSON-SMITH JO,28,False,,Black,102099.0,True,1285337.0,0.0,True,False,3004,26527.73,744.0,Checking,13,9.09,False,14.69,Mortgage,False,False,0,Low,4,0,6,742-766-6759T,4510 1395T 2141 5655,CREDIT,TTJ0032@rand.iCloud.com,0.15,0.1,26-35,OTHER,100k-200k,1M-2M,0-500,13
19356,M,Toronto,ON,JUSTIN BARNETT,43,False,,White,111638.0,True,1227699.0,0.0,False,False,9303,30747.06,702.0,Investment,6,58.0,True,5949.57,Mortgage,False,True,0,High,3,0,6,807-619-5569T,4510 1358T 5132 8067,CREDIT,TJUBAinsecureApricots31970@rand.bla.com,0.15,0.15,36-45,White,100k-200k,1M-2M,0-500,9
113368,M,Vancouver,BC,FURTADO JOSE,38,False,,White,83170.0,True,1393146.0,0.0,True,False,5020,18340.66,686.0,Investment,9,13.21,False,23.94,Mortgage,False,False,0,Low,5,3,2,250-271-5927T,4512 2392T 3077 5042,CREDIT,TFJ88770290@synth.gmail.com,0.13,0.33,36-45,White,60k-100k,1M-2M,0-500,12
154785,M,Ottawa,ON,WYATT JACK,45,False,,White,129932.0,True,757651.0,0.0,True,False,7975,13281.3,705.0,Credit,31,45.0,True,5856.12,Mortgage,True,False,6,High,4,4,1,683-665-2264T,4510 1573T 1143 9284,CREDIT,TWJ1738@test.netZero.com,0.14,0.52,36-45,White,100k-200k,500k-1M,0-500,11
72102,F,Toronto,ON,STONE ERIN,45,False,,Asian,102279.0,True,1758805.0,0.0,True,False,8523,33594.96,754.0,Checking,4,66.0,True,4349.03,Mortgage,True,False,6,High,4,0,4,437-747-9367T,5415 9096T 5349 2054,CREDIT,TsuperiorLard8STER@rand.gmail.com,0.15,0.11,36-45,OTHER,100k-200k,1M-2M,0-500,14
60995,M,Toronto,ON,TOLL WILLIAM,46,False,,Black,101518.0,True,1350355.0,0.0,True,False,8460,56600.57,754.0,Credit,4,54.0,True,6281.94,Mortgage,True,False,0,High,4,3,1,249-736-2461T,4512 2317T 7771 4235,CREDIT,TTW09636@non.zoho.com,0.15,0.38,36-45,OTHER,100k-200k,1M-2M,0-500,29
3484,F,Toronto,ON,SHAW JOAN,46,False,,Asian,107661.0,True,1722607.0,0.0,True,False,8972,45946.47,779.0,Credit,22,102.0,True,4797.59,Mortgage,True,True,12,High,4,2,6,416-956-1120T,4510 1631T 6483 5329,DEBIT,TSJ34924720@test.hotmail.com,0.15,0.17,36-45,OTHER,100k-200k,1M-2M,0-500,14
111987,M,Vancouver,BC,BRIAN MARTIN,35,False,,White,75963.0,True,1283302.0,0.0,True,False,3488,50235.0,725.0,Checking; Investment,15,10.48,False,23.2,Personal Loan,True,False,10,Medium,2,0,6,604-597-6489T,4519 9248T 1395 3240,DEBIT,TBM24799432@fake.neo.com,0.13,0.17,26-35,White,60k-100k,1M-2M,0-500,9
27497,F,Toronto,ON,CHARTERS ELAINE,29,False,,White,68496.0,True,954002.0,0.0,True,False,3558,22411.26,669.0,Checking,4,7.56,False,12.13,Mortgage,False,True,12,Low,6,0,7,226-553-4611T,4510 1396T 9126 9059,CREDIT,TCHARTERS_ELAINE2@fake.neo.com,0.15,0.43,26-35,White,60k-100k,500k-1M,0-500,14
173718,F,Hamilton,ON,SWAN CAROLYN,41,True,D5dQjxga,White,75306.0,True,952088.0,0.0,True,False,4336,58625.94,772.0,Checking,4,61.0,True,2770.86,Mortgage,False,False,0,High,5,0,8,519-577-2565T,4519 9218T 8827 1303,DEBIT,TcautiousSeafowl3SWCA@rand.gmail.com,0.15,0.06,36-45,White,60k-100k,500k-1M,0-500,7
65525,F,Toronto,ON,O'BANION CATHERINE,40,False,,White,102529.0,True,1226241.0,0.0,True,False,8277,66644.13,728.0,Checking,4,109.0,True,6542.51,Auto Loan,True,False,0,High,4,1,6,753-736-8180T,4512 2390T 4933 9032,CREDIT,TOC0277375@rand.zoho.com,0.15,0.91,36-45,White,100k-200k,1M-2M,0-500,7
91808,F,Montreal,QC,BOULANGER SYLVIE,27,False,,Latino,72431.0,True,527877.0,0.0,True,False,3791,17990.27,638.0,Credit; Checking; Investment,16,9.78,False,25.03,Mortgage,False,False,12,Low,4,1,6,581-875-6492T,4512 2366T 7183 5627,CREDIT,TBOULANGERstressedLocust95@rand.mail.com,0.18,0.2,26-35,OTHER,60k-100k,500k-1M,0-500,21
76567,F,Montreal,QC,TURPIN STEPHANE,24,False,,White,49881.0,False,0.0,561.0,True,False,1693,13031.35,486.0,Checking,11,105.0,True,1148.05,Student Loan,False,False,0,High,4,1,5,581-770-2755T,4514 0140T 6163 6046,CREDIT,TTURPINadoringMoth922@rand.att.net,0.18,0.07,18-25,White,30k-60k,0-200k,500-1k,7
75809,M,Montreal,QC,THEBERGE ERIC,39,False,,White,74674.0,True,569827.0,0.0,True,False,3540,58097.75,712.0,Checking,4,47.0,True,2110.33,Mortgage,True,False,0,High,4,3,1,354-121-3019T,4510 1341T 6361 6397,CREDIT,TTHERcrummyJerky91994@non.zoho.com,0.18,0.15,36-45,White,60k-100k,500k-1M,0-500,28
189266,F,Brampton,ON,BEAUCHAMPS DONNA,35,False,,Asian,78255.0,True,1084900.0,0.0,True,False,3278,59166.99,716.0,Credit,23,12.08,False,16.29,Mortgage,False,True,0,Medium,2,0,5,905-131-7238T,4512 2369T 1674 5474,CREDIT,TBD883463993@synth.yahoo.com,0.17,0.08,26-35,OTHER,60k-100k,1M-2M,0-500,6
46170,F,Toronto,ON,CUMBALON KARLA,47,False,,White,85697.0,True,1001675.0,0.0,True,False,3718,27054.27,734.0,Checking; Credit,24,114.0,True,2558.21,Mortgage,True,False,0,High,4,1,5,807-142-5917T,4514 0190T 9811 9749,CREDIT,TbubblyLizard7CUKA@non.gmail.com,0.15,0.1,46-55,White,60k-100k,1M-2M,0-500,6
17356,F,Toronto,ON,BURGESS JANET,26,False,,Latino,84045.0,True,1221523.0,0.0,True,False,3998,46591.73,725.0,Investment,6,8.81,False,39.06,Mortgage,True,False,0,Low,5,0,6,365-355-6699T,4510 1555T 1267 3447,CREDIT,TBURGESS_JANET43@synth.icloud.com,0.15,0.21,18-25,OTHER,60k-100k,1M-2M,0-500,8
39331,M,Toronto,ON,PASQUINO BOB,34,False,,Asian,82562.0,True,1106348.0,0.0,True,False,3741,24909.7,685.0,Investment,21,12.99,False,33.12,Mortgage,True,False,0,Medium,2,3,2,343-200-1734T,4510 1346T 5003 4895,CREDIT,TPABOpacifiedTortoise11969@rand.netZero.com,0.15,0.39,26-35,OTHER,60k-100k,1M-2M,0-500,39
10613,M,Toronto,ON,MARK SANCHEZ,25,False,,White,78075.0,True,1077258.0,0.0,True,False,1944,11945.85,670.0,Credit,3,19.17,False,22.42,Mortgage,True,True,9,Low,6,2,3,437-764-4416T,4514 0187T 5839 9953,CREDIT,TMS2520968438@non.proton.com,0.15,0.5,18-25,White,60k-100k,1M-2M,0-500,10
109999,F,Vancouver,BC,BAGSHAW LAURIE,43,True,,Latino,68975.0,True,1143661.0,0.0,True,False,4813,6095.95,694.0,Joint,24,80.0,True,3436.89,Personal Loan,False,False,0,High,5,1,4,672-223-6256T,4514 0129T 9903 9148,CREDIT,TBL72891@fake.mail.com,0.13,0.1,36-45,OTHER,60k-100k,1M-2M,0-500,12
102818,F,Montreal,QC,LACH ELAINE,33,False,,White,70876.0,True,624839.0,0.0,True,False,3694,18276.16,643.0,Checking,18,119.0,True,2258.91,Mortgage,False,False,3,High,4,2,2,819-279-9191T,4512 2314T 8539 2741,CREDIT,TLE38774@non.proton.com,0.18,0.05,26-35,White,60k-100k,500k-1M,0-500,28
237683,M,St. Catharines,ON,MICELI VINCE,41,False,,White,74202.0,True,930267.0,0.0,True,False,4817,13287.87,694.0,Credit; Checking,10,32.0,True,3510.66,Mortgage,True,False,5,High,4,2,4,647-599-5183T,4514 0146T 0803 4487,CREDIT,TMV08200@fake.yahoo.com,0.13,0.06,36-45,White,60k-100k,500k-1M,0-500,7
44599,M,Toronto,ON,SARA DIXON,28,False,,Asian,119849.0,True,1207662.0,0.0,True,False,3123,9236.37,730.0,Investment; Checking; Credit,18,10.65,False,67.75,,True,False,4,Medium,2,4,1,249-795-3799T,4510 1560T 1876 5399,CREDIT,TSARA_DIXON90@rand.zoho.com,0.15,0.41,26-35,OTHER,100k-200k,1M-2M,0-500,21
174993,F,Hamilton,ON,MATTHEW SHERMAN,39,True,,White,85546.0,True,889595.0,0.0,True,False,3830,56217.39,778.0,Investment,19,118.0,True,2506.76,Auto Loan,True,False,0,High,3,0,6,343-790-7263T,4512 2395T 3745 5751,CREDIT,TsincereDoves3MASH@non.mail.com,0.15,0.15,36-45,White,60k-100k,500k-1M,0-500,7
28451,F,Toronto,ON,BENDO STEPHANIE,40,False,,White,61527.0,True,963501.0,0.0,True,False,3945,20579.98,672.0,Credit,26,13.86,False,31.98,Mortgage,True,False,4,Medium,2,0,7,807-603-3794T,4510 1348T 5715 4377,CREDIT,TpuzzledOtter7BEST@rand.bla.com,0.15,0.12,36-45,White,60k-100k,500k-1M,0-500,10
16010,F,Toronto,ON,JHAJ JESSICA,31,False,,Asian,87219.0,True,1123118.0,0.0,True,False,2803,32856.91,737.0,Credit; Checking; Investment,20,9.59,False,23.93,Mortgage,True,False,0,Low,4,0,6,519-709-4036T,4514 0134T 8137 4632,CREDIT,TJJ178505073@rand.proton.com,0.15,0.1,26-35,OTHER,60k-100k,1M-2M,0-500,63
73521,M,Montreal,QC,CHARTRAND LEO,45,False,,White,81962.0,True,689578.0,0.0,True,True,3949,75077.05,850.0,Credit; Investment; Checking,21,108.0,True,2658.37,Mortgage,True,False,0,High,4,0,6,438-114-5459T,4512 2316T 5666 5079,CREDIT,TCHARTRANDLEO@synth.iCloud.com,0.18,0.04,36-45,White,60k-100k,500k-1M,0-500,6
69619,M,Toronto,ON,CURTIS COREY,40,False,,White,117238.0,True,1086617.0,0.0,True,False,9770,45423.8,742.0,Credit,21,14.64,False,72.95,Mortgage,True,False,0,Medium,2,4,2,226-385-4707T,4510 1682T 0061 6473,DEBIT,TCC77699@non.icloud.com,0.15,0.25,36-45,White,100k-200k,1M-2M,0-500,19
118973,M,Vancouver,BC,EMILY TERRY,28,True,tHjxoHWa,White,71968.0,True,1429684.0,0.0,True,False,3728,42031.11,737.0,Joint,4,112.0,True,2229.41,Mortgage,False,False,0,High,5,4,1,672-596-7099T,4510 1591T 6435 1694,CREDIT,TEMILY_TERRY82@non.outlook.com,0.13,0.23,26-35,White,60k-100k,1M-2M,0-500,8
79511,M,Montreal,QC,DUSSEAULT ANDRE,40,False,,White,73567.0,True,694921.0,0.0,False,False,3621,24087.95,655.0,Investment,1,9.28,False,79.18,Mortgage,False,True,0,Low,6,2,4,468-853-3576T,5415 9036T 8433 6964,CREDIT,TDA3075533@synth.att.net,0.18,0.29,36-45,White,60k-100k,500k-1M,0-500,11
44734,F,Toronto,ON,SAWCHUK ANNE,33,False,,Asian,108210.0,True,1024429.0,0.0,False,False,9018,22182.18,693.0,Investment; Checking,8,46.0,True,4628.3,Mortgage,False,False,0,High,4,0,7,437-105-6396T,4510 1654T 0066 7347,DEBIT,TSA67892@fake.outlook.com,0.15,0.06,26-35,OTHER,100k-200k,1M-2M,0-500,7
57994,F,Toronto,ON,LADA LEDA,40,False,,Asian,78573.0,True,1239444.0,0.0,False,False,3657,37315.96,674.0,Checking,12,17.85,False,53.45,Mortgage,True,False,0,Medium,2,1,6,416-112-3548T,5415 9032T 3607 6237,CREDIT,TsadPear8LALE@rand.zoho.com,0.15,0.1,36-45,OTHER,60k-100k,1M-2M,0-500,23
163898,F,Quebec City,QC,MATHIEU PAULINE,40,True,,White,78086.0,True,458117.0,0.0,True,False,4913,15711.94,662.0,Credit,7,12.58,False,50.71,Mortgage,False,False,9,Medium,2,0,6,819-276-2591T,4512 2323T 1813 5476,CREDIT,TthrilledBasmati1MAPA@non.yahoo.com,0.16,0.05,36-45,White,60k-100k,200k-500k,0-500,7
26676,F,Toronto,ON,SEWELL SHARI,33,False,,Asian,62464.0,True,1246925.0,0.0,False,False,2424,18212.15,675.0,Checking,13,9.78,False,10.5,Mortgage,False,False,4,Low,5,0,7,416-967-7711T,4510 1685T 0085 0508,DEBIT,TexcitedPlover9SESH@test.bla.com,0.15,0.08,26-35,OTHER,60k-100k,1M-2M,0-500,11
31950,M,Toronto,ON,MAZZA RON,34,False,,Asian,99065.0,True,1254642.0,0.0,True,False,2835,41287.78,753.0,Credit; Investment; Checking,11,8.06,False,13.35,Mortgage,True,False,0,Low,6,4,1,742-394-5894T,4512 2324T 5609 6167,CREDIT,TMAZZARON@synth.outlook.com,0.15,0.59,26-35,OTHER,60k-100k,1M-2M,0-500,39
138232,F,Edmonton,AB,BIFFARD CAMILA,32,False,,Asian,99768.0,True,392018.0,0.0,True,False,3025,10456.97,672.0,Investment; Checking; Credit,12,7.74,False,15.04,Mortgage,False,True,0,Low,5,2,4,780-482-9650T,4510 1335T 5912 6712,CREDIT,TBC5644331@non.cogeco.ca,0.16,0.15,26-35,OTHER,60k-100k,200k-500k,0-500,7
107442,M,Vancouver,BC,LUPUL DAN,41,False,,White,78101.0,True,1116276.0,0.0,True,False,3629,24199.37,686.0,Checking,15,79.0,True,1975.41,Mortgage,True,False,9,High,4,3,1,236-992-5571T,4510 1344T 1217 9013,CREDIT,TLUPULDAN@synth.yahoo.com,0.13,0.49,36-45,White,60k-100k,1M-2M,0-500,12
82081,F,Montreal,QC,ROUILLARD DIANE,46,True,,Asian,78523.0,True,620618.0,0.0,True,False,5058,26523.58,709.0,Joint,9,115.0,True,3161.61,Mortgage,False,True,0,High,4,3,2,367-697-3269T,4510 1563T 5310 5426,CREDIT,TRD9970987401@test.iCloud.com,0.18,0.14,36-45,OTHER,60k-100k,500k-1M,0-500,5
75733,M,Montreal,QC,BARACHKOV VLADIMIR,46,False,,White,91010.0,True,708808.0,0.0,True,False,4978,58467.98,732.0,Credit,4,11.54,False,51.7,Personal Loan,True,False,10,Medium,2,1,5,438-904-1761T,4510 1654T 0430 9298,DEBIT,TBV4245601@test.outlook.com,0.18,0.06,36-45,White,60k-100k,500k-1M,0-500,28
200299,M,Kitchener,ON,LAURIE ROMERO,46,False,,White,92131.0,True,862612.0,0.0,True,False,4741,75938.83,742.0,Investment,4,78.0,True,2628.03,Mortgage,False,False,0,High,3,3,2,753-418-2064T,4510 1513T 2377 1891,CREDIT,TLAURIEROMERO@synth.hotmail.com,0.15,0.07,36-45,White,60k-100k,500k-1M,0-500,8
64369,M,Toronto,ON,MASLANKA BOB,42,True,Kw5bt7GN,Asian,122037.66,True,1175414.0,0.0,True,False,10170,15721.29,762.0,Joint,6,120.0,True,5164.49,Mortgage,True,True,0,High,3,1,3,647-710-9682T,4510 1574T 4529 9444,CREDIT,TMB1087@rand.outlook.com,0.15,0.04,36-45,OTHER,100k-200k,1M-2M,0-500,22
55384,M,Toronto,ON,SCHWEITZER EUGENE,28,False,,Asian,92944.0,True,999694.0,0.0,True,False,3314,16134.56,713.0,Checking; Investment; Credit,17,13.45,False,10.94,Mortgage,True,True,7,Medium,2,1,5,289-344-5474T,4519 9284T 3088 6185,DEBIT,TSCHWEITZERwakefulCaribou115@rand.yahoo.com,0.15,0.21,26-35,OTHER,60k-100k,500k-1M,0-500,19
112866,M,Vancouver,BC,GRIFFIN HAROLD,35,True,E6YKsu7Q,White,96590.0,True,1316174.0,0.0,True,False,5880,22995.55,763.0,Credit,16,108.0,True,3949.41,Mortgage,True,False,5,High,5,1,3,604-619-9800T,4510 1318T 3085 6740,CREDIT,TGRIFFINHAROLD@test.zoho.com,0.13,0.11,26-35,White,60k-100k,1M-2M,0-500,8
14031,F,Toronto,ON,EMILY THOMAS,34,False,,White,66872.0,True,992537.0,0.0,True,False,3686,6201.11,655.0,Checking,9,6.34,False,21.32,Mortgage,True,False,1,Low,4,0,7,753-989-4554T,4510 1677T 9978 5175,DEBIT,TmereRice6EMTH@rand.iCloud.com,0.15,0.11,26-35,White,60k-100k,500k-1M,0-500,14
17823,M,Toronto,ON,PEARCE DON,41,False,,White,101160.0,True,1239178.0,0.0,True,False,8430,36503.8,746.0,Investment,11,38.0,True,5736.24,Mortgage,True,True,0,High,4,3,2,343-714-3541T,4519 9236T 2054 6623,DEBIT,TPD0084009209@rand.yahoo.com,0.15,0.41,36-45,White,100k-200k,1M-2M,0-500,19
155621,M,Ottawa,ON,MCGEE JOHN,44,False,,White,111018.0,True,966935.0,0.0,True,False,9252,50065.92,742.0,Checking,15,15.95,False,30.62,Mortgage,True,False,0,Medium,2,3,2,905-534-3427T,4519 9240T 7828 9219,DEBIT,TMCJOenragedLemur81950@synth.icloud.com,0.14,0.41,36-45,White,100k-200k,500k-1M,0-500,11
20179,M,Toronto,ON,KIMBERLY NELSON,46,False,,White,105108.0,True,1301300.0,0.0,True,False,8759,62310.57,755.0,Checking; Investment,28,70.0,True,4448.31,Mortgage,True,False,0,High,5,2,3,289-804-9854T,4510 1681T 0760 0155,DEBIT,TKIMBERLYNELSON@non.icloud.com,0.15,0.07,36-45,White,100k-200k,1M-2M,0-500,19
38088,M,Toronto,ON,SILVA MANUEL,37,False,,White,114475.0,True,1283694.0,0.0,True,False,9540,30502.75,755.0,Credit,18,14.63,False,39.98,Mortgage,False,True,0,Medium,2,3,1,226-737-2115T,5415 9020T 4701 6085,CREDIT,TSM472510@non.neo.com,0.15,0.26,36-45,White,100k-200k,1M-2M,0-500,19
84429,M,Montreal,QC,PREDA CONSTANTIN,35,True,,White,69423.0,True,532118.0,0.0,True,False,4600,17309.56,687.0,Credit,19,11.12,False,45.65,Mortgage,True,False,3,Medium,2,3,3,263-431-1769T,4512 2355T 0292 6259,CREDIT,TPC558554@non.comcast.net,0.18,0.28,26-35,White,60k-100k,500k-1M,0-500,6
74497,M,Montreal,QC,LIZOTTE MARC,42,False,,White,73945.0,True,700864.0,0.0,False,False,3538,29015.83,633.0,Checking,11,37.0,True,2066.8,Auto Loan,True,False,0,High,4,4,1,514-234-9096T,4514 0155T 4874 4653,CREDIT,TLIMAboastfulLeopard41967@rand.comcast.net,0.18,0.28,36-45,White,60k-100k,500k-1M,0-500,11
179997,M,Mississauga,ON,ANTHONY JONES,39,False,,White,112389.0,True,1359935.0,0.0,True,False,9366,52960.61,757.0,Credit,4,9.58,False,52.68,Mortgage,False,False,0,Low,5,3,3,249-303-5772T,4510 1348T 4876 7528,CREDIT,TANTHONYJONES@fake.iCloud.com,0.17,0.2,36-45,White,100k-200k,1M-2M,0-500,7
6893,F,Toronto,ON,LANTHIER LISA,27,True,,Asian,74755.0,True,625429.0,0.0,True,False,3223,52056.87,746.0,Joint; Investment; Credit,6,10.57,False,27.77,Mortgage,True,False,0,Low,6,0,5,437-814-2046T,4514 0113T 8957 4417,CREDIT,TLANTHIER_LISA44@non.att.net,0.15,0.2,26-35,OTHER,60k-100k,500k-1M,0-500,5
42717,F,Toronto,ON,DANIELLE JOHNSON,27,False,,Latino,89960.0,True,944186.0,0.0,True,False,4146,25555.96,690.0,Investment,9,67.0,True,3254.57,Mortgage,False,False,0,High,3,0,6,519-280-2154T,4510 1327T 9542 7613,CREDIT,TDANIELLEmorbidWhiting062@rand.zoho.com,0.15,0.11,26-35,OTHER,60k-100k,500k-1M,0-500,22
148162,F,Ottawa,ON,PETICAN JOAN,28,False,,White,85765.0,True,709882.0,0.0,True,False,3380,16894.93,679.0,Checking,8,58.0,True,2355.26,Personal Loan,True,False,10,High,4,2,4,613-912-1146T,4514 0115T 3202 7388,CREDIT,TPJ67350@synth.comcast.net,0.14,0.27,26-35,White,60k-100k,500k-1M,0-500,18
27480,M,Toronto,ON,ARMSTRONG GRANT,36,False,,Asian,76163.0,True,981809.0,0.0,True,False,4313,34951.16,724.0,Checking,13,12.36,False,32.7,Mortgage,True,False,0,Medium,2,0,4,705-673-7141T,5415 9016T 7241 3336,CREDIT,TAG37873@test.aol.com,0.15,0.13,26-35,OTHER,60k-100k,500k-1M,0-500,19
58217,F,Toronto,ON,SAMUEL DANIELS,39,False,,White,95331.0,True,1084894.0,0.0,False,False,3358,27384.31,712.0,Investment,9,13.45,False,33.89,Mortgage,True,False,7,Low,5,0,6,807-824-8105T,4510 1572T 3757 3420,CREDIT,TSD490182@fake.iCloud.com,0.15,0.07,36-45,White,60k-100k,1M-2M,0-500,9
115245,F,Vancouver,BC,ANDREW HAHN,45,False,,White,68285.0,True,1024489.0,0.0,True,False,3618,22013.04,695.0,Checking; Credit,8,10.17,False,62.3,Mortgage,True,True,0,Low,5,0,8,672-217-4814T,4510 1366T 2648 8031,CREDIT,TAH7915387498@non.neo.com,0.13,0.05,36-45,White,60k-100k,1M-2M,0-500,14
116644,F,Vancouver,BC,NAYMIE ANN,38,False,,White,84602.0,True,1269725.0,0.0,True,False,4735,32182.24,728.0,Checking; Investment,20,41.0,True,2597.19,Mortgage,True,False,0,High,4,1,4,250-371-6389T,4512 2363T 0206 7685,CREDIT,TtrustingStork6NAAN@synth.iCloud.com,0.13,0.06,36-45,White,60k-100k,1M-2M,0-500,14
101449,F,Montreal,QC,BLAIS CLAIRE,33,False,,Black,78567.0,True,630287.0,0.0,True,False,2862,29312.28,677.0,Investment,4,11.3,False,23.24,Mortgage,False,False,1,Medium,2,0,6,354-467-2196T,4510 1319T 2720 0344,CREDIT,TwingedDinosaur8BLCL@synth.bla.com,0.18,0.06,26-35,OTHER,60k-100k,500k-1M,0-500,21
86913,M,Montreal,QC,CHRISOMALIS CHRISTOS,20,False,,White,18742.0,False,0.0,542.0,False,False,1185,11567.95,450.0,Savings,10,16.01,False,16.09,,False,True,0,Medium,2,0,5,450-856-8848T,4510 1338T 0529 5184,CREDIT,TCHRISOMALIS_CHRISTOS58@fake.zoho.com,0.18,0.12,18-25,White,0-30k,0-200k,500-1k,11
38132,M,Toronto,ON,GAUDETTE DAN,47,True,Q7Jbqjub,Black,79138.0,True,1176441.0,0.0,True,False,4100,51290.12,779.0,Joint,4,18.06,False,29.8,Mortgage,True,False,0,Medium,2,5,1,807-611-2455T,4510 1635T 5799 0721,DEBIT,TGD1413259@non.comcast.net,0.15,0.25,46-55,OTHER,60k-100k,1M-2M,0-500,9
46235,F,Toronto,ON,MCALLISTER SHIRLEY,41,True,,White,64807.0,True,1128571.0,0.0,True,False,3859,10806.31,671.0,Joint,5,80.0,True,2397.26,Mortgage,True,True,0,High,3,0,6,365-505-6951T,4512 2334T 0369 8737,CREDIT,TMS93030806@test.live.com,0.15,0.15,36-45,White,60k-100k,1M-2M,0-500,25
68663,F,Toronto,ON,VAILLANCOURT RITA,48,True,,White,90595.0,True,1329852.0,0.0,True,False,4817,44341.7,770.0,Checking; Joint; Investment,11,108.0,True,3844.34,Mortgage,False,False,0,High,3,3,4,705-956-5776T,4510 1351T 6798 8883,CREDIT,TVR486274494@test.zoho.com,0.15,0.08,46-55,White,60k-100k,1M-2M,0-500,10
164355,F,Quebec City,QC,GORDON LINDA,46,False,,White,89279.0,True,456312.0,0.0,True,False,4780,16652.05,674.0,Checking,27,31.0,True,2624.2,Mortgage,False,False,8,High,4,2,3,579-506-4233T,4510 1367T 6809 1429,CREDIT,TGL477421@fake.comcast.net,0.16,0.13,36-45,White,60k-100k,200k-500k,0-500,8
47445,M,Toronto,ON,COUSINEAU BLAKE,49,False,,Asian,103658.0,True,1262637.0,0.0,True,False,7136,41187.54,771.0,Investment,23,52.0,True,5705.5,Mortgage,True,False,0,High,4,1,2,753-235-4455T,5415 9023T 6980 1890,CREDIT,TCOUSINEAUBLAKE@non.netZero.com,0.15,0.09,46-55,OTHER,100k-200k,1M-2M,0-500,13
56090,M,Toronto,ON,BELL ALAN,46,False,,Asian,105976.0,True,1308368.0,0.0,True,False,8831,88883.19,797.0,Credit,23,18.42,False,17.5,Mortgage,False,True,0,Low,4,1,3,613-234-5158T,4510 1698T 1457 9556,DEBIT,TBELLALAN@fake.live.com,0.15,0.1,36-45,OTHER,100k-200k,1M-2M,0-500,29
16131,F,Toronto,ON,TRACEY JOSEPHINE,44,False,,White,107456.0,True,1294359.0,0.0,True,False,8955,91084.41,746.0,Checking; Investment; Credit,32,12.66,False,64.53,Mortgage,True,False,7,Low,5,1,6,742-729-3697T,4514 0110T 7681 2443,CREDIT,TTJ16438@rand.icloud.com,0.15,0.2,36-45,White,100k-200k,1M-2M,0-500,7
75266,F,Montreal,QC,GERBIER STEPHANE,40,False,,White,65807.0,True,603539.0,0.0,True,True,3093,16316.61,823.0,Credit; Checking,16,10.12,False,29.97,Mortgage,False,False,3,Medium,2,0,7,418-272-7850T,4519 9245T 4823 2690,DEBIT,TjoyfulSeafowl7GEST@non.outlook.com,0.18,0.06,36-45,White,60k-100k,500k-1M,0-500,7
68457,F,Toronto,ON,CHATWELL BONNIE,33,False,,Asian,79464.0,True,1233195.0,0.0,True,False,3170,47356.2,734.0,Investment,4,42.0,True,2268.54,Mortgage,True,False,5,High,4,3,4,613-532-4358T,4514 0194T 1496 2211,CREDIT,TeagerSheep5CHBO@rand.outlook.com,0.15,0.19,26-35,OTHER,60k-100k,1M-2M,0-500,63
119385,F,Vancouver,BC,ROBERTSON TAMMY,35,True,,Asian,69322.0,True,1225893.0,0.0,True,False,4206,29349.69,733.0,Joint; Checking; Credit,3,5.17,False,33.99,Personal Loan,False,False,0,Low,5,0,7,778-260-7442T,4510 1331T 0552 0202,CREDIT,TRT1432354@rand.iCloud.com,0.13,0.1,26-35,OTHER,60k-100k,1M-2M,0-500,8
29019,F,Toronto,ON,MEEHAN WENDY,33,False,,Asian,102828.0,True,1210067.0,0.0,False,False,8569,18012.78,707.0,Credit,23,74.0,True,6773.96,Mortgage,True,False,10,High,5,2,5,683-666-7448T,4519 9295T 2197 4815,DEBIT,TMW96031@rand.att.net,0.15,0.05,26-35,OTHER,100k-200k,1M-2M,0-500,7
104076,M,Vancouver,BC,MARCHAND ARTHUR,44,False,,Black,75238.0,True,1300459.0,0.0,True,False,4448,87871.87,733.0,Checking,4,38.0,True,2500.01,Mortgage,True,True,0,High,5,1,2,236-170-3848T,4510 1587T 0526 6001,CREDIT,TMARCHANDARTHUR@synth.yahoo.com,0.13,0.2,36-45,OTHER,60k-100k,1M-2M,0-500,9
65384,F,Toronto,ON,LIU YANG,49,False,,Asian,76326.0,True,1075617.0,0.0,True,False,4970,74304.13,766.0,Credit; Checking,10,17.36,False,36.47,Mortgage,True,False,6,Medium,2,2,5,613-437-1093T,4512 2338T 4216 2515,CREDIT,TLY670763822@non.netZero.com,0.15,0.06,46-55,OTHER,60k-100k,1M-2M,0-500,23
107686,F,Vancouver,BC,ZI YANG,35,True,,Asian,89578.0,True,1393866.0,0.0,True,False,5289,24640.3,729.0,Checking,1,67.0,True,2790.71,,True,True,7,High,4,0,5,672-800-7776T,4512 2366T 6495 6296,CREDIT,TZY358304@fake.cogeco.ca,0.13,0.14,26-35,OTHER,60k-100k,1M-2M,0-500,8
74928,F,Montreal,QC,LIMA SANDRA,39,False,,Latino,68210.0,True,571310.0,0.0,True,False,2887,9157.69,666.0,Checking,14,8.11,False,31.95,Mortgage,False,False,12,Low,5,0,6,354-286-6159T,4512 2328T 2717 1056,CREDIT,TLS41633@synth.hotmail.com,0.18,0.15,36-45,OTHER,60k-100k,500k-1M,0-500,19
83515,M,Montreal,QC,LACROIX OMER,37,True,,White,89372.0,True,541262.0,0.0,True,False,5052,24528.88,714.0,Checking,25,39.0,True,2613.39,Mortgage,True,False,0,High,3,4,1,367-133-4569T,4519 9257T 9356 3406,DEBIT,TLACROIXOMER@test.hotmail.com,0.18,0.12,36-45,White,60k-100k,500k-1M,0-500,10
187141,M,Brampton,ON,WHEELER ERNEST,40,False,,Asian,65654.0,True,1112451.0,0.0,True,False,2993,29855.22,723.0,Credit,4,11.36,False,49.53,Mortgage,True,False,0,Low,6,4,1,437-742-4945T,4514 0181T 3968 9297,CREDIT,TWHERdopeyIguana61976@fake.hotmail.com,0.17,0.52,36-45,OTHER,60k-100k,1M-2M,0-500,5
57704,M,Toronto,ON,ALDRED ROY,42,False,,Latino,103263.0,True,1205771.0,0.0,True,False,8605,20617.41,725.0,Checking; Credit; Investment,13,50.0,True,5983.25,Mortgage,False,False,0,Medium,5,3,3,519-154-7540T,4510 1378T 1696 2068,CREDIT,TAR359739@synth.att.net,0.15,0.29,36-45,OTHER,100k-200k,1M-2M,0-500,29
17842,M,Toronto,ON,MICHAEL HOWARD,40,False,,Asian,91699.0,True,688027.0,0.0,True,False,4891,48387.41,721.0,Checking; Investment,25,11.12,False,17.96,Mortgage,True,False,0,Medium,2,0,4,519-232-2013T,5415 9051T 3416 0215,CREDIT,TMICHAELHOWARD@synth.proton.com,0.15,0.09,36-45,OTHER,60k-100k,500k-1M,0-500,5
216399,F,Markham,ON,CARDEN ALISON,34,True,,Asian,99428.0,True,1205977.0,0.0,True,False,4397,18379.16,728.0,Investment,23,10.56,False,25.03,Mortgage,False,False,0,Medium,2,1,5,683-223-2600T,4512 2325T 7216 7611,CREDIT,TCA06820906@rand.icloud.com,0.12,0.12,26-35,OTHER,60k-100k,1M-2M,0-500,5
14665,F,Toronto,ON,MORSE LOUISE,42,False,,White,80400.0,True,1094079.0,0.0,True,True,4468,25606.16,830.0,Investment,15,90.0,True,3057.15,Mortgage,True,True,0,High,4,2,4,905-777-5077T,4510 1339T 0611 5128,CREDIT,TML9318@rand.aol.com,0.15,0.11,36-45,White,60k-100k,1M-2M,0-500,5
50419,M,Toronto,ON,KRISTINA MILLER,26,False,,White,64779.0,True,939628.0,0.0,True,False,3170,13440.67,666.0,Credit,8,85.0,True,2413.36,Personal Loan,True,True,0,High,5,0,5,683-126-8823T,4519 9259T 7203 3946,DEBIT,TKRISTINA_MILLER56@fake.proton.com,0.15,0.17,18-25,White,60k-100k,500k-1M,0-500,7
37956,M,Toronto,ON,SAMAYOA RAUL,37,False,,Asian,96707.0,True,986546.0,0.0,True,False,4437,8138.32,694.0,Checking,4,10.09,False,36.57,Mortgage,False,False,0,Low,6,2,4,289-503-4831T,4512 2322T 1089 6581,CREDIT,TSR1734281022@fake.hotmail.com,0.15,0.17,36-45,OTHER,60k-100k,500k-1M,0-500,5
107259,M,Vancouver,BC,WEST JAMES,35,False,,Asian,122579.0,True,1360402.0,0.0,True,False,7144,33137.65,759.0,Investment,15,9.14,False,17.53,Mortgage,True,False,0,Low,5,0,4,236-157-6475T,4512 2322T 3225 9512,CREDIT,TWJ9362608@synth.outlook.com,0.13,0.08,26-35,OTHER,100k-200k,1M-2M,0-500,8
19937,F,Toronto,ON,BONK JEANE,27,False,,White,75071.0,True,1245153.0,0.0,True,False,3625,21752.53,680.0,Checking,18,12.56,False,40.72,Mortgage,True,False,10,Medium,2,0,7,807-265-3661T,4510 1658T 6096 1592,DEBIT,TBONK_JEANE87@test.icloud.com,0.15,0.33,26-35,White,60k-100k,1M-2M,0-500,37
14164,F,Toronto,ON,STEPHANIE HARRINGTON,31,True,,Native,76197.0,True,1069327.0,0.0,True,False,4050,13009.81,717.0,Checking; Investment; Credit,8,11.54,False,27.35,Mortgage,True,False,1,Medium,2,0,5,365-759-2854T,4510 1626T 8334 7038,DEBIT,TSH7660459193@test.att.net,0.15,0.08,26-35,OTHER,60k-100k,1M-2M,0-500,11
89656,M,Montreal,QC,JACOB ROLAND,34,False,,White,92760.0,True,659191.0,0.0,True,False,3276,28743.23,696.0,Credit,4,10.22,False,38.87,Mortgage,False,False,0,Medium,2,0,5,418-481-9407T,4510 1649T 6452 5646,DEBIT,TJR118427274@synth.yahoo.com,0.18,0.08,26-35,White,60k-100k,500k-1M,0-500,30
37442,F,Toronto,ON,JANSSEN NANCY,35,False,,White,99325.0,True,1023275.0,0.0,False,False,4620,28183.9,717.0,Investment,16,11.54,False,19.83,Personal Loan,True,False,12,Medium,2,2,3,289-362-6884T,4512 2395T 6183 2390,CREDIT,ToutlyingViper2JANA@synth.hotmail.com,0.15,0.09,26-35,White,60k-100k,1M-2M,0-500,9
133348,M,Edmonton,AB,CAI LONG,34,False,,White,88144.0,True,426307.0,0.0,True,False,3685,12944.33,688.0,Checking,4,97.0,True,2325.31,Mortgage,True,False,0,High,4,3,2,403-455-1842T,4514 0126T 8806 7230,CREDIT,TCAILONG@synth.proton.com,0.16,0.21,26-35,White,60k-100k,200k-500k,0-500,16
65416,F,Toronto,ON,PODSIAD AMY,33,True,,Black,82835.0,True,1195285.0,0.0,False,False,4317,57489.19,720.0,Checking,20,52.0,True,2363.74,Mortgage,True,True,2,High,5,0,6,437-914-4422T,4510 1560T 6715 1154,CREDIT,TPA894339@rand.zoho.com,0.15,0.13,26-35,OTHER,60k-100k,1M-2M,0-500,6
50623,F,Toronto,ON,DAVIE RITA,44,True,,White,97717.0,True,1152683.0,0.0,True,False,5108,56097.77,760.0,Investment,16,38.0,True,2585.96,Mortgage,True,False,10,High,5,2,5,753-763-8702T,5415 9035T 8233 9623,CREDIT,TDR783586@rand.outlook.com,0.15,0.06,36-45,White,60k-100k,1M-2M,0-500,25
76590,M,Montreal,QC,SIROIS JONATHAN,43,False,,White,74170.0,True,629587.0,0.0,True,False,3537,59778.7,711.0,Investment,17,77.0,True,2436.57,Mortgage,True,False,0,High,4,1,3,438-503-5991T,4510 1383T 0853 3684,CREDIT,TSIROISJONATHAN@rand.gmail.com,0.18,0.14,36-45,White,60k-100k,500k-1M,0-500,28
37335,M,Toronto,ON,MARTIN JACQUES,32,False,,Black,99296.0,True,706800.0,0.0,True,False,4521,24150.66,727.0,Checking; Investment,5,8.62,False,510.25,Auto Loan,True,True,6,Low,6,6,1,249-908-5944T,4510 1666T 1152 1178,DEBIT,TMARTINJACQUES@non.jumo.com,0.15,0.73,26-35,OTHER,60k-100k,500k-1M,0-500,19
153275,M,Ottawa,ON,MARY AGUILAR,46,True,2yT4zlqx,White,89175.0,True,843988.0,0.0,True,False,5099,67123.2,800.0,Investment,4,57.0,True,2605.09,Personal Loan,True,False,0,High,4,3,1,519-481-5144T,4510 1342T 7026 0952,CREDIT,TMAAGjoyfulRuffs61988@non.yahoo.com,0.14,0.22,36-45,White,60k-100k,500k-1M,0-500,6
80417,M,Montreal,QC,SEVIGNY ROMEO,23,False,,Black,55333.0,False,0.0,578.0,True,False,2237,3598.48,476.0,Savings,17,10.49,False,27.41,,False,True,8,Medium,2,2,2,450-724-7545T,4510 1374T 4442 2097,CREDIT,TSEVIGNY_ROMEO73@synth.att.net,0.18,0.28,18-25,OTHER,30k-60k,0-200k,500-1k,6
40482,M,Toronto,ON,KATHLEEN WATKINS,36,False,,White,83553.0,True,1078604.0,0.0,True,False,4131,65138.37,744.0,Checking,9,15.03,False,20.46,Mortgage,True,False,0,Medium,2,4,1,519-988-9640T,4519 9239T 0215 1844,DEBIT,TKW4108@synth.proton.com,0.15,0.27,26-35,White,60k-100k,1M-2M,0-500,23
88937,M,Montreal,QC,CYR JACQUES,34,False,,White,86153.0,True,648012.0,0.0,True,False,4252,30864.57,719.0,Checking,9,6.8,False,32.57,Mortgage,True,False,0,Low,4,2,2,581-545-2551T,4519 9248T 2278 3753,DEBIT,TCYRJACQUES@fake.mail.com,0.18,0.11,26-35,White,60k-100k,500k-1M,0-500,30
62926,F,Toronto,ON,SHARPE JOAN,23,False,,Others,78183.0,False,0.0,1220.0,True,False,2940,10368.17,533.0,Savings; Checking; Investment,12,114.0,True,2099.17,,False,False,0,High,4,4,1,548-326-3763T,4514 0176T 0099 9792,CREDIT,TSHARPE_JOAN50@test.gmail.com,0.15,0.1,18-25,OTHER,60k-100k,0-200k,1k-2k,8
142350,F,Ottawa,ON,NOEL VERONIQUE,28,True,,White,69221.0,True,732425.0,0.0,True,False,4064,20692.26,700.0,Credit,5,9.15,False,55.46,,False,False,0,Low,4,0,8,683-651-5886T,4512 2316T 9749 6134,CREDIT,TNV9631331@test.netZero.com,0.14,0.05,26-35,White,60k-100k,500k-1M,0-500,7
36654,M,Toronto,ON,WAKELING KEVIN,45,False,,White,99357.0,True,1299452.0,0.0,True,False,4858,30645.61,720.0,Checking; Investment,4,14.71,False,45.85,Mortgage,False,True,0,Medium,2,3,1,365-644-6296T,4512 2327T 2847 5527,CREDIT,TWK922393@test.mail.com,0.15,0.33,36-45,White,60k-100k,1M-2M,0-500,31
98689,M,Montreal,QC,PARISE BRYAN,40,False,,White,63443.0,True,672078.0,0.0,True,False,3012,21339.97,672.0,Credit,4,12.96,False,56.11,Mortgage,False,True,10,Low,5,0,6,873-339-5020T,4510 1361T 1495 4744,CREDIT,TPB0558@non.iCloud.com,0.18,0.16,36-45,White,60k-100k,500k-1M,0-500,28
68879,M,Toronto,ON,CAMINA JOSE,45,False,,Black,106362.0,True,1286486.0,0.0,True,False,8864,13977.39,719.0,Investment,32,48.0,True,5486.54,Mortgage,True,False,9,High,5,6,1,226-680-6283T,4512 2342T 4011 3442,CREDIT,TCJ120973@non.netZero.com,0.15,0.49,36-45,OTHER,100k-200k,1M-2M,0-500,29
165643,F,Quebec City,QC,PRONOVOST CLAUDETTE,46,False,,White,79438.0,True,400682.0,0.0,True,False,4282,108173.13,710.0,Investment,36,84.0,True,3160.09,Auto Loan,True,False,6,High,4,3,1,468-808-4600T,4510 1339T 2094 7554,CREDIT,TPC320616@non.yahoo.com,0.16,0.25,36-45,White,60k-100k,200k-500k,0-500,8
68336,M,Toronto,ON,MIDDLETON RONALD,36,False,,Others,89210.0,True,1050903.0,0.0,True,False,3591,57481.91,722.0,Investment,12,63.0,True,2456.4,Mortgage,True,False,11,High,3,4,2,226-158-4706T,4510 1530T 6803 9423,CREDIT,TMIDDLETONRONALD@rand.mail.com,0.15,0.21,26-35,OTHER,60k-100k,1M-2M,0-500,39
69541,M,Toronto,ON,WOLFMAN BERT,43,True,7q3jU0IJ,White,84068.0,True,1213814.0,0.0,True,False,5375,25069.1,740.0,Joint,4,91.0,True,3789.28,Mortgage,False,False,0,High,3,4,1,343-279-4375T,4512 2391T 8901 6516,CREDIT,TWB4624@rand.mail.com,0.15,0.08,36-45,White,60k-100k,1M-2M,0-500,21
44532,F,Toronto,ON,SCOTT DEAN,31,False,,Asian,107459.0,True,1071330.0,0.0,True,False,8675,5766.95,698.0,Checking; Investment; Credit,15,11.18,False,29.59,Personal Loan,False,False,8,Medium,2,0,6,416-692-6319T,5415 9072T 6767 4026,CREDIT,TpluckyCow4SCDE@non.mail.com,0.15,0.09,26-35,OTHER,100k-200k,1M-2M,0-500,13
35030,F,Toronto,ON,WRIGHT HELEN,46,True,,Asian,108457.0,True,1253254.0,0.0,True,False,9038,43472.92,818.0,Checking,30,102.0,True,4780.63,Mortgage,False,False,0,High,5,1,5,742-856-1118T,4512 2318T 1868 5742,CREDIT,TWH6818735348@non.neo.com,0.15,0.07,36-45,OTHER,100k-200k,1M-2M,0-500,16
149920,M,Ottawa,ON,STRYDONCK FRANK,33,False,,Asian,72163.0,True,729437.0,0.0,True,False,3492,36238.96,686.0,Investment; Credit,7,8.48,False,22.22,Mortgage,True,True,5,Low,5,2,3,647-106-7792T,4510 1582T 9532 5342,CREDIT,TSF83133@non.zoho.com,0.14,0.2,26-35,OTHER,60k-100k,500k-1M,0-500,7
75208,F,Montreal,QC,FAGNAN LAURETTE,35,False,,White,64075.0,True,638286.0,0.0,True,False,3012,5956.35,672.0,Credit,14,6.05,False,27.6,Mortgage,False,False,0,Low,5,0,6,468-125-7999T,4512 2387T 2359 3927,CREDIT,TFL5324@test.neo.com,0.18,0.09,26-35,White,60k-100k,500k-1M,0-500,28
35415,F,Toronto,ON,LEPAGE MARIANNE,43,False,,Asian,83776.0,True,1215657.0,0.0,True,False,4106,15506.58,681.0,Credit,23,85.0,True,2346.86,Mortgage,False,False,2,High,4,0,4,343-733-3406T,4510 1573T 4453 8233,CREDIT,TrelievedCoati3LEMA@rand.proton.com,0.15,0.09,36-45,OTHER,60k-100k,1M-2M,0-500,69
93363,F,Montreal,QC,BRISEBOIS JENNIFER,44,True,,White,76760.0,True,691393.0,0.0,True,False,4251,60535.44,750.0,Investment; Joint; Checking,20,18.2,False,68.3,Mortgage,True,False,0,Medium,2,0,6,581-216-2337T,4510 1682T 6464 7749,DEBIT,TBJ63311587@rand.neo.com,0.18,0.08,36-45,White,60k-100k,500k-1M,0-500,9
6895,M,Toronto,ON,BRIAN BURTON,32,False,,White,153400.0,True,1145407.0,0.0,False,False,12783,14364.36,723.0,Investment; Credit; Checking,4,8.58,False,32.87,Mortgage,False,False,12,Low,4,3,2,365-398-7583T,4510 1545T 1239 2530,CREDIT,TBB65973@rand.jumo.com,0.15,0.27,26-35,White,100k-200k,1M-2M,0-500,5
68895,M,Toronto,ON,SHAKELL ALFRED,27,False,,Asian,92234.0,True,972127.0,0.0,True,False,4008,34246.4,701.0,Credit,10,91.0,True,3084.48,Mortgage,True,False,1,High,4,0,5,647-353-7444T,4510 1384T 4306 3403,CREDIT,TSHAKELL_ALFRED65@test.live.com,0.15,0.1,26-35,OTHER,60k-100k,500k-1M,0-500,19
11967,F,Toronto,ON,LOK ARETA,39,False,,White,78605.0,True,1201453.0,0.0,True,False,3935,30251.75,702.0,Credit,4,15.28,False,37.36,Mortgage,False,False,9,Medium,2,0,6,647-755-2192T,4510 1681T 1779 5292,DEBIT,TLA137653246@synth.iCloud.com,0.15,0.12,36-45,White,60k-100k,1M-2M,0-500,42
86800,F,Montreal,QC,LABBE MARYSE,40,False,,Others,75384.0,True,765416.0,0.0,True,False,3204,47402.27,714.0,Investment; Checking; Credit,11,11.26,False,42.58,Auto Loan,True,True,0,Medium,2,0,5,819-221-7570T,4519 9273T 1039 0940,DEBIT,TculturedSalt6LAMA@test.mail.com,0.18,0.07,36-45,OTHER,60k-100k,500k-1M,0-500,19
32856,M,Toronto,ON,RENSHAW VERNON,44,False,,White,95775.0,True,1203812.0,0.0,True,False,4192,52397.8,759.0,Investment,18,38.0,True,3253.64,Personal Loan,False,False,0,Medium,5,1,3,416-491-8757T,4519 9242T 2829 3740,DEBIT,TRV021095422@test.att.net,0.15,0.05,36-45,White,60k-100k,1M-2M,0-500,31
176763,M,Mississauga,ON,CHABOT PAUL,37,False,,White,139861.0,True,1082305.0,0.0,True,False,11655,30595.42,742.0,Checking,17,74.0,True,8593.98,Mortgage,True,True,7,High,5,2,4,613-169-4753T,4510 1662T 7564 6335,DEBIT,TCHABOTPAUL@test.cogeco.ca,0.17,0.04,36-45,White,100k-200k,1M-2M,0-500,7
137685,F,Edmonton,AB,ALFUENTE MARIA,45,False,,White,63882.0,True,467379.0,0.0,True,False,2954,16867.98,661.0,Credit,31,12.11,False,27.64,Mortgage,True,False,4,Low,6,2,5,825-664-8444T,4510 1622T 2732 4969,DEBIT,TecstaticTuna7ALMA@synth.hotmail.com,0.16,0.24,36-45,White,60k-100k,200k-500k,0-500,5
75114,F,Montreal,QC,POULIN CINDY,31,False,,Asian,50511.0,True,613276.0,0.0,True,False,2362,4983.11,644.0,Credit,15,12.23,False,19.64,,False,True,2,Low,6,0,8,468-294-6267T,4512 2328T 0606 8577,CREDIT,TPC964906@fake.aol.com,0.18,0.07,26-35,OTHER,30k-60k,500k-1M,0-500,8
30603,F,Toronto,ON,KRYSTAL BARNETT,28,False,,Asian,60795.0,True,923014.0,0.0,True,False,2618,3115.88,663.0,Checking; Credit,4,13.91,False,31.39,Mortgage,False,True,2,Low,5,0,7,613-923-5446T,5415 9019T 5733 5452,CREDIT,TKRYSTAL_BARNETT35@non.neo.com,0.15,0.17,26-35,OTHER,60k-100k,500k-1M,0-500,22
109417,F,Vancouver,BC,PARKER SHELLY,28,True,jnxOi0bo,Asian,82122.0,True,1294945.0,0.0,True,False,5109,35863.55,732.0,Investment,12,12.51,False,43.58,Personal Loan,False,True,0,Medium,2,0,6,604-156-2572T,4512 2339T 4598 9302,CREDIT,TPARKERF36@non.mail.com,0.13,0.12,26-35,OTHER,60k-100k,1M-2M,0-500,8
79738,M,Montreal,QC,CARLOS CASEY,33,False,,White,82103.0,True,721153.0,0.0,True,False,3167,8468.69,692.0,Credit,4,9.93,False,48.54,Mortgage,True,True,10,Low,5,0,5,819-376-4925T,5415 9041T 3517 0785,CREDIT,TCARLOSCASEY@non.iCloud.com,0.18,0.2,26-35,White,60k-100k,500k-1M,0-500,30
50052,F,Toronto,ON,LEUNG MEI,31,True,,White,99590.0,True,1140761.0,0.0,True,False,5850,16732.27,741.0,Investment; Checking,9,10.26,False,42.55,Mortgage,False,False,0,Medium,2,0,5,365-267-6259T,4512 2327T 3779 0424,CREDIT,TLM0888615@synth.att.net,0.15,0.13,26-35,White,60k-100k,1M-2M,0-500,14
57259,M,Toronto,ON,NATHAN STEPHENS,26,False,,White,73158.0,True,1120787.0,0.0,True,False,3074,36472.92,699.0,Credit,2,114.0,True,2109.43,Mortgage,False,False,0,High,3,5,1,742-274-7971T,4519 9274T 8183 6976,DEBIT,TNS3506@fake.cogeco.ca,0.15,0.24,18-25,White,60k-100k,1M-2M,0-500,10
121198,M,Vancouver,BC,KOEHL MARTIN,31,True,rM24JTbN,Asian,70045.0,True,1172996.0,0.0,True,False,3831,7118.12,700.0,Investment,19,117.0,True,2133.63,Mortgage,False,False,0,High,4,3,3,778-798-7659T,4514 0124T 9612 9337,CREDIT,TKM0169126@non.att.net,0.13,0.21,26-35,OTHER,60k-100k,1M-2M,0-500,7
147189,F,Ottawa,ON,HATTON AMANDA,43,False,,White,101590.0,True,936002.0,0.0,True,False,8466,14394.17,731.0,Investment,13,19.0,False,41.74,Personal Loan,True,True,0,Medium,2,0,6,343-589-7737T,5415 9056T 2786 7604,CREDIT,THA9960401968@rand.zoho.com,0.14,0.2,36-45,White,100k-200k,500k-1M,0-500,9
188531,F,Brampton,ON,CHILIAN KOSOWAN,42,True,CRc2EgVV,Black,145313.22,True,1380337.0,0.0,True,False,7883,17773.26,754.0,Credit,4,92.0,True,5611.77,Mortgage,True,False,0,Medium,6,2,3,905-959-8687T,4510 1597T 0593 4030,CREDIT,TCK1235917@synth.zoho.com,0.17,0.23,36-45,OTHER,100k-200k,1M-2M,0-500,8
119657,F,Vancouver,BC,CRUIKSHANK TIFFANY,32,True,,Asian,68483.0,True,1063171.0,0.0,True,False,3889,16287.39,722.0,Checking,22,8.57,False,12.21,Mortgage,False,False,0,Low,5,0,8,236-260-8696T,4510 1629T 4236 9994,DEBIT,TcautiousHare4CRTI@synth.iCloud.com,0.13,0.08,26-35,OTHER,60k-100k,1M-2M,0-500,8
77677,F,Montreal,QC,TREMBLAY STEPHANE,48,True,,White,75694.0,True,563441.0,0.0,True,False,4685,59462.49,771.0,Joint; Credit; Investment,12,18.37,False,50.08,Personal Loan,False,True,8,Medium,2,0,6,514-152-2448T,4512 2352T 1017 2520,CREDIT,TamazedCrackers4TRST@fake.outlook.com,0.18,0.13,46-55,White,60k-100k,500k-1M,0-500,5
92171,F,Montreal,QC,FILLION ESTHER,37,False,,Others,60073.0,True,534438.0,0.0,True,False,3128,14101.47,653.0,Checking,7,16.63,False,36.1,Mortgage,True,False,11,Medium,2,0,6,873-652-5663T,4512 2395T 3774 0585,CREDIT,TFE3956098@fake.netZero.com,0.18,0.14,36-45,OTHER,60k-100k,500k-1M,0-500,19
97507,F,Montreal,QC,LAVIGNE CLERMONT,41,True,5fgT15UT,White,68918.75,True,638702.0,0.0,True,False,3742,7096.43,657.0,Joint; Credit; Checking,20,43.0,True,2894.53,Personal Loan,True,False,0,High,3,0,9,367-566-9518T,4510 1613T 4491 0737,DEBIT,TLC2096560227@non.att.net,0.18,0.11,36-45,White,60k-100k,500k-1M,0-500,9
107316,M,Vancouver,BC,LEE ADAM,29,False,,Asian,87260.0,True,1249018.0,0.0,True,False,2530,24653.18,716.0,Credit,13,6.82,False,16.61,Mortgage,False,True,0,Low,6,3,3,604-369-7056T,4510 1583T 5249 5935,CREDIT,TLA86551@rand.live.com,0.13,0.77,26-35,OTHER,60k-100k,1M-2M,0-500,21
185459,M,Brampton,ON,SAMANTHA ANDERSON,32,True,efwZ3lmR,Black,136621.47,True,1066149.0,0.0,True,False,11385,4578.19,769.0,Investment,3,107.0,True,7920.57,Personal Loan,True,True,1,High,4,2,2,226-230-9545T,4510 1597T 5635 8169,CREDIT,TSAMANTHAANDERSON@fake.jumo.com,0.17,0.09,26-35,OTHER,100k-200k,1M-2M,0-500,6
152135,M,Ottawa,ON,MARCIL PHILIPPE,35,False,,White,117843.0,True,858074.0,0.0,True,False,8501,26251.93,707.0,Checking,7,6.47,False,20.65,,True,False,0,Low,5,1,4,807-236-3868T,4510 1349T 0310 1671,CREDIT,TMP3154203@test.live.com,0.14,0.05,26-35,White,100k-200k,500k-1M,0-500,7
50144,M,Toronto,ON,LAHAIE ROGER,47,True,,White,92557.0,True,1255361.0,0.0,True,False,5803,76196.06,780.0,Investment,2,65.0,True,4134.85,Mortgage,True,False,8,High,5,0,6,683-208-5467T,4510 1637T 2877 6128,DEBIT,TLR9484@fake.comcast.net,0.15,0.13,46-55,White,60k-100k,1M-2M,0-500,9
16093,F,Toronto,ON,LATULIPPE JOYCE,35,False,,Asian,83993.0,True,977010.0,0.0,False,False,3952,29407.86,664.0,Investment,4,104.0,True,2176.58,Personal Loan,False,True,0,High,4,0,4,613-442-1410T,4512 2330T 9642 1786,CREDIT,TscornfulCheese4LAJO@non.proton.com,0.15,0.07,26-35,OTHER,60k-100k,500k-1M,0-500,6
14464,M,Toronto,ON,ELIZABETH PHILLIPS,45,False,,White,94864.0,True,1279035.0,0.0,True,False,4955,55178.95,725.0,Checking,17,18.14,False,28.73,Mortgage,True,False,0,Medium,2,2,3,807-240-8444T,4510 1571T 7566 5101,CREDIT,TELIZABETHPHILLIPS@non.jumo.com,0.15,0.09,36-45,White,60k-100k,1M-2M,0-500,31
3330,M,Toronto,ON,BUTTERFIELD ALBERT,44,False,,Asian,113060.0,True,1233794.0,0.0,True,False,9422,48688.83,733.0,Investment; Checking,15,55.0,True,4885.9,Mortgage,True,False,0,High,4,7,1,437-317-6363T,4519 9261T 2851 8899,DEBIT,TBA347355@synth.comcast.net,0.15,0.31,36-45,OTHER,100k-200k,1M-2M,0-500,29
54492,F,Toronto,ON,BROWN DIANNE,39,False,,Asian,89762.0,True,1186329.0,0.0,False,False,3929,57895.39,685.0,Checking,8,15.59,False,17.67,Personal Loan,False,False,6,Low,6,1,6,753-146-6232T,4514 0125T 3308 5601,CREDIT,TBD08304709@rand.gmail.com,0.15,0.23,36-45,OTHER,60k-100k,1M-2M,0-500,23
54834,M,Toronto,ON,TOYE JOHN,35,False,,White,90519.0,True,1221384.0,0.0,True,False,3532,56704.09,736.0,Credit; Investment; Checking,23,9.49,False,38.17,Mortgage,True,False,0,Low,6,0,5,226-133-7045T,4510 1577T 0848 3934,CREDIT,TTJ0653@synth.aol.com,0.15,0.21,26-35,White,60k-100k,1M-2M,0-500,23
7650,M,Toronto,ON,TOURANGEAU JAMES,31,True,,Asian,82947.0,True,999621.0,0.0,True,False,3815,30747.41,711.0,Investment; Credit; Checking,7,6.93,False,32.22,Mortgage,True,False,0,Low,5,0,4,613-328-8873T,4510 1361T 7383 7097,CREDIT,TTOURANGEAUJAMES@test.jumo.com,0.15,0.09,26-35,OTHER,60k-100k,500k-1M,0-500,8
41298,F,Toronto,ON,SKEET LOUISE,21,False,,Asian,8661.0,False,0.0,616.0,False,False,875,3469.52,402.0,Savings,12,10.29,False,6.11,,False,True,9,Medium,2,0,5,519-748-2447T,4514 0162T 4471 9168,CREDIT,TSL637324@synth.cogeco.ca,0.15,0.15,18-25,OTHER,0-30k,0-200k,500-1k,15
130574,F,Calgary,AB,JAMIE NEWTON,27,True,,White,75882.0,True,556937.0,0.0,True,False,4706,15547.59,688.0,Investment,13,87.0,True,3203.63,Mortgage,True,True,0,High,4,4,2,403-796-2093T,5415 9078T 6308 9935,CREDIT,TJN46110608@synth.bla.com,0.14,0.54,26-35,White,60k-100k,500k-1M,0-500,5
30252,M,Toronto,ON,HOLMAN MICHAEL,38,True,pasOC4YZ,Asian,75531.0,True,1353722.0,0.0,True,False,4809,20388.47,714.0,Checking; Joint; Investment; Credit,4,15.92,False,18.9,Personal Loan,True,False,0,Medium,2,3,3,249-525-4802T,4510 1327T 4278 3931,CREDIT,THM15541323@test.aol.com,0.15,0.2,36-45,OTHER,60k-100k,1M-2M,0-500,26
9492,F,Toronto,ON,CORY WONG,29,False,,Asian,80563.0,False,0.0,1090.0,True,False,3170,27064.18,584.0,Investment,4,15.45,False,43.89,Auto Loan,False,False,6,Low,5,1,5,647-339-6909T,4510 1646T 0074 8691,DEBIT,TCW3883077@synth.comcast.net,0.15,0.08,26-35,OTHER,60k-100k,0-200k,1k-2k,7
47871,F,Toronto,ON,PARSONS TARA,38,True,,White,99633.0,True,1131222.0,0.0,True,False,5980,71901.42,790.0,Checking; Joint; Investment,4,15.8,False,62.44,Mortgage,False,False,2,Low,4,2,3,416-135-6753T,4512 2387T 4013 3941,CREDIT,TjubilantDinosaur7PATA@rand.netZero.com,0.15,0.12,36-45,White,60k-100k,1M-2M,0-500,25
53229,M,Toronto,ON,KORNBLUM STEPHEN,25,False,,White,66095.0,True,506840.0,0.0,True,False,2499,10913.56,645.0,Checking; Credit,13,22.94,False,2.0,Mortgage,True,True,7,Low,6,1,5,226-910-6205T,4514 0185T 6324 1819,CREDIT,TKORNBLUM_STEPHEN99@non.proton.com,0.15,0.48,18-25,White,60k-100k,500k-1M,0-500,7
54219,F,Toronto,ON,LAMBERT SUE,35,False,,Black,103809.0,True,1399978.0,0.0,True,False,8651,6506.91,713.0,Credit; Investment; Checking,4,80.0,True,5415.78,Mortgage,False,True,0,High,4,1,4,437-514-9846T,4510 1627T 4304 7905,DEBIT,TLS2870906196@fake.iCloud.com,0.15,0.09,26-35,OTHER,100k-200k,1M-2M,0-500,13
140137,M,Edmonton,AB,LOEWEN GORDON,26,False,,Asian,90969.0,True,468391.0,0.0,True,False,2781,41430.79,680.0,Checking; Credit; Investment,11,15.69,False,44.0,Mortgage,True,False,0,Medium,2,2,3,403-664-4168T,4510 1362T 4771 1087,CREDIT,TLOEWEN_GORDON5@fake.cogeco.ca,0.16,0.13,18-25,OTHER,60k-100k,200k-500k,0-500,5
178965,M,Mississauga,ON,FRASER MARK,45,False,,White,106361.0,True,1356937.0,0.0,True,False,8863,36110.61,742.0,Credit; Investment; Checking,6,20.2,False,102.92,Mortgage,True,True,0,Medium,2,0,5,249-698-4669T,4514 0170T 5299 6442,CREDIT,TFM240629@synth.hotmail.com,0.17,0.17,36-45,White,100k-200k,1M-2M,0-500,7
84229,F,Montreal,QC,TOUCHETTE MARGUERITE,27,False,,White,64275.0,True,567612.0,0.0,True,False,3978,4915.06,650.0,Credit,14,6.95,False,44.74,Mortgage,False,True,0,Low,4,0,6,450-573-6427T,4512 2335T 1267 8935,CREDIT,TTM195405395@rand.comcast.net,0.18,0.17,26-35,White,60k-100k,500k-1M,0-500,28
82746,F,Montreal,QC,BELAND CECILE,37,False,,White,56199.0,True,555931.0,0.0,True,False,2905,5832.7,632.0,Checking; Credit,18,11.8,False,51.94,Mortgage,False,False,3,Medium,2,0,7,263-483-2948T,4514 0157T 3456 7179,CREDIT,TBC54061@fake.hotmail.com,0.18,0.09,36-45,White,30k-60k,500k-1M,0-500,8
119410,M,Vancouver,BC,MORRIS GORDON,49,False,,Asian,88423.0,True,1191264.0,0.0,True,False,3996,69679.34,758.0,Credit,25,57.0,True,2650.14,,False,True,0,High,4,1,4,778-449-8693T,4510 1565T 5437 4466,CREDIT,TMG76027@rand.jumo.com,0.13,0.1,46-55,OTHER,60k-100k,1M-2M,0-500,5
23606,M,Toronto,ON,HANSON ANTHONY,28,True,PhW8Ium0,Asian,92566.17,True,930435.0,0.0,True,False,5874,26624.25,722.0,Investment; Joint; Credit,7,8.09,False,33.56,Mortgage,False,False,0,Low,4,0,8,613-689-9419T,4510 1321T 7721 8785,CREDIT,THANSON_ANTHONY46@synth.bla.com,0.15,0.05,26-35,OTHER,60k-100k,500k-1M,0-500,8
13820,F,Toronto,ON,VENNE BETTY,36,False,,Black,85084.0,True,1166082.0,0.0,True,False,4010,25623.57,717.0,Investment,15,44.0,True,2299.89,Mortgage,True,False,8,High,3,3,5,807-377-2349T,4510 1367T 3230 0462,CREDIT,TsincereBagels9VEBE@rand.att.net,0.15,0.36,26-35,OTHER,60k-100k,1M-2M,0-500,63
165484,M,Quebec City,QC,SYLVAIN GILLES,38,False,,White,81201.0,True,343615.0,0.0,True,False,4804,40591.34,698.0,Credit,4,34.0,True,3714.92,Mortgage,True,False,0,Medium,6,5,1,514-109-7445T,4519 9260T 3404 6307,DEBIT,TSG697198@rand.neo.com,0.16,0.4,36-45,White,60k-100k,200k-500k,0-500,7
89016,F,Montreal,QC,ARVISAIS GENEVIEVE,29,False,,Asian,61057.0,True,631304.0,0.0,True,False,3417,7341.19,641.0,Credit; Checking,9,67.0,True,1824.3,Mortgage,False,False,0,High,5,1,8,468-111-2262T,4510 1620T 4656 0358,DEBIT,TARVISAIS_GENEVIEVE13@fake.zoho.com,0.18,0.09,26-35,OTHER,60k-100k,500k-1M,0-500,21
23752,F,Toronto,ON,BUTTS PATRICE,44,False,,White,101685.0,True,1194572.0,0.0,True,False,7888,34447.97,727.0,Investment,4,32.0,True,4992.15,Mortgage,False,False,6,High,4,4,1,683-684-8080T,4510 1643T 8688 8679,DEBIT,TBP8942855@synth.neo.com,0.15,0.23,36-45,White,100k-200k,1M-2M,0-500,7
28906,M,Toronto,ON,BEST REG,45,True,,White,102541.0,True,1171129.0,0.0,True,False,8545,41815.73,743.0,Joint,10,21.74,False,65.32,Mortgage,False,True,10,Low,6,0,4,905-780-2363T,4519 9283T 9469 9738,DEBIT,TBEREdreadfulSalt81977@test.cogeco.ca,0.15,0.28,36-45,White,100k-200k,1M-2M,0-500,16
53969,M,Toronto,ON,STEPHEN BRENNAN,35,False,,Latino,75178.0,True,1139676.0,0.0,True,False,3660,17978.17,665.0,Checking; Investment; Credit,21,11.79,False,10.38,Mortgage,True,False,5,Medium,2,1,4,548-663-8291T,4510 1353T 1874 8772,CREDIT,TSB4893694023@non.hotmail.com,0.15,0.17,26-35,OTHER,60k-100k,1M-2M,0-500,39
10714,M,Toronto,ON,PAY JIM,46,False,,Asian,117215.0,True,1331513.0,0.0,True,False,9768,33897.06,764.0,Credit,17,73.0,True,6527.95,Personal Loan,False,False,0,High,3,4,2,519-221-5066T,4510 1378T 7165 0780,CREDIT,TPAYJIM@rand.hotmail.com,0.15,0.17,36-45,OTHER,100k-200k,1M-2M,0-500,29
77780,F,Montreal,QC,JORDAN BAKER,32,True,,Asian,67476.0,True,564943.0,0.0,True,False,4442,11201.58,672.0,Credit,15,6.36,False,34.41,Mortgage,True,True,0,Low,4,0,7,367-884-9486T,4514 0159T 7755 9529,CREDIT,TshyOtter5JOBA@rand.gmail.com,0.18,0.1,26-35,OTHER,60k-100k,500k-1M,0-500,7
90529,M,Montreal,QC,DESCHAMPS DANIEL,24,False,,White,36395.0,False,0.0,650.0,False,False,1836,11571.16,418.0,Checking,12,11.95,False,8.46,,False,True,0,Medium,2,0,5,438-313-4897T,4510 1619T 7890 9769,DEBIT,TDESCHAMPS_DANIEL21@fake.live.com,0.18,0.06,18-25,White,30k-60k,0-200k,500-1k,8
92254,F,Montreal,QC,RAMOS JULIE,40,False,,White,55441.0,True,564830.0,0.0,True,False,3417,11814.21,650.0,Credit,3,50.0,True,1887.35,Mortgage,True,False,0,Medium,7,1,6,354-965-6122T,5415 9023T 2852 3758,CREDIT,TRJ153628@test.cogeco.ca,0.18,0.17,36-45,White,30k-60k,500k-1M,0-500,8
116347,F,Vancouver,BC,BRENTON SUZANNE,37,False,,Black,90229.0,True,1272183.0,0.0,True,False,5384,53202.5,749.0,Investment,8,17.56,False,42.07,Mortgage,False,False,0,Low,5,0,7,236-166-2470T,5415 9094T 3160 5331,CREDIT,TBS72970361@fake.outlook.com,0.13,0.09,36-45,OTHER,60k-100k,1M-2M,0-500,17
150377,M,Ottawa,ON,LORI DOYLE,34,True,,White,118533.0,True,837152.0,0.0,True,False,7285,26976.97,737.0,Checking,17,14.51,False,32.78,Mortgage,False,False,0,Medium,2,0,6,807-805-3678T,4512 2396T 9196 6056,CREDIT,TLORIDOYLE@synth.proton.com,0.14,0.04,26-35,White,100k-200k,500k-1M,0-500,7
29433,F,Toronto,ON,ANTONESCU FLORENTINA,21,False,,White,20528.0,False,0.0,1063.0,False,False,1202,6725.32,407.0,Checking,10,8.39,False,2.56,,False,False,8,Low,5,1,5,249-850-3956T,4512 2323T 5805 0373,CREDIT,TANTONESCUwingedRaisins391@fake.cogeco.ca,0.15,0.09,18-25,White,0-30k,0-200k,1k-2k,5
161884,M,Quebec City,QC,ROY ARMAND,27,False,,White,68471.0,True,376419.0,0.0,True,False,2623,10984.29,645.0,Credit,14,53.0,True,1382.35,Mortgage,True,True,0,High,4,2,6,438-100-6819T,5415 9052T 9831 5112,CREDIT,TRA7113505218@test.icloud.com,0.16,0.13,26-35,White,60k-100k,200k-500k,0-500,6
10328,M,Toronto,ON,JASON WILLIAMS,22,False,,Asian,13660.0,False,0.0,689.0,False,False,1000,6325.16,431.0,Checking,16,91.0,True,761.32,Student Loan,False,False,0,High,5,4,1,647-114-4954T,4510 1547T 9210 1639,CREDIT,TJW7071871449@fake.live.com,0.15,0.08,18-25,OTHER,0-30k,0-200k,500-1k,11
87984,F,Montreal,QC,JEAN CYNTHIA,31,False,,Black,64651.0,True,556858.0,0.0,True,False,3497,14591.4,664.0,Checking,6,11.32,False,22.35,Mortgage,False,False,0,Medium,2,0,6,263-211-9136T,4512 2364T 3015 3929,CREDIT,TJC306530948@rand.netZero.com,0.18,0.1,26-35,OTHER,60k-100k,500k-1M,0-500,21
155469,M,Ottawa,ON,DOUGLAS REYES,34,True,,White,134092.0,True,844053.0,0.0,True,False,10357,5703.94,749.0,Checking; Joint,20,59.0,True,6780.66,Personal Loan,False,False,0,High,4,4,3,289-513-1262T,4510 1358T 3637 8796,CREDIT,TDOUGLASREYES@rand.mail.com,0.14,0.12,26-35,White,100k-200k,500k-1M,0-500,7
85478,F,Montreal,QC,COLLIN LOUISE,35,True,,Latino,82904.0,True,580120.0,0.0,True,False,5357,28700.56,709.0,Credit,13,8.96,False,45.65,Mortgage,True,True,0,Low,5,1,5,367-297-5552T,4512 2330T 3879 6627,CREDIT,TCL80252@fake.live.com,0.18,0.11,26-35,OTHER,60k-100k,500k-1M,0-500,7
146697,M,Ottawa,ON,SCHANK LUDWIG,32,False,,White,137142.0,True,709903.0,0.0,True,False,8964,16207.46,750.0,Credit,15,48.0,True,6797.23,Personal Loan,False,False,6,High,4,3,3,437-820-4960T,4514 0173T 7544 0235,CREDIT,TSCHANKLUDWIG@synth.mail.com,0.14,0.29,26-35,White,100k-200k,500k-1M,0-500,7
211158,F,London,ON,WHITE LORI,46,True,,White,72192.0,True,756498.0,0.0,True,False,4609,59423.13,740.0,Credit,6,76.0,True,3581.33,Auto Loan,True,False,7,High,4,3,2,249-299-3687T,4510 1644T 0990 3890,DEBIT,TWL8921442@test.hotmail.com,0.17,0.17,36-45,White,60k-100k,500k-1M,0-500,6
50294,F,Toronto,ON,SPARLING ANNIE,39,False,,Asian,93317.0,True,1141023.0,0.0,True,False,5178,32514.23,735.0,Credit,21,107.0,True,3017.52,Mortgage,True,False,0,High,4,2,5,807-855-5051T,4512 2335T 6202 0676,CREDIT,TSA536746124@non.outlook.com,0.15,0.16,36-45,OTHER,60k-100k,1M-2M,0-500,69
151320,M,Ottawa,ON,PIETRASIAK PHILIP,27,False,,White,77500.0,True,854271.0,0.0,True,False,3624,23816.05,707.0,Investment,4,8.04,False,26.92,Mortgage,True,False,0,Low,5,3,2,647-917-5706T,4512 2357T 4814 2604,CREDIT,TPIETRASIAK_PHILIP43@fake.proton.com,0.14,0.41,26-35,White,60k-100k,500k-1M,0-500,7
163955,F,Quebec City,QC,BENOIT GHISLAINE,28,False,,White,73130.0,True,344850.0,0.0,True,False,4495,39483.06,655.0,Credit,4,6.37,False,13.23,Mortgage,True,False,6,Low,4,1,6,514-926-6264T,4510 1589T 8949 4186,CREDIT,TBENOITF35@synth.aol.com,0.16,0.28,26-35,White,60k-100k,200k-500k,0-500,11
62401,M,Toronto,ON,CARRIE MOORE,32,False,,White,72174.0,True,1099666.0,0.0,False,False,2748,19786.78,675.0,Investment,18,10.68,False,28.33,Mortgage,False,False,0,Medium,2,0,4,807-253-8800T,5415 9089T 2512 8151,CREDIT,TCM5553888213@synth.bla.com,0.15,0.1,26-35,White,60k-100k,1M-2M,0-500,8
43929,F,Toronto,ON,ANDRE TAMMY,31,False,,Asian,84834.0,True,1139410.0,0.0,True,False,3707,14519.08,696.0,Investment,21,7.26,False,27.4,Personal Loan,True,False,0,Low,5,1,4,548-200-2949T,4512 2366T 8568 9119,CREDIT,TAT145891@test.yahoo.com,0.15,0.1,26-35,OTHER,60k-100k,1M-2M,0-500,63
144381,M,Ottawa,ON,PAIVA MANUEL,37,True,,White,126093.0,True,823878.0,0.0,True,False,8736,15749.64,731.0,Investment,2,19.44,False,20.86,Personal Loan,True,False,1,Medium,2,1,4,416-144-4897T,4510 1328T 2733 1739,CREDIT,TPM994770408@non.cogeco.ca,0.14,0.06,36-45,White,100k-200k,500k-1M,0-500,5
89404,F,Montreal,QC,NOREAU REJEAN,35,False,,White,82821.0,True,580659.0,0.0,True,False,3698,18764.8,680.0,Checking,3,11.95,False,45.42,Mortgage,True,False,0,Medium,2,1,5,819-868-2335T,4510 1531T 3683 3099,CREDIT,TNR5362688678@rand.iCloud.com,0.18,0.05,26-35,White,60k-100k,500k-1M,0-500,28
104397,M,Vancouver,BC,PASCUZZI ANGELO,34,False,,Asian,80088.0,True,1388240.0,0.0,True,False,2780,42294.57,692.0,Investment,3,71.0,True,1501.37,Mortgage,True,False,4,High,4,3,1,778-684-1003T,4510 1628T 0746 6950,DEBIT,TPA429383@synth.zoho.com,0.13,0.37,26-35,OTHER,60k-100k,1M-2M,0-500,21
23927,M,Toronto,ON,HAWES WILLIAM,48,False,,Asian,89575.0,True,1274140.0,0.0,True,False,5379,108611.78,774.0,Investment,29,42.0,True,3528.19,Mortgage,False,False,0,Medium,6,0,5,416-647-5332T,4514 0135T 8508 6331,CREDIT,THW959460387@fake.proton.com,0.15,0.09,46-55,OTHER,60k-100k,1M-2M,0-500,12
13525,M,Toronto,ON,KELLY CHUCK,49,False,,White,73578.0,True,1176666.0,0.0,True,False,4670,54426.27,768.0,Investment; Checking; Credit,4,87.0,True,3143.32,,False,True,1,High,4,3,3,683-848-2878T,4514 0179T 6526 6399,CREDIT,TKC8980283@synth.iCloud.com,0.15,0.12,46-55,White,60k-100k,1M-2M,0-500,11
1909,F,Toronto,ON,LANCE SMITH,34,False,,Black,105447.0,True,1213545.0,0.0,False,False,8787,25116.28,690.0,Checking,9,10.61,False,7.72,Mortgage,True,False,6,Low,5,2,3,753-531-3097T,4514 0170T 0950 8450,CREDIT,TLS58739@fake.mail.com,0.15,0.32,26-35,OTHER,100k-200k,1M-2M,0-500,7
65620,F,Toronto,ON,ERIC FORD,45,False,,White,95585.0,True,1269353.0,0.0,True,False,4228,56939.53,717.0,Credit; Checking,5,60.0,True,2233.01,Mortgage,False,False,4,High,4,3,2,289-931-3425T,5415 9079T 7732 1713,CREDIT,TEF01018@non.aol.com,0.15,0.07,36-45,White,60k-100k,1M-2M,0-500,42
146333,F,Ottawa,ON,BLACKBOROW DIANE,40,False,,Black,92044.0,True,724355.0,0.0,True,False,4020,41576.34,712.0,Credit,18,15.11,False,28.64,Personal Loan,True,True,0,Medium,2,0,6,705-860-6272T,4512 2370T 1237 2558,CREDIT,TBD390762@rand.neo.com,0.14,0.21,36-45,OTHER,60k-100k,500k-1M,0-500,7
170857,M,Hamilton,ON,GUERTIN LUCIEN,42,False,,White,105988.0,True,1095587.0,0.0,True,False,8832,27627.56,735.0,Investment,20,57.0,True,6492.11,Mortgage,True,False,3,High,4,3,4,753-544-8509T,4512 2371T 5590 1970,CREDIT,TGL21842690@test.iCloud.com,0.15,0.26,36-45,White,100k-200k,1M-2M,0-500,5
143903,F,Ottawa,ON,WRAITH EMILY,32,False,,White,76230.0,True,807955.0,0.0,True,False,2890,30597.54,678.0,Investment,16,116.0,True,1542.44,Mortgage,False,True,0,High,4,3,1,807-777-8757T,4514 0141T 7054 1260,CREDIT,TWE9413@synth.netZero.com,0.14,0.38,26-35,White,60k-100k,500k-1M,0-500,18
98066,F,Montreal,QC,POULIN VICTORIA,45,False,,White,78504.0,True,672729.0,0.0,True,False,4246,68273.21,687.0,Investment,16,105.0,True,2885.88,Personal Loan,True,True,0,High,3,0,5,579-285-8013T,4510 1611T 8645 6124,DEBIT,TPV4147265526@non.icloud.com,0.18,0.05,36-45,White,60k-100k,500k-1M,0-500,21
46801,F,Toronto,ON,BROWN KAY,25,False,,White,76952.0,True,1090822.0,0.0,True,False,2511,24438.33,708.0,Checking,4,94.0,True,1437.28,Mortgage,True,True,2,High,4,3,2,519-609-6258T,4510 1652T 2084 3967,DEBIT,TBK93119@fake.zoho.com,0.15,0.37,18-25,White,60k-100k,1M-2M,0-500,5
88365,F,Montreal,QC,LAUZON NADYA,33,False,,Asian,57039.0,True,671537.0,0.0,True,False,3047,14432.95,673.0,Checking,4,10.36,False,16.94,Mortgage,True,False,3,Low,4,0,7,263-138-3500T,5415 9094T 4904 2801,CREDIT,TardentSyrup7LANA@fake.gmail.com,0.18,0.13,26-35,OTHER,30k-60k,500k-1M,0-500,8
43749,F,Toronto,ON,ROBERTO LIVINGSTON,38,False,,White,72919.0,True,1040515.0,0.0,False,False,4444,40462.14,706.0,Checking,7,67.0,True,2405.1,Mortgage,False,False,2,High,4,2,2,289-628-7959T,5415 9090T 9711 8354,CREDIT,TRL2488@synth.bla.com,0.15,0.06,36-45,White,60k-100k,1M-2M,0-500,9
44187,M,Toronto,ON,SARGALIS BARRY,29,False,,White,94330.0,True,1029298.0,0.0,False,False,4400,8519.34,678.0,Checking,12,107.0,True,3165.63,Mortgage,False,True,1,High,4,1,5,519-640-9309T,4510 1643T 1900 3752,DEBIT,TSARGALISwakefulJerky84@test.live.com,0.15,0.1,26-35,White,60k-100k,1M-2M,0-500,8
120210,F,Vancouver,BC,BLAND ANITA,28,False,,White,83287.0,True,1042256.0,0.0,True,False,3255,16190.35,689.0,Investment,16,10.82,False,49.22,Mortgage,True,True,0,Medium,2,3,4,250-639-1268T,4510 1656T 7248 8525,DEBIT,TBA5378158006@test.cogeco.ca,0.13,0.61,26-35,White,60k-100k,1M-2M,0-500,7
173318,F,Hamilton,ON,CAMPBELL JO,44,False,,White,82609.0,True,798591.0,0.0,True,False,4091,86019.8,720.0,Credit,4,75.0,True,2170.17,Mortgage,False,False,0,High,4,3,5,807-188-2413T,4519 9217T 4683 3690,DEBIT,TCJ8558539@fake.aol.com,0.15,0.1,36-45,White,60k-100k,500k-1M,0-500,8
87268,M,Montreal,QC,LEVI JEREMY,44,True,,White,79161.0,True,692792.0,0.0,True,False,4255,103282.71,743.0,Checking,14,82.0,True,3113.04,Mortgage,False,False,0,High,3,1,2,579-392-6691T,5415 9011T 7718 5498,CREDIT,TLEVIJEREMY@non.iCloud.com,0.18,0.1,36-45,White,60k-100k,500k-1M,0-500,10
93759,F,Montreal,QC,NGUYEN ANH,45,False,,White,64097.0,True,627483.0,0.0,True,False,3764,20629.69,666.0,Credit,15,15.05,False,91.74,Mortgage,True,True,0,Medium,2,0,7,354-880-2824T,4512 2354T 6338 8975,CREDIT,TcockyDoves4NGAN@test.yahoo.com,0.18,0.13,36-45,White,60k-100k,500k-1M,0-500,21
109165,F,Vancouver,BC,ASHLEY RUSSELL,41,False,,Asian,75575.0,True,1251554.0,0.0,False,False,3670,49409.85,712.0,Credit,16,12.24,False,44.42,Mortgage,False,True,0,Medium,2,1,4,236-675-4330T,4510 1324T 3346 7680,CREDIT,TpleasedDotterel4ASRU@rand.gmail.com,0.13,0.1,36-45,OTHER,60k-100k,1M-2M,0-500,8
102406,F,Montreal,QC,PEPIN SYLVIE,34,True,,White,73694.0,True,574196.0,0.0,True,False,3300,40010.61,733.0,Checking,14,16.36,False,21.83,Mortgage,True,True,2,Medium,2,2,5,579-296-2360T,4514 0138T 7578 9687,CREDIT,TPS72086375@synth.gmail.com,0.18,0.07,26-35,White,60k-100k,500k-1M,0-500,8
72,M,Toronto,ON,HENRY RON,23,False,,Asian,81605.0,False,0.0,1209.0,True,False,2507,5835.78,499.0,Savings,17,21.74,False,18.27,Student Loan,False,True,0,Medium,2,4,1,249-132-5456T,4510 1659T 1545 9388,DEBIT,THENRY_RON71@synth.aol.com,0.15,0.35,18-25,OTHER,60k-100k,0-200k,1k-2k,8
52640,M,Toronto,ON,TYCE ANDREW,33,False,,White,77513.0,True,1170640.0,0.0,False,False,3728,35894.87,667.0,Credit; Investment; Checking,15,8.17,False,33.0,Personal Loan,False,False,0,Low,4,0,5,705-489-3578T,5415 9042T 0139 5192,CREDIT,TTA3216@synth.live.com,0.15,0.17,26-35,White,60k-100k,1M-2M,0-500,8
15779,F,Toronto,ON,IORFIDA JO,44,False,,White,102747.0,True,1935740.0,0.0,True,False,8562,60278.16,761.0,Checking,33,98.0,True,6846.1,Mortgage,True,True,8,High,4,1,5,905-609-8452T,4519 9252T 4309 4181,DEBIT,TgrumpyApples1IOJO@fake.iCloud.com,0.15,0.18,36-45,White,100k-200k,1M-2M,0-500,7
136281,M,Edmonton,AB,MEGAN SPENCER,45,False,,White,105950.0,True,627089.0,0.0,True,False,8829,18822.66,704.0,Checking; Credit; Investment,17,87.0,True,4875.43,,False,False,0,High,4,3,2,587-940-3371T,4514 0172T 1657 2528,CREDIT,TMS0263460@fake.neo.com,0.16,0.12,36-45,White,100k-200k,500k-1M,0-500,6
101727,M,Montreal,QC,PERREAULT GASTON,30,False,,Native,81098.0,True,522722.0,0.0,True,False,4621,32791.03,683.0,Investment; Credit,10,10.95,False,10.85,Personal Loan,False,False,0,Medium,2,1,4,514-328-3661T,4510 1666T 1778 0311,DEBIT,TPG0076204480@test.netZero.com,0.18,0.07,26-35,OTHER,60k-100k,500k-1M,0-500,20
45006,M,Toronto,ON,WILLIAMS JACK,37,False,,Asian,78308.0,True,1006556.0,0.0,True,False,4443,33095.3,683.0,Checking,11,15.55,False,40.46,Mortgage,True,False,9,Low,6,2,3,249-186-4014T,4510 1576T 8324 9682,CREDIT,TWJ83267@fake.live.com,0.15,0.28,36-45,OTHER,60k-100k,1M-2M,0-500,40
237422,M,St. Catharines,ON,KAINZ JAMES,38,False,,White,84560.0,True,684343.0,0.0,True,False,4124,26073.26,689.0,Credit,4,13.21,False,18.15,Mortgage,False,False,5,Medium,2,2,4,905-525-8550T,4510 1346T 9781 5082,CREDIT,TKJ083681@non.neo.com,0.13,0.11,36-45,White,60k-100k,500k-1M,0-500,7
117972,M,Vancouver,BC,JASON ADAMS,30,False,,Asian,104317.0,True,1020044.0,0.0,True,False,4893,26312.16,706.0,Credit,20,11.82,False,2.62,Mortgage,True,True,0,Medium,2,0,5,672-897-5923T,4510 1335T 6670 4061,CREDIT,TJA332685846@synth.icloud.com,0.13,0.13,26-35,OTHER,100k-200k,1M-2M,0-500,8
57640,F,Toronto,ON,PREVOST KAREN,30,False,,Asian,71279.0,True,1304795.0,0.0,True,True,3179,35616.91,831.0,Checking,18,60.0,True,2490.99,Mortgage,True,False,0,High,3,0,5,365-717-6972T,4510 1352T 3494 4243,CREDIT,TPK84894@test.neo.com,0.15,0.13,26-35,OTHER,60k-100k,1M-2M,0-500,7
13683,M,Toronto,ON,HAYES BRUCE,23,False,,Latino,68034.0,False,0.0,1170.0,True,False,2889,7187.84,513.0,Credit,12,20.11,False,8.69,Student Loan,False,False,0,Medium,2,3,3,289-974-4091T,4519 9295T 7406 0480,DEBIT,THAYES_BRUCE46@synth.zoho.com,0.15,0.34,18-25,OTHER,60k-100k,0-200k,1k-2k,8
165422,M,Quebec City,QC,GRAVEL PETER,39,True,,White,99702.0,True,390995.0,0.0,True,False,4972,42764.12,747.0,Investment; Checking; Joint,4,10.5,False,30.86,Mortgage,False,True,0,Medium,2,0,6,514-688-5623T,4514 0180T 6810 1303,CREDIT,TGRPEobsessedBoa21994@rand.proton.com,0.16,0.06,36-45,White,60k-100k,200k-500k,0-500,8
152124,M,Ottawa,ON,DEGANS RICHARD,32,False,,Native,108375.0,True,780655.0,0.0,True,False,9031,31833.19,736.0,Checking,4,7.84,False,36.56,Mortgage,True,False,0,Low,5,0,5,807-174-8802T,5415 9093T 8766 8025,CREDIT,TDEGANSRICHARD@test.outlook.com,0.14,0.13,26-35,OTHER,100k-200k,500k-1M,0-500,6
164133,M,Quebec City,QC,CHARLAND DENIS,46,True,cIgW47st,White,82742.0,True,454446.0,0.0,True,False,5587,27359.25,715.0,Credit,6,76.0,True,4336.59,Mortgage,False,False,9,High,4,3,3,438-257-3466T,4510 1569T 2232 9289,CREDIT,TCD004618417@test.outlook.com,0.16,0.14,36-45,White,60k-100k,200k-500k,0-500,8
97004,F,Montreal,QC,GRENIER STEPHANE,38,False,,Others,75306.0,True,626425.0,0.0,True,False,3265,13959.03,664.0,Checking,23,86.0,True,2342.34,Mortgage,False,True,8,High,5,3,3,438-517-1244T,4512 2375T 5530 0458,CREDIT,TGS807830096@rand.icloud.com,0.18,0.41,36-45,OTHER,60k-100k,500k-1M,0-500,19
37410,F,Toronto,ON,LYLE RENAE,39,False,,White,96167.0,True,1269605.0,0.0,True,False,4973,476.11,690.0,Checking,15,16.44,False,30.58,Mortgage,True,False,0,Medium,2,1,6,249-739-1564T,5415 9040T 1871 5245,CREDIT,TLR39902118@test.outlook.com,0.15,0.1,36-45,White,60k-100k,1M-2M,0-500,42
71122,F,Toronto,ON,POLE JANE,37,True,Fd53HBgs,Asian,92938.0,True,1056619.0,0.0,True,False,4048,63427.3,772.0,Joint; Checking,4,18.06,False,45.04,Mortgage,True,True,9,Medium,2,0,7,289-837-8469T,4510 1311T 9351 7431,CREDIT,TPJ1935@rand.yahoo.com,0.15,0.09,36-45,OTHER,60k-100k,1M-2M,0-500,36
106378,F,Vancouver,BC,DAMYANOVA MIRA,40,True,,White,64569.0,True,1079195.0,0.0,True,False,4885,20093.04,727.0,Checking,4,9.97,False,75.85,Mortgage,True,False,0,Low,4,0,8,672-223-2298T,4510 1316T 4725 2078,CREDIT,TDM7121650705@non.outlook.com,0.13,0.07,36-45,White,60k-100k,1M-2M,0-500,9
55909,M,Toronto,ON,YUNG JEREMY,47,True,,Asian,99073.0,True,1159020.0,0.0,True,False,6367,31407.72,766.0,Credit,4,95.0,True,3884.64,Mortgage,True,False,2,High,4,0,7,437-261-2201T,4514 0199T 1008 1321,CREDIT,TYUNGJEREMY@non.hotmail.com,0.15,0.06,46-55,OTHER,60k-100k,1M-2M,0-500,9
26119,F,Toronto,ON,GOSS BRENDA,41,True,,White,90148.0,True,1173540.0,0.0,True,False,3806,66613.7,780.0,Investment,18,76.0,True,2920.51,Mortgage,False,False,0,High,3,1,6,548-850-9508T,4510 1518T 6266 8583,CREDIT,TGB6338049944@rand.bla.com,0.15,0.1,36-45,White,60k-100k,1M-2M,0-500,25
35471,F,Toronto,ON,DUQUETTE JOAN,25,False,,Black,97020.0,True,990889.0,0.0,True,False,1723,15415.06,689.0,Investment,18,18.01,False,11.22,Mortgage,True,True,0,Medium,2,1,5,905-165-1054T,4510 1643T 2686 1791,DEBIT,TDUQUETTE_JOAN20@non.live.com,0.15,0.37,18-25,OTHER,60k-100k,500k-1M,0-500,8
48178,M,Toronto,ON,SPILCHUK RICHARD,34,False,,White,123235.0,True,1314943.0,0.0,True,False,10270,18081.34,740.0,Investment; Checking; Credit,18,9.91,False,33.42,Mortgage,True,True,3,Low,6,3,2,647-424-8691T,4512 2387T 6862 9731,CREDIT,TSR381151@non.yahoo.com,0.15,0.71,26-35,White,100k-200k,1M-2M,0-500,16
68650,F,Toronto,ON,MITSIS PATRICIA,42,False,,White,72165.0,True,1305180.0,0.0,True,False,4699,54208.02,712.0,Credit,5,82.0,True,2714.09,Mortgage,True,False,4,High,4,4,4,683-979-8995T,4510 1340T 4239 4188,CREDIT,TMP130421@test.iCloud.com,0.15,0.22,36-45,White,60k-100k,1M-2M,0-500,42
122804,F,Calgary,AB,MEIJER MARIA,36,False,,White,74333.0,True,531963.0,0.0,True,False,4509,33067.44,683.0,Credit,2,10.41,False,20.74,Mortgage,True,False,8,Medium,2,0,6,403-544-9542T,4510 1649T 5451 4448,DEBIT,TMM01232@non.att.net,0.14,0.21,26-35,White,60k-100k,500k-1M,0-500,6
94103,M,Montreal,QC,POLIQUIN EUGENE,22,False,,White,34746.0,False,0.0,583.0,False,False,1757,12069.08,452.0,Savings,4,5.34,False,14.23,Student Loan,False,False,0,Low,5,2,3,819-208-2867T,5415 9094T 0768 0294,CREDIT,TPOLIQUIN_EUGENE48@synth.gmail.com,0.18,0.06,18-25,White,30k-60k,0-200k,500-1k,8
73741,F,Montreal,QC,MELISSA HOWARD,31,False,,White,57557.0,True,563411.0,0.0,True,False,3425,18016.8,648.0,Credit,10,53.0,True,1955.94,Mortgage,False,False,12,High,4,1,5,438-114-4773T,4512 2316T 4585 3153,CREDIT,TMH1956251@non.neo.com,0.18,0.08,26-35,White,30k-60k,500k-1M,0-500,7
7316,M,Toronto,ON,RAINBOTH DAN,27,False,,White,62137.0,True,855316.0,0.0,True,False,3104,12333.95,644.0,Credit,8,47.0,True,1940.09,Mortgage,True,False,0,High,4,0,6,742-548-9569T,4510 1325T 8143 0470,CREDIT,TRD6433819@test.zoho.com,0.15,0.12,26-35,White,60k-100k,500k-1M,0-500,19
126699,M,Calgary,AB,CANNARD ALLEN,30,True,,White,123314.0,True,572064.0,0.0,True,False,5770,6726.37,743.0,Joint; Investment; Credit,13,16.7,False,25.55,Personal Loan,True,False,0,Medium,2,5,1,825-863-6696T,4510 1348T 5583 4289,CREDIT,TCA41666801@test.bla.com,0.14,0.29,26-35,White,100k-200k,500k-1M,0-500,5
56672,F,Toronto,ON,SMIT LYDIA,40,False,,Latino,99398.0,True,1202779.0,0.0,True,False,4964,9436.27,687.0,Checking,18,14.7,False,34.24,Mortgage,True,True,5,Medium,2,1,4,548-384-3343T,4514 0179T 4496 3545,CREDIT,TtautLion7SMLY@non.icloud.com,0.15,0.34,36-45,OTHER,60k-100k,1M-2M,0-500,69
121767,F,Vancouver,BC,OLIVEIRA SUSAN,41,False,,White,80954.0,True,1489291.0,0.0,True,False,3735,27690.27,715.0,Investment; Checking; Credit,5,56.0,True,2251.81,Mortgage,False,True,0,High,3,2,5,236-765-8438T,4510 1560T 0333 4996,CREDIT,TOS545686725@non.neo.com,0.13,0.13,36-45,White,60k-100k,1M-2M,0-500,14
59613,F,Toronto,ON,HIBBERT BEVERLY,40,True,,Asian,84296.0,True,1199513.0,0.0,True,False,3736,28556.22,711.0,Investment; Credit; Joint,14,15.54,False,36.74,,True,False,10,Medium,2,1,6,519-853-3787T,4510 1546T 8577 6388,CREDIT,THB2886930@synth.proton.com,0.15,0.04,36-45,OTHER,60k-100k,1M-2M,0-500,36
85031,M,Montreal,QC,SCHECTER HOWARD,43,False,,Asian,76144.0,True,677409.0,0.0,True,False,3612,31027.34,695.0,Investment; Credit,16,91.0,True,2133.81,Mortgage,False,False,0,High,4,0,6,450-347-6330T,5415 9079T 0574 9788,CREDIT,TSH4859@test.gmail.com,0.18,0.14,36-45,OTHER,60k-100k,500k-1M,0-500,18
20959,F,Toronto,ON,PAQUETTE DENISE,40,False,,White,86315.0,True,1281974.0,0.0,True,False,5619,58911.01,724.0,Checking,7,82.0,True,3025.4,,False,False,12,High,5,1,4,249-285-1034T,5415 9030T 6132 6728,CREDIT,TwrathfulHoopoe0PADE@synth.hotmail.com,0.15,0.1,36-45,White,60k-100k,1M-2M,0-500,42
104131,M,Vancouver,BC,GEORGE GREGORY,31,True,iIaZfH5c,White,97454.0,True,1265829.0,0.0,True,False,5602,56350.27,746.0,Credit,14,16.58,False,43.18,,False,False,0,Low,5,0,6,250-457-1523T,5415 9020T 0492 0863,CREDIT,TGG5676224@test.iCloud.com,0.13,0.13,26-35,White,60k-100k,1M-2M,0-500,8
154698,F,Ottawa,ON,MANTHA SUE,33,False,,White,76960.0,True,769579.0,0.0,True,False,2470,34318.03,696.0,Investment,19,10.24,False,32.73,Mortgage,False,False,0,Low,5,1,5,249-703-5064T,5415 9028T 3064 8111,CREDIT,TenragedVenison4MASU@non.neo.com,0.14,0.07,26-35,White,60k-100k,500k-1M,0-500,18
154748,M,Ottawa,ON,CHISAMORE HAROLD,40,False,,White,101869.0,True,937456.0,0.0,True,False,8489,12886.33,713.0,Checking,28,44.0,True,4802.51,Personal Loan,True,False,4,High,4,3,1,519-402-1337T,4514 0191T 6144 5371,CREDIT,TCHISAMOREHAROLD@synth.cogeco.ca,0.14,0.22,36-45,White,100k-200k,500k-1M,0-500,11
25933,M,Toronto,ON,BURROWS TOM,33,False,,Black,73566.0,True,1108401.0,0.0,True,False,3530,23134.71,716.0,Credit; Investment,17,8.57,False,14.37,Mortgage,False,False,8,Low,5,3,3,289-760-6256T,4510 1530T 4546 3383,CREDIT,TBT5013217@fake.proton.com,0.15,0.38,26-35,OTHER,60k-100k,1M-2M,0-500,39
110876,M,Vancouver,BC,BRANCH DON,28,False,,Asian,78121.0,True,1283633.0,0.0,True,False,3444,26228.54,686.0,Checking,2,11.19,False,24.36,Mortgage,False,False,0,Medium,2,0,6,778-620-8876T,4510 1541T 8555 7825,CREDIT,TBRANCH_DON48@non.hotmail.com,0.13,0.19,26-35,OTHER,60k-100k,1M-2M,0-500,21
8969,M,Toronto,ON,ROY JOHN,38,False,,White,70024.0,True,1093307.0,0.0,True,False,3815,49647.57,722.0,Credit,26,14.26,False,59.32,Mortgage,True,False,3,Medium,2,4,1,807-998-8790T,4514 0145T 2584 3107,CREDIT,TRJ263420@rand.yahoo.com,0.15,0.21,36-45,White,60k-100k,1M-2M,0-500,31
94656,F,Montreal,QC,JONCAS NATHALIE,47,True,,White,81823.0,True,665357.0,0.0,True,False,4319,60155.02,748.0,Checking; Credit; Joint,4,91.0,True,3274.59,Mortgage,True,False,0,High,3,1,6,354-336-3281T,4510 1322T 1703 2457,CREDIT,TJN5747377@fake.zoho.com,0.18,0.14,46-55,White,60k-100k,500k-1M,0-500,5
104318,M,Vancouver,BC,WESTGATE BRAD,32,False,,Asian,99985.0,True,1198058.0,0.0,True,False,3031,23228.9,716.0,Investment,9,5.66,False,17.13,Mortgage,False,False,0,Low,5,1,3,250-480-2069T,4514 0175T 5035 3840,CREDIT,TWB9096@rand.live.com,0.13,0.15,26-35,OTHER,60k-100k,1M-2M,0-500,21
66741,F,Toronto,ON,BIRRELL LORRAINE,37,False,,White,87202.0,True,1157816.0,0.0,True,False,3756,39348.93,706.0,Investment,27,12.19,False,19.2,Mortgage,True,False,0,Medium,2,2,4,705-234-4053T,5415 9023T 6895 7941,CREDIT,TBL2781303490@test.yahoo.com,0.15,0.09,36-45,White,60k-100k,1M-2M,0-500,42
106230,F,Vancouver,BC,DIEF MARLENE,42,False,,Native,97295.0,True,1458965.0,0.0,True,False,5953,42631.07,714.0,Credit; Checking; Investment,10,111.0,True,3361.19,Mortgage,False,False,0,High,4,4,2,672-422-6597T,4510 1338T 8427 9981,CREDIT,TDM54810339@non.neo.com,0.13,0.21,36-45,OTHER,60k-100k,1M-2M,0-500,17
52552,M,Toronto,ON,PETITTI ANDREW,49,True,,White,108635.0,True,1186543.0,0.0,True,False,7341,20159.99,792.0,Investment; Joint; Credit,8,11.76,False,87.64,Mortgage,False,True,0,Medium,2,0,6,519-115-8426T,4512 2397T 8217 1427,CREDIT,TPA7933728400@test.netZero.com,0.15,0.11,46-55,White,100k-200k,1M-2M,0-500,7
96047,M,Montreal,QC,GENEREUX SYLVAIN,46,True,,Latino,67137.0,True,562936.0,0.0,True,False,4759,40231.12,723.0,Joint,4,9.06,False,30.49,,True,True,0,Low,5,0,7,263-627-6519T,4510 1668T 0387 9327,DEBIT,TGS904416276@non.outlook.com,0.18,0.1,36-45,OTHER,60k-100k,500k-1M,0-500,17
61001,F,Toronto,ON,AINEY MARIE,22,False,,Asian,16555.0,False,0.0,978.0,False,False,1220,5014.54,418.0,Savings,16,11.98,False,20.42,,False,True,7,Medium,2,0,7,807-345-3440T,4519 9291T 5537 0041,DEBIT,TAINEY_MARIE62@fake.comcast.net,0.15,0.15,18-25,OTHER,0-30k,0-200k,500-1k,15
69114,M,Toronto,ON,WATSON ROBT,46,True,DZB3cnTN,Asian,98408.0,True,1265425.0,0.0,True,False,6452,43326.48,800.0,Checking,3,83.0,True,4327.55,Mortgage,True,False,0,High,4,3,1,437-357-5467T,4510 1342T 9725 2121,CREDIT,TWR707817@non.icloud.com,0.15,0.15,36-45,OTHER,60k-100k,1M-2M,0-500,26
92797,F,Montreal,QC,LEMIEUX LORRAINE,27,False,,Black,54023.0,True,516925.0,0.0,True,False,3096,6397.2,647.0,Checking; Credit,16,5.97,False,23.17,Mortgage,False,False,11,Low,5,0,8,263-254-5726T,4519 9282T 1147 6452,DEBIT,TLL26195@non.mail.com,0.18,0.09,26-35,OTHER,30k-60k,500k-1M,0-500,8
124815,M,Calgary,AB,YORK ALVIN,46,False,,Native,92192.0,True,655036.0,0.0,True,False,4806,57671.35,748.0,Credit,14,33.0,True,3672.87,Mortgage,True,True,1,Medium,6,3,1,403-400-3305T,5415 9099T 4537 2001,CREDIT,TYA011149@test.mail.com,0.14,0.51,36-45,OTHER,60k-100k,500k-1M,0-500,5
93407,M,Montreal,QC,COTE ALAIN,29,False,,White,91948.0,True,685309.0,0.0,True,False,2416,22337.56,674.0,Investment,14,48.0,True,1700.72,Mortgage,True,True,9,High,3,0,7,263-779-8337T,4510 1393T 9567 5075,CREDIT,TCA6090773977@test.neo.com,0.18,0.21,26-35,White,60k-100k,500k-1M,0-500,30
107312,M,Vancouver,BC,BRUMELL HUNTER,34,False,,Asian,69810.0,True,1497796.0,0.0,True,False,3177,6752.81,677.0,Credit; Checking,4,5.46,False,24.8,Mortgage,False,False,2,Low,5,2,4,250-735-2175T,4519 9282T 3620 5860,DEBIT,TBRHUneedyBoars91965@fake.att.net,0.13,0.09,26-35,OTHER,60k-100k,1M-2M,0-500,21
23609,F,Toronto,ON,BIL ALICE,37,False,,Asian,84918.0,True,1009532.0,0.0,True,False,3352,46462.48,719.0,Investment,7,23.18,False,20.15,Mortgage,True,False,6,Medium,2,1,5,437-555-7889T,4512 2320T 8962 8738,CREDIT,TBA050611@synth.netZero.com,0.15,0.1,36-45,OTHER,60k-100k,1M-2M,0-500,69
8054,M,Toronto,ON,WEBSTER GRAHAM,37,False,,Latino,107877.0,True,1308914.0,0.0,True,False,8990,11140.97,699.0,Checking; Investment,18,21.56,False,40.81,Mortgage,True,False,11,Medium,2,0,6,647-560-2086T,4510 1390T 6407 1608,CREDIT,TWEGRrelievedSausage81954@rand.outlook.com,0.15,0.27,36-45,OTHER,100k-200k,1M-2M,0-500,29
172070,F,Hamilton,ON,TATE LAURIE,34,False,,White,81186.0,True,872284.0,0.0,True,False,3974,25346.83,723.0,Investment,4,12.19,False,40.03,,True,False,0,Low,4,3,2,613-195-4418T,5415 9014T 1039 1568,CREDIT,TtruthfulLollies7TALA@rand.jumo.com,0.15,0.27,26-35,White,60k-100k,500k-1M,0-500,6
185375,F,Brampton,ON,DIMITROUPOULOS SARAH,44,False,,Asian,100247.0,True,1239192.0,0.0,True,False,8354,29666.49,733.0,Checking; Credit,4,22.47,False,22.51,Mortgage,True,False,0,Low,4,0,5,249-100-9494T,4512 2390T 4602 0053,CREDIT,TDS9690@non.gmail.com,0.17,0.08,36-45,OTHER,100k-200k,1M-2M,0-500,6
76219,F,Montreal,QC,MILOT CAROLINE,35,False,,White,77776.0,True,625911.0,0.0,True,False,3543,36471.46,685.0,Checking,16,6.66,False,22.99,Mortgage,True,True,2,Low,5,1,5,438-956-5006T,4510 1533T 2923 6637,CREDIT,TMC207874@rand.live.com,0.18,0.15,26-35,White,60k-100k,500k-1M,0-500,28
70900,M,Toronto,ON,STEWART SEAN,39,True,,White,115362.0,True,1091524.0,0.0,True,False,9614,26117.87,743.0,Investment; Credit; Joint; Checking,28,12.24,False,46.8,Mortgage,False,True,0,Medium,2,1,4,416-700-2819T,4519 9294T 1365 8328,DEBIT,TSTSEthriftyBagels31952@synth.hotmail.com,0.15,0.1,36-45,White,100k-200k,1M-2M,0-500,16
11456,M,Toronto,ON,LECLAIR NEIL,42,False,,Asian,106155.0,True,1384596.0,0.0,True,False,8846,26519.99,743.0,Investment; Checking; Credit,4,60.0,True,4860.29,,True,True,3,High,3,4,1,416-447-5450T,5415 9053T 0902 6931,CREDIT,TLN3028124@test.att.net,0.15,0.42,36-45,OTHER,100k-200k,1M-2M,0-500,29
35877,F,Toronto,ON,JAMES WHEELER,41,True,uhFGSWys,Asian,103962.0,True,1361817.0,0.0,True,False,8664,14658.73,756.0,Checking; Credit,31,32.0,True,4345.05,Mortgage,True,False,1,High,5,1,6,226-330-9239T,4510 1512T 3492 6877,CREDIT,TJW692469837@fake.iCloud.com,0.15,0.04,36-45,OTHER,100k-200k,1M-2M,0-500,16
146880,F,Ottawa,ON,VOLPATO VANESSA,31,False,,White,92612.0,True,766740.0,0.0,True,False,3724,19291.99,690.0,Investment,11,10.86,False,32.72,,True,False,0,Medium,2,0,6,416-220-7210T,4514 0126T 8051 8001,CREDIT,TmildOtter7VOVA@rand.att.net,0.14,0.16,26-35,White,60k-100k,500k-1M,0-500,18
1548,F,Toronto,ON,TORNEIRO INES,20,False,,Asian,5744.0,False,0.0,1049.0,False,False,1092,5981.24,432.0,Checking,14,80.0,True,597.65,,False,False,0,High,4,2,4,365-147-5353T,4510 1340T 6045 8774,CREDIT,TTORNEIRO_INES71@fake.mail.com,0.15,0.11,18-25,OTHER,0-30k,0-200k,1k-2k,11
26673,M,Toronto,ON,BRAITHWAITE BRUCE,48,False,,White,90754.0,True,1380113.0,0.0,True,False,4422,89652.95,762.0,Credit,4,33.0,True,2614.8,Mortgage,True,False,9,High,4,2,4,742-917-8422T,4519 9244T 8024 2995,DEBIT,TBRBRexcludedChamois71976@test.aol.com,0.15,0.07,46-55,White,60k-100k,1M-2M,0-500,11
22459,M,Toronto,ON,SPERANZA LUIGI,37,True,,Asian,102883.0,True,1106086.0,0.0,True,False,7446,45086.06,786.0,Joint; Credit; Checking; Investment,23,84.0,True,5878.15,Mortgage,True,False,2,High,5,3,1,683-436-2562T,4510 1510T 0626 6878,CREDIT,TSL750004@synth.proton.com,0.15,0.11,36-45,OTHER,100k-200k,1M-2M,0-500,22
20845,M,Toronto,ON,PICCIOTTI GIULIO,43,True,,Asian,109805.0,True,1220634.0,0.0,True,False,9150,20696.6,758.0,Investment,19,45.0,True,4651.65,Mortgage,True,False,8,High,3,7,1,742-363-4716T,4519 9215T 7682 7345,DEBIT,TPG0423896379@test.mail.com,0.15,0.3,36-45,OTHER,100k-200k,1M-2M,0-500,22
150309,M,Ottawa,ON,ALLEN PETER,45,False,,White,108805.0,True,951517.0,0.0,True,False,9067,21248.75,746.0,Credit; Checking; Investment,4,88.0,True,6608.27,,True,False,7,High,4,0,6,807-167-6490T,4510 1514T 8916 6172,CREDIT,TAP497755113@fake.outlook.com,0.14,0.17,36-45,White,100k-200k,500k-1M,0-500,11
163545,M,Quebec City,QC,ALLARD PAUL,27,False,,White,85275.0,True,208720.0,0.0,True,False,2767,16824.47,681.0,Credit; Checking; Investment,11,0.09,False,15.2,Mortgage,True,True,0,Low,6,3,2,873-414-5105T,4514 0196T 6369 2820,CREDIT,TAP192990@test.hotmail.com,0.16,0.87,26-35,White,60k-100k,200k-500k,0-500,6
48904,F,Toronto,ON,DURAND RUTH,36,True,,Asian,92616.0,True,1100737.0,0.0,False,False,5256,13258.74,692.0,Investment,9,120.0,True,3970.13,Mortgage,True,False,0,High,3,1,5,705-252-8046T,4510 1615T 3779 1264,DEBIT,TjoyfulOatmeal5DURU@non.proton.com,0.15,0.09,26-35,OTHER,60k-100k,1M-2M,0-500,6
68017,M,Toronto,ON,LANGDON LEN,36,False,,White,84910.0,True,980256.0,0.0,True,False,5488,40471.36,731.0,Investment,9,12.42,False,25.66,Mortgage,False,False,0,Medium,2,1,4,226-863-2811T,5415 9036T 3359 3724,CREDIT,TLL2041183289@test.proton.com,0.15,0.06,26-35,White,60k-100k,500k-1M,0-500,19
9416,M,Toronto,ON,BRIAN IBARRA,30,True,,Asian,75436.0,True,1131022.0,0.0,True,False,4182,21451.03,722.0,Checking; Credit; Investment,15,5.84,False,24.35,Mortgage,True,False,12,Low,6,2,4,683-612-2324T,5415 9062T 6005 5834,CREDIT,TBI3230@test.proton.com,0.15,0.22,26-35,OTHER,60k-100k,1M-2M,0-500,19
31689,M,Toronto,ON,MISS TRACIE MILLER MD,32,False,,Asian,73982.0,True,1073765.0,0.0,False,False,3348,44127.83,690.0,Checking,4,6.86,False,15.09,Mortgage,True,False,0,Low,4,4,2,705-581-1427T,4510 1514T 2366 2139,CREDIT,TMT32293789@fake.bla.com,0.15,0.29,26-35,OTHER,60k-100k,1M-2M,0-500,9
59554,M,Toronto,ON,BEATON MURRAY,40,False,,White,81294.0,True,1033626.0,0.0,True,False,4053,55583.33,727.0,Checking,4,71.0,True,2825.33,Mortgage,True,False,0,High,3,2,5,613-402-5145T,4514 0181T 7594 1884,CREDIT,TBM90702@non.zoho.com,0.15,0.08,36-45,White,60k-100k,1M-2M,0-500,31
148452,M,Ottawa,ON,MARK CANNON,27,False,,White,96938.0,True,787474.0,0.0,True,False,3515,36499.37,740.0,Checking,9,11.88,False,14.45,Personal Loan,True,False,0,Medium,2,1,5,249-681-5171T,4510 1648T 2772 4195,DEBIT,TMARK_CANNON39@test.mail.com,0.14,0.12,26-35,White,60k-100k,500k-1M,0-500,7
127100,F,Calgary,AB,FOSTER MYRTICE,37,False,,White,99554.0,True,600877.0,0.0,True,False,6421,16979.51,708.0,Credit,14,16.64,False,70.59,Mortgage,True,False,9,Medium,2,0,5,825-188-6903T,4510 1579T 8526 1519,CREDIT,TFM76935417@rand.hotmail.com,0.14,0.13,36-45,White,60k-100k,500k-1M,0-500,8
30244,F,Toronto,ON,BERI ANGIE,41,False,,White,62092.0,True,1123288.0,0.0,False,False,3707,15968.23,655.0,Checking,17,16.74,False,24.63,Mortgage,True,False,9,Low,5,0,7,807-884-4630T,4510 1698T 7874 8744,DEBIT,TBA6165@rand.live.com,0.15,0.17,36-45,White,60k-100k,1M-2M,0-500,9
46833,F,Toronto,ON,DAWES MAGDA,39,False,,Black,90302.0,True,1214972.0,0.0,True,False,3961,54666.23,715.0,Credit,15,14.4,False,36.54,Personal Loan,False,False,11,Low,5,0,6,416-634-7613T,4514 0162T 6733 4882,CREDIT,ToutlyingJerky4DAMA@rand.neo.com,0.15,0.08,36-45,OTHER,60k-100k,1M-2M,0-500,69
108946,M,Vancouver,BC,RACHEL WILLIAMSON,32,False,,Asian,72352.0,True,1035856.0,0.0,True,False,3961,38596.88,728.0,Credit,21,56.0,True,2461.46,Mortgage,False,False,3,High,4,2,1,236-714-1362T,4510 1578T 7044 7067,CREDIT,TRAWIenragedMandrill01958@synth.yahoo.com,0.13,0.07,26-35,OTHER,60k-100k,1M-2M,0-500,21
48519,F,Toronto,ON,COSAC STEPHANE,31,False,,Others,87487.0,True,927408.0,0.0,True,False,2942,29848.48,700.0,Credit,4,10.55,False,51.17,Auto Loan,False,False,0,Low,4,0,6,683-933-3773T,4510 1532T 1531 1312,CREDIT,TyearningIcecream3COST@fake.bla.com,0.15,0.06,26-35,OTHER,60k-100k,500k-1M,0-500,22
56761,F,Toronto,ON,BOGAJENKOVA ELENA,47,True,,White,93985.0,True,1194709.0,0.0,True,False,6196,94244.3,809.0,Checking,31,95.0,True,3422.01,Mortgage,True,False,0,High,4,1,4,437-757-4795T,4510 1587T 0356 3249,CREDIT,TBE755920@fake.zoho.com,0.15,0.06,46-55,White,60k-100k,1M-2M,0-500,10
91227,F,Montreal,QC,PREFONTAINE LISE,40,False,,White,65103.0,True,517875.0,0.0,True,False,4090,6709.42,648.0,Credit,23,14.11,False,73.42,,False,False,0,Medium,2,0,8,450-586-8362T,4510 1390T 2968 6086,CREDIT,TPL679365822@fake.netZero.com,0.18,0.08,36-45,White,60k-100k,500k-1M,0-500,21
18160,F,Toronto,ON,WHITE LISA,36,False,,White,86233.0,True,1227928.0,0.0,True,False,4796,51163.71,710.0,Investment,26,14.22,False,25.37,Auto Loan,True,False,0,Medium,2,2,4,647-480-3573T,4519 9273T 0446 9588,DEBIT,TWL2020@non.hotmail.com,0.15,0.08,26-35,White,60k-100k,1M-2M,0-500,37
30341,F,Toronto,ON,COUSINEAU KRISTEN,33,False,,Asian,63366.0,True,922753.0,0.0,True,False,2693,15548.32,673.0,Credit,19,9.06,False,28.57,Mortgage,False,True,12,Low,6,0,7,683-934-1640T,4510 1666T 2919 3823,DEBIT,TCK121578464@synth.bla.com,0.15,0.4,26-35,OTHER,60k-100k,500k-1M,0-500,22
4504,F,Toronto,ON,PARK MARGARET,23,False,,Black,97226.0,True,771376.0,0.0,True,False,2167,13640.12,618.0,Investment,2,106.0,True,1158.18,,False,True,0,High,4,6,1,742-346-7420T,4510 1625T 7312 9992,DEBIT,TPM258428@synth.bla.com,0.15,0.46,18-25,OTHER,60k-100k,500k-1M,0-500,8
30855,F,Toronto,ON,WOOD MICHELLE,38,False,,Native,76963.0,True,1155997.0,0.0,True,False,3270,58558.99,746.0,Credit,9,16.27,False,25.75,,False,False,11,Medium,2,0,6,647-398-5213T,4510 1364T 3916 8277,CREDIT,TdejectedViper0WOMI@fake.live.com,0.15,0.13,36-45,OTHER,60k-100k,1M-2M,0-500,69
59735,F,Toronto,ON,LEEMAN LINDA,31,False,,Black,78505.0,True,502909.0,0.0,True,False,3531,44213.28,707.0,Credit; Investment; Checking,9,10.47,False,31.0,Auto Loan,True,False,6,Medium,2,0,7,647-227-6290T,4519 9210T 0729 0851,DEBIT,TmadPonie2LELI@test.cogeco.ca,0.15,0.13,26-35,OTHER,60k-100k,500k-1M,0-500,22
53923,M,Toronto,ON,SAHARYA NIKHIL,31,False,,White,111305.0,True,1227050.0,0.0,True,False,9275,17783.3,745.0,Checking,3,10.02,False,14.44,Mortgage,True,True,3,Medium,2,3,2,365-709-5483T,4510 1632T 7533 4086,DEBIT,TSN22335@test.att.net,0.15,0.41,26-35,White,100k-200k,1M-2M,0-500,16
147908,M,Ottawa,ON,MCGUCKIN ROBERT,30,False,,Asian,104894.0,True,893517.0,0.0,True,False,4153,17459.22,723.0,Credit,4,14.04,False,40.66,Mortgage,False,False,2,Medium,2,2,3,548-158-8821T,4510 1350T 9319 9623,CREDIT,TMR4027298022@rand.cogeco.ca,0.14,0.09,26-35,OTHER,100k-200k,500k-1M,0-500,6
71277,M,Toronto,ON,BURFOOT LEONARD,26,False,,Asian,69356.0,True,961126.0,0.0,True,False,2940,14704.89,684.0,Credit,8,112.0,True,1821.65,Mortgage,False,False,10,High,4,1,5,365-929-8307T,4510 1624T 1005 4968,DEBIT,TBURFOOTM16@synth.neo.com,0.15,0.07,18-25,OTHER,60k-100k,500k-1M,0-500,5
43660,M,Toronto,ON,PATRICIA GILMORE,22,False,,Asian,5198.0,False,0.0,814.0,True,False,813,2212.77,443.0,Checking,7,43.0,True,583.76,Student Loan,False,False,0,High,3,0,6,705-594-3727T,4510 1383T 2169 8977,CREDIT,TPATRICIA_GILMORE92@rand.att.net,0.15,0.13,18-25,OTHER,0-30k,0-200k,500-1k,9
77300,F,Montreal,QC,GILLESPIE CHANTAL,33,False,,Asian,83929.0,True,656839.0,0.0,True,False,3243,30546.34,691.0,Checking,4,110.0,True,2478.19,Mortgage,True,False,0,High,4,1,4,514-839-7195T,4519 9226T 2017 7363,DEBIT,ToutlyingHawk1GICH@rand.iCloud.com,0.18,0.04,26-35,OTHER,60k-100k,500k-1M,0-500,21
117361,F,Vancouver,BC,NOWELL ROBINA,41,False,,Asian,75672.0,True,1406075.0,0.0,True,False,4616,54721.91,697.0,Credit,21,14.59,False,35.97,Mortgage,True,False,1,Medium,2,1,6,250-105-4638T,4512 2393T 1897 9144,CREDIT,TNR1144469@fake.att.net,0.13,0.23,36-45,OTHER,60k-100k,1M-2M,0-500,17
55139,F,Toronto,ON,ARCHIBALE MARITA,38,False,,White,89756.0,True,920327.0,0.0,True,False,4768,57296.5,746.0,Checking,18,43.0,True,2893.57,Mortgage,False,False,0,High,4,3,2,753-906-5399T,4510 1587T 5841 0890,CREDIT,TgrudgingSeahorse5ARMA@synth.proton.com,0.15,0.1,36-45,White,60k-100k,500k-1M,0-500,10
110277,F,Vancouver,BC,PATTERSON LOUISA,46,False,,White,94811.0,True,1204337.0,0.0,True,False,4671,107732.59,768.0,Checking,21,110.0,True,3470.44,,True,False,0,High,3,2,4,250-650-5317T,4514 0125T 3899 5802,CREDIT,TPL108540082@test.comcast.net,0.13,0.14,36-45,White,60k-100k,1M-2M,0-500,14
29995,F,Toronto,ON,CONLEY MADELINE,22,False,,Asian,31252.0,False,0.0,961.0,False,False,1583,2470.38,417.0,Checking,6,38.0,True,839.02,,False,True,0,High,5,1,6,647-481-8632T,4514 0188T 2074 7981,CREDIT,TCM1870831@rand.aol.com,0.15,0.12,18-25,OTHER,30k-60k,0-200k,500-1k,5
16547,F,Toronto,ON,TRAN ANH,47,True,,Asian,79870.0,True,1125455.0,0.0,True,False,5238,50393.27,783.0,Joint,30,35.0,True,3745.83,Personal Loan,False,True,6,High,5,4,3,647-689-1081T,4510 1642T 7693 4497,DEBIT,TTA86130@test.icloud.com,0.15,0.16,46-55,OTHER,60k-100k,1M-2M,0-500,11
4532,F,Toronto,ON,PREMPEH GLORIA,31,False,,Asian,96689.0,True,1164133.0,0.0,True,False,2761,18068.42,733.0,Investment,5,48.0,True,1527.16,,True,False,5,Medium,6,0,6,416-305-7850T,4519 9257T 0986 0128,DEBIT,TPG67492923@synth.gmail.com,0.15,0.09,26-35,OTHER,60k-100k,1M-2M,0-500,63
121029,F,Vancouver,BC,TESKEY LINDA,39,False,,White,80234.0,True,1262424.0,0.0,True,False,4372,62191.48,705.0,Checking,28,11.35,False,17.92,Mortgage,False,True,0,Low,6,3,3,604-998-5423T,4514 0135T 8449 4834,CREDIT,TlazyPiglet3TELI@fake.proton.com,0.13,0.54,36-45,White,60k-100k,1M-2M,0-500,14
17685,F,Toronto,ON,AUSTIN JACKSON,21,False,,Asian,24849.0,False,0.0,773.0,False,False,1646,2941.51,420.0,Checking; Savings,4,10.26,False,12.04,,False,True,2,Medium,2,0,7,613-111-2931T,4519 9217T 1239 7775,DEBIT,TAUSTINF10@test.yahoo.com,0.15,0.14,18-25,OTHER,0-30k,0-200k,500-1k,15
114779,F,Vancouver,BC,BEAN NANCY,44,False,,White,79349.0,True,1106730.0,0.0,True,False,3902,90007.66,740.0,Credit,17,92.0,True,2501.29,Mortgage,True,False,0,High,5,1,6,672-170-1799T,5415 9016T 6003 4823,CREDIT,TBN1151@rand.outlook.com,0.13,0.1,36-45,White,60k-100k,1M-2M,0-500,14
107061,M,Vancouver,BC,CAMPBELL MELVIN,22,False,,Asian,16838.0,False,0.0,814.0,False,False,1001,12486.55,420.0,Checking; Savings,4,9.44,False,7.33,,False,False,5,Medium,2,2,3,672-410-6554T,4514 0120T 0511 9415,CREDIT,TCM47487053@synth.comcast.net,0.13,0.14,18-25,OTHER,0-30k,0-200k,500-1k,5
116225,F,Vancouver,BC,SMITH STEPHANIE,45,False,,Asian,94183.0,True,1172357.0,0.0,False,False,5710,100902.49,690.0,Checking; Investment; Credit,11,102.0,True,3756.81,Mortgage,True,False,0,High,4,0,7,604-128-3199T,4519 9288T 2481 0078,DEBIT,TneedfulPiglet6SMST@fake.yahoo.com,0.13,0.13,36-45,OTHER,60k-100k,1M-2M,0-500,8
101855,F,Montreal,QC,BOULANGER PATRICE,38,False,,White,74624.0,True,600001.0,0.0,True,False,3565,47365.17,677.0,Credit,14,16.24,False,50.34,Mortgage,True,False,3,Medium,2,0,7,354-392-1865T,4519 9287T 7102 0426,DEBIT,TBP47700937@test.jumo.com,0.18,0.09,36-45,White,60k-100k,500k-1M,0-500,21
73069,M,Toronto,ON,SLADE PAUL,37,False,,Asian,94340.0,True,1009993.0,0.0,True,False,4616,23406.38,738.0,Credit,8,13.95,False,14.83,Mortgage,False,False,0,Medium,2,2,4,807-951-7129T,4512 2341T 6222 1851,CREDIT,TSP248939114@test.mail.com,0.15,0.06,36-45,OTHER,60k-100k,1M-2M,0-500,40
111775,M,Vancouver,BC,CHALIFOUR PERRY,36,True,PH5NNBMN,Asian,98492.07,True,1456969.0,0.0,True,False,5358,35381.45,763.0,Checking; Investment; Joint; Credit,20,20.27,False,40.81,Mortgage,True,False,6,High,4,3,4,604-381-8083T,4514 0194T 1100 0382,CREDIT,TCP38324@synth.jumo.com,0.13,0.49,26-35,OTHER,60k-100k,1M-2M,0-500,7
84917,M,Montreal,QC,CAOUETTE STEVEN,39,True,,Black,65625.0,True,561519.0,0.0,True,False,5133,4528.61,673.0,Joint; Checking; Credit,22,7.26,False,80.0,Personal Loan,True,True,2,Low,6,1,5,581-535-4902T,4512 2367T 1187 7793,CREDIT,TCAOUETTESTEVEN@rand.icloud.com,0.18,0.39,36-45,OTHER,60k-100k,500k-1M,0-500,17
127938,F,Calgary,AB,MILLIONS JEANNE,28,True,,White,73195.0,True,600968.0,0.0,True,False,3738,37087.18,708.0,Credit; Joint; Investment,10,10.49,False,22.93,Mortgage,False,True,1,Medium,2,3,2,780-929-4390T,4510 1586T 8608 0343,CREDIT,TMILLIONS_JEANNE84@fake.neo.com,0.14,0.37,26-35,White,60k-100k,500k-1M,0-500,5
64865,F,Toronto,ON,WELLER RUTH,21,False,,Asian,23799.0,False,0.0,856.0,False,True,1268,7030.75,581.0,Checking,10,6.7,False,2.0,,False,False,5,Medium,2,0,6,807-817-4756T,4519 9211T 6720 4895,DEBIT,TWELLER_RUTH15@non.live.com,0.15,0.1,18-25,OTHER,0-30k,0-200k,500-1k,6
121495,F,Vancouver,BC,O'BRIEN CHRISTIANE,37,False,,Asian,83638.0,True,1308902.0,0.0,True,False,4072,33765.17,697.0,Checking; Investment; Credit,18,9.89,False,76.21,Mortgage,True,False,10,Low,4,0,7,672-606-6145T,4512 2377T 7799 4155,CREDIT,TOC1117@non.yahoo.com,0.13,0.33,36-45,OTHER,60k-100k,1M-2M,0-500,17
110842,F,Vancouver,BC,NEUFELD ROSEMARIE,33,False,,Asian,76598.0,True,1216914.0,0.0,True,False,4723,44427.01,730.0,Credit,12,13.09,False,11.53,Personal Loan,True,True,0,Medium,2,2,5,672-591-5288T,4512 2388T 6214 1772,CREDIT,TNR66219@non.att.net,0.13,0.21,26-35,OTHER,60k-100k,1M-2M,0-500,16
68460,F,Toronto,ON,MOOSE VICTORIA,42,False,,Asian,81668.0,True,1222213.0,0.0,True,False,3887,30075.65,719.0,Credit,22,77.0,True,2237.69,Mortgage,True,False,1,High,4,1,5,613-676-3257T,4514 0111T 3350 5146,CREDIT,TMV5003029@non.mail.com,0.15,0.12,36-45,OTHER,60k-100k,1M-2M,0-500,69
86676,M,Montreal,QC,LAURIN MARCEL,26,False,,Latino,82725.0,False,0.0,1000.0,True,False,3896,16501.76,578.0,Investment,11,115.0,True,2005.63,Auto Loan,True,False,0,High,4,3,3,367-871-7764T,4512 2385T 2217 3292,CREDIT,TLAURINM52@rand.yahoo.com,0.18,0.2,18-25,OTHER,60k-100k,0-200k,500-1k,5
72372,F,Toronto,ON,SOUTHORN JUNE,30,False,,Asian,92142.0,True,925237.0,0.0,True,False,2746,12227.78,689.0,Checking,4,9.31,False,21.22,Mortgage,False,True,0,Low,5,0,6,226-757-2694T,4512 2386T 8297 2655,CREDIT,TSJ7270504@rand.neo.com,0.15,0.15,26-35,OTHER,60k-100k,500k-1M,0-500,22
60061,F,Toronto,ON,DAOUST NANCY,49,False,,Asian,89245.0,True,1267625.0,0.0,True,False,5030,35921.47,730.0,Investment,21,62.0,True,3493.67,Auto Loan,False,False,2,High,3,2,4,613-723-3373T,4510 1316T 7143 2344,CREDIT,TDN2934682180@rand.icloud.com,0.15,0.11,46-55,OTHER,60k-100k,1M-2M,0-500,23
117299,M,Vancouver,BC,CRIMMON WAYNE,46,True,njl4cN4p,Asian,84951.0,True,1386803.0,0.0,True,False,5170,58235.78,800.0,Joint,9,72.0,True,3484.41,Mortgage,True,False,0,High,4,3,1,236-517-9852T,4510 1580T 3564 8298,CREDIT,TCW144664@synth.live.com,0.13,0.27,36-45,OTHER,60k-100k,1M-2M,0-500,7
19463,F,Toronto,ON,HAINGE GAIL,20,False,,White,26595.0,False,0.0,1139.0,False,False,1392,4377.11,421.0,Checking,12,11.49,False,15.37,,False,False,0,Medium,2,1,5,437-335-8620T,4514 0147T 7944 3302,CREDIT,THAINGE_GAIL77@fake.zoho.com,0.15,0.06,18-25,White,0-30k,0-200k,1k-2k,5
39985,F,Toronto,ON,BWAKIRA AIME,27,False,,Asian,105620.0,True,1120550.0,0.0,True,False,3962,15957.35,735.0,Checking,17,14.74,False,18.15,Mortgage,True,False,10,Medium,2,1,5,343-865-5529T,4510 1317T 3041 9397,CREDIT,TBWAKIRA_AIME5@non.neo.com,0.15,0.17,26-35,OTHER,100k-200k,1M-2M,0-500,13
145655,F,Ottawa,ON,MASON ORA,31,False,,White,98084.0,True,727451.0,0.0,True,False,4838,25727.56,695.0,Credit,20,97.0,True,2753.65,Mortgage,False,True,11,High,3,0,6,905-374-9227T,4510 1316T 8817 9670,CREDIT,TMO864294403@synth.neo.com,0.14,0.17,26-35,White,60k-100k,500k-1M,0-500,18
5156,F,Toronto,ON,OSULLIVAN GINA,49,True,,White,67394.0,True,1173208.0,0.0,True,False,4510,37168.02,750.0,Checking,17,43.0,True,2828.14,Mortgage,False,False,8,High,4,1,6,249-596-2213T,4510 1665T 9018 4630,DEBIT,TOG07685248@fake.jumo.com,0.15,0.12,46-55,White,60k-100k,1M-2M,0-500,10
57273,F,Toronto,ON,LEIBOLD CAROL,39,True,,Black,86962.0,True,1255316.0,0.0,True,False,4588,30133.95,729.0,Investment,16,62.0,True,3346.23,Mortgage,True,True,0,High,4,0,7,416-974-2711T,4510 1388T 9238 4759,CREDIT,TLC935237403@non.neo.com,0.15,0.1,36-45,OTHER,60k-100k,1M-2M,0-500,36
90227,M,Montreal,QC,VAILLANCOURT DANIEL,30,False,,Asian,91784.0,True,563532.0,0.0,True,False,4179,32126.19,674.0,Checking; Investment,4,68.0,True,2206.55,Mortgage,True,False,5,High,5,2,2,354-280-7449T,4510 1644T 3231 9956,DEBIT,TVD1099840@test.gmail.com,0.18,0.1,26-35,OTHER,60k-100k,500k-1M,0-500,20
147733,F,Ottawa,ON,ANDRE BROWN,49,True,,White,87358.0,True,781408.0,0.0,True,False,4194,48444.27,756.0,Credit; Checking; Joint; Investment,37,31.0,True,3083.43,Mortgage,False,True,0,High,4,2,5,647-162-4448T,5415 9070T 2569 1293,CREDIT,TgiddyBuck8ANBR@rand.bla.com,0.14,0.07,46-55,White,60k-100k,500k-1M,0-500,5
59490,M,Toronto,ON,SARAH WILSON,45,False,,Asian,125388.0,True,1199079.0,0.0,True,False,8560,10492.38,741.0,Checking; Investment; Credit,33,16.37,False,25.0,Mortgage,True,False,0,Medium,2,1,4,647-787-4777T,4510 1668T 4937 9257,DEBIT,TSW3639245@fake.mail.com,0.15,0.06,36-45,OTHER,100k-200k,1M-2M,0-500,29
52189,F,Toronto,ON,TOWNSEND NATALIE,47,False,,Asian,80768.0,True,1072022.0,0.0,True,False,4336,74998.66,744.0,Investment,14,89.0,True,3458.45,Mortgage,True,False,0,High,4,2,6,647-742-3097T,4510 1693T 5889 8625,DEBIT,TTN0882683@non.outlook.com,0.15,0.05,46-55,OTHER,60k-100k,1M-2M,0-500,23
71700,M,Toronto,ON,MICHEAL WISE,37,False,,Asian,116822.0,True,1167166.0,0.0,True,False,9735,12462.59,730.0,Checking,8,20.43,False,32.58,Mortgage,False,True,1,Low,6,0,4,226-900-7173T,4510 1670T 7691 5088,DEBIT,TMICHEALWISE@test.att.net,0.15,0.12,36-45,OTHER,100k-200k,1M-2M,0-500,29
54064,M,Toronto,ON,CREIGHTON JAMES,22,False,,White,23788.0,False,0.0,947.0,False,False,1340,6091.98,411.0,Checking,2,9.31,False,9.99,,False,True,12,Medium,2,3,2,705-251-5363T,4512 2345T 2700 8360,CREDIT,TCREIGHTON_JAMES77@synth.zoho.com,0.15,0.37,18-25,White,0-30k,0-200k,500-1k,9
9956,F,Toronto,ON,FRY LOUISE,31,True,,Latino,90744.0,True,1185908.0,0.0,False,False,3996,34979.59,709.0,Investment,4,5.75,False,51.0,Mortgage,True,False,0,Low,6,1,4,343-981-6091T,4510 1514T 5989 8088,CREDIT,TFL7855@test.aol.com,0.15,0.21,26-35,OTHER,60k-100k,1M-2M,0-500,6
19041,F,Toronto,ON,LANCE RACHEL,42,True,,Black,96890.0,True,753415.0,0.0,True,False,4451,33945.52,733.0,Joint,16,105.0,True,3497.06,,False,False,1,High,4,3,1,249-436-3540T,4519 9228T 8213 2340,DEBIT,TexcitedMoth0LARA@rand.comcast.net,0.15,0.12,36-45,OTHER,60k-100k,500k-1M,0-500,8
171589,M,Hamilton,ON,BEAULNE EMILE,39,False,,White,101565.0,True,1189647.0,0.0,True,False,8464,32054.58,719.0,Credit,23,82.0,True,4706.73,Mortgage,False,False,0,High,4,2,2,613-131-7608T,4510 1524T 7548 1287,CREDIT,TBEAULNEEMILE@synth.gmail.com,0.15,0.07,36-45,White,100k-200k,1M-2M,0-500,5
56696,M,Toronto,ON,KOEHLER PAUL,38,True,,White,89558.0,True,1108870.0,0.0,True,False,4515,26894.53,758.0,Credit,4,14.46,False,32.92,Personal Loan,True,False,0,Low,5,1,3,683-151-1364T,4510 1680T 5068 1277,DEBIT,TKOEHLERPAUL@fake.icloud.com,0.15,0.05,36-45,White,60k-100k,1M-2M,0-500,21
87155,F,Montreal,QC,FORTIN PATRICE,24,False,,Asian,54779.0,False,0.0,810.0,True,False,1557,10988.38,505.0,Checking; Credit,4,17.73,False,26.56,,False,True,0,Medium,2,0,7,450-515-1822T,5415 9069T 2338 5514,CREDIT,TFORTIN_PATRICE45@non.hotmail.com,0.18,0.09,18-25,OTHER,30k-60k,0-200k,500-1k,7
14668,F,Toronto,ON,CAMPBELL ISOBEL,48,False,,Asian,79493.0,True,1266882.0,0.0,True,False,3878,36787.31,741.0,Checking,14,115.0,True,2835.28,,True,False,0,High,4,1,5,647-500-4495T,4519 9229T 4399 2955,DEBIT,TCI587127@test.icloud.com,0.15,0.14,46-55,OTHER,60k-100k,1M-2M,0-500,23
78842,M,Montreal,QC,ST-PIERRE FERNAND,29,False,,White,70916.0,True,588734.0,0.0,True,False,3360,35902.81,690.0,Credit,2,16.03,False,25.33,Mortgage,True,False,0,Medium,2,5,1,873-803-1240T,4514 0128T 1492 3431,CREDIT,TST-PIERREcontentLemur27@non.hotmail.com,0.18,0.36,26-35,White,60k-100k,500k-1M,0-500,30
42139,M,Toronto,ON,DAY CARL,43,False,,Latino,87126.0,True,1114327.0,0.0,True,False,4229,56030.62,740.0,Credit; Checking,15,86.0,True,2145.48,Mortgage,True,False,0,High,4,0,6,705-482-5685T,4519 9235T 6859 2871,DEBIT,TDACAneedyWildfowl71958@synth.yahoo.com,0.15,0.07,36-45,OTHER,60k-100k,1M-2M,0-500,40
119001,F,Vancouver,BC,LAM PAULINE,30,False,,White,86161.0,True,1096312.0,0.0,False,False,3992,20730.75,687.0,Investment,4,14.14,False,41.21,Personal Loan,True,False,0,Medium,2,2,5,778-549-5482T,4510 1367T 4714 2460,CREDIT,TLP168094@non.iCloud.com,0.13,0.16,26-35,White,60k-100k,1M-2M,0-500,5
148153,M,Ottawa,ON,HENRY ED,29,True,,White,124903.0,True,894417.0,0.0,True,False,5299,29063.27,750.0,Joint,11,9.49,False,56.04,Mortgage,True,False,0,Low,6,4,1,226-926-6174T,4512 2387T 8062 2240,CREDIT,THE044149@rand.zoho.com,0.14,0.54,26-35,White,100k-200k,500k-1M,0-500,7
61667,F,Toronto,ON,COLLINS-WOERMKE CAROL,41,False,,Asian,80506.0,True,1245712.0,0.0,False,False,4393,51439.3,708.0,Credit,8,10.82,False,25.28,Mortgage,False,False,9,Medium,2,0,7,289-143-5099T,4512 2375T 7427 9486,CREDIT,TselfishLion5COCA@synth.cogeco.ca,0.15,0.13,36-45,OTHER,60k-100k,1M-2M,0-500,23
1530,F,Toronto,ON,KOLODY ANDREA,40,True,5cDyNOox,Others,94819.0,True,984643.0,0.0,True,False,5445,32373.47,726.0,Joint,16,0.76,False,24.55,Mortgage,False,False,12,Low,5,0,5,416-648-8002T,5415 9047T 2937 9118,CREDIT,TKA963294@synth.jumo.com,0.15,0.06,36-45,OTHER,60k-100k,500k-1M,0-500,8
48460,F,Toronto,ON,HART ELIZABETH,42,False,,White,108923.0,True,1171607.0,0.0,True,False,9077,13321.97,710.0,Checking,16,39.0,True,6761.61,Personal Loan,True,True,0,Medium,5,1,5,647-366-1546T,4510 1343T 2742 1456,CREDIT,THE043635@rand.netZero.com,0.15,0.11,36-45,White,100k-200k,1M-2M,0-500,7
17973,F,Toronto,ON,YOUNG YVONNE,45,False,,Asian,75917.0,True,964984.0,0.0,True,False,3573,71764.58,715.0,Checking,16,11.26,False,16.18,Mortgage,True,True,0,Medium,2,1,5,365-509-6388T,5415 9039T 6444 9482,CREDIT,TYY3845@rand.bla.com,0.15,0.07,36-45,OTHER,60k-100k,500k-1M,0-500,9
106299,F,Vancouver,BC,STEWART NORINE,37,True,,White,82756.0,True,1399951.0,0.0,True,False,5375,64666.95,754.0,Credit; Joint,6,10.84,False,81.37,Mortgage,True,False,7,Low,5,0,6,250-264-1030T,4510 1523T 4827 4915,CREDIT,TmercifulWildfowl1STNO@non.jumo.com,0.13,0.16,36-45,White,60k-100k,1M-2M,0-500,9
41153,F,Toronto,ON,WATSON KAREN,35,False,,Black,89495.0,True,1149821.0,0.0,True,False,4333,23078.2,705.0,Investment,3,12.75,False,37.22,,True,False,0,Medium,2,1,5,416-231-3451T,4514 0194T 2997 7152,CREDIT,TexactingIcecream6WAKA@rand.aol.com,0.15,0.05,26-35,OTHER,60k-100k,1M-2M,0-500,63
63005,M,Toronto,ON,RONNIE MERCER,27,False,,Asian,72292.0,True,1047137.0,0.0,False,False,2833,7664.52,640.0,Investment,16,10.34,False,34.04,,True,False,7,Medium,2,2,2,416-351-9481T,4510 1676T 0159 4733,DEBIT,TRM1333846231@non.att.net,0.15,0.22,26-35,OTHER,60k-100k,1M-2M,0-500,9
208171,M,London,ON,JOHN THOMPSON,41,True,,Black,78712.0,True,684181.0,0.0,True,False,4001,46566.79,729.0,Joint,7,116.0,True,2938.33,Mortgage,True,False,10,High,4,1,4,753-700-2832T,4512 2367T 5440 2824,CREDIT,TJT895923678@fake.mail.com,0.17,0.12,36-45,OTHER,60k-100k,500k-1M,0-500,5
211851,F,London,ON,LAROSE JULIE,39,False,,White,83488.0,True,796873.0,0.0,True,False,4778,52162.27,738.0,Investment; Credit; Checking,4,104.0,True,2968.55,Mortgage,False,False,0,High,3,1,5,343-743-2105T,5415 9030T 8976 0309,CREDIT,TLJ45515@test.iCloud.com,0.17,0.06,36-45,White,60k-100k,500k-1M,0-500,8
76257,M,Montreal,QC,DELAGE ARTHUR,36,False,,White,72260.0,True,581586.0,0.0,True,False,4089,47017.97,716.0,Investment,21,17.3,False,45.23,,True,True,0,Low,6,6,1,579-434-2649T,4510 1391T 1537 5088,CREDIT,TDA70965956@test.icloud.com,0.18,0.61,26-35,White,60k-100k,500k-1M,0-500,30
50492,M,Toronto,ON,OSBORN RICHARD,36,False,,White,140544.0,True,1999383.0,0.0,True,False,7091,30263.13,740.0,Credit,18,18.15,False,69.54,Mortgage,True,False,11,Medium,2,4,1,365-590-2667T,4510 1622T 1445 7929,DEBIT,TOR091564744@test.neo.com,0.15,0.47,26-35,White,100k-200k,1M-2M,0-500,16
166654,F,Quebec City,QC,DESBIENS ISABELLE,35,False,,White,69268.0,True,334223.0,0.0,True,False,3678,12029.54,626.0,Credit,4,89.0,True,2616.96,Mortgage,False,False,0,High,4,1,5,418-367-8755T,5415 9096T 9785 3522,CREDIT,TDI273758@rand.jumo.com,0.16,0.13,26-35,White,60k-100k,200k-500k,0-500,11
4978,M,Toronto,ON,GARRIOCH SCOTT,48,True,erQdvgYW,Asian,87808.0,True,1178775.0,0.0,True,False,5441,31215.12,779.0,Investment; Credit; Joint,8,64.0,True,3087.83,Mortgage,True,False,8,High,4,3,2,249-239-9313T,4514 0153T 6144 1062,CREDIT,TGS2048157@non.netZero.com,0.15,0.2,46-55,OTHER,60k-100k,1M-2M,0-500,9
181400,F,Mississauga,ON,LECOURS ELEANOR,30,True,,Asian,92065.0,True,1090026.0,0.0,True,False,5066,14802.57,720.0,Joint,4,38.77,False,15.27,Mortgage,False,False,0,Medium,2,0,6,548-762-4358T,4510 1524T 6965 8517,CREDIT,TLE13628988@fake.iCloud.com,0.17,0.12,26-35,OTHER,60k-100k,1M-2M,0-500,8
235699,M,St. Catharines,ON,VASSEUR DAVID,46,False,,White,71338.0,True,760745.0,0.0,True,False,4213,65109.7,731.0,Investment; Checking; Credit,13,43.0,True,2758.07,Mortgage,True,False,0,Medium,7,2,2,753-528-7619T,4510 1685T 7844 9232,DEBIT,TVASSEURDAVID@test.hotmail.com,0.13,0.15,36-45,White,60k-100k,500k-1M,0-500,7
209488,M,London,ON,NOAH DAVIS,41,False,,White,98235.0,True,631643.0,0.0,True,False,4002,24888.64,713.0,Investment,4,17.76,False,36.89,Mortgage,True,True,5,Medium,2,4,2,613-818-4827T,5415 9059T 4217 4281,CREDIT,TND0661@rand.icloud.com,0.17,0.32,36-45,White,60k-100k,500k-1M,0-500,5
77295,M,Montreal,QC,HOULE PATRICK,31,False,,Asian,62645.0,True,502466.0,0.0,False,False,3161,15238.95,640.0,Credit,5,5.0,False,22.16,Mortgage,False,False,5,Low,5,0,6,450-834-8544T,5415 9042T 1131 4063,CREDIT,THP2564674@rand.outlook.com,0.18,0.11,26-35,OTHER,60k-100k,500k-1M,0-500,7
175859,M,Mississauga,ON,JOSEPH RALPH,38,False,,White,113915.0,True,1259874.0,0.0,True,False,9493,38367.25,763.0,Investment,4,59.0,True,7118.94,Mortgage,False,False,0,High,4,3,1,519-429-2289T,4519 9257T 5279 0630,DEBIT,TJR23073@test.aol.com,0.17,0.12,36-45,White,100k-200k,1M-2M,0-500,7
50756,F,Toronto,ON,NAKOGEE PAULINE,42,True,,Asian,73591.0,True,1314912.0,0.0,True,False,4258,25838.53,710.0,Credit; Checking; Joint,4,97.0,True,2194.23,Mortgage,True,False,0,High,4,2,3,647-197-4455T,5415 9093T 5543 7275,CREDIT,TNP2464675@fake.att.net,0.15,0.06,36-45,OTHER,60k-100k,1M-2M,0-500,36
42391,M,Toronto,ON,RYAN LUCAS,48,True,,White,78151.0,True,1263486.0,0.0,True,False,4888,89367.58,780.0,Credit,4,43.0,True,2787.98,Mortgage,True,False,2,High,3,0,6,249-370-2079T,4512 2329T 5972 4100,CREDIT,TRL88780@test.gmail.com,0.15,0.06,46-55,White,60k-100k,1M-2M,0-500,9
157844,F,Winnipeg,MB,FRIESEN SUSAN,42,False,,Native,64592.0,True,411111.0,0.0,True,False,4229,4916.93,633.0,Checking,14,95.0,True,2430.39,Mortgage,True,True,0,High,4,0,5,204-215-8075T,4510 1696T 8606 2099,DEBIT,TcrummyViper9FRSU@synth.netZero.com,0.18,0.14,36-45,OTHER,60k-100k,200k-500k,0-500,6
52109,F,Toronto,ON,SYLVESTER SUSAN,46,True,,Latino,102721.0,True,1694314.0,0.0,True,False,8560,106767.55,798.0,Credit,12,87.0,True,4794.59,Mortgage,False,False,0,High,3,1,4,548-662-4941T,4510 1553T 7413 7329,CREDIT,TSS8859933@rand.hotmail.com,0.15,0.06,36-45,OTHER,100k-200k,1M-2M,0-500,16
70838,F,Toronto,ON,WAGNER SANDRA,37,True,tFr3NdGN,White,87242.0,True,1172507.0,0.0,True,False,5719,47053.85,771.0,Credit,17,101.0,True,4274.7,Mortgage,True,True,0,High,3,2,2,289-567-7658T,5415 9089T 6778 3183,CREDIT,TbetrayedPiglet9WASA@rand.mail.com,0.15,0.08,36-45,White,60k-100k,1M-2M,0-500,25
3767,F,Toronto,ON,CETINKAYA PATRICIA,37,True,,Asian,132017.0,True,1344032.0,0.0,True,False,11001,45222.97,789.0,Credit,10,23.08,False,51.03,Personal Loan,True,False,5,Low,5,1,4,905-595-8065T,4510 1533T 0963 9519,CREDIT,TCP3481@synth.bla.com,0.15,0.09,36-45,OTHER,100k-200k,1M-2M,0-500,16
111935,F,Vancouver,BC,CROSS JUDY,41,False,,White,73979.0,True,1450809.0,0.0,True,False,3815,65797.43,701.0,Investment,30,115.0,True,2441.54,Personal Loan,True,False,0,High,4,0,8,604-807-1030T,4510 1520T 1848 9271,CREDIT,TCJ8162@fake.bla.com,0.13,0.14,36-45,White,60k-100k,1M-2M,0-500,14
173555,M,Hamilton,ON,MCDONNELL EDWARD,28,False,,White,69426.0,True,842039.0,0.0,True,False,3291,8630.54,666.0,Credit,4,6.59,False,21.4,Personal Loan,True,False,3,Low,4,1,5,249-666-3571T,4510 1575T 6983 1203,CREDIT,TMCDONNELLsheepishBass318@test.att.net,0.15,0.16,26-35,White,60k-100k,500k-1M,0-500,9
74733,F,Montreal,QC,JONATHAN HARRIS,24,False,,White,75325.0,False,0.0,692.0,True,False,2058,19886.9,533.0,Investment,7,16.58,False,24.97,,False,False,0,Medium,2,0,5,468-718-4215T,4512 2310T 7839 9672,CREDIT,TJONATHAN_HARRIS12@synth.zoho.com,0.18,0.07,18-25,White,60k-100k,0-200k,500-1k,9
39149,F,Toronto,ON,KOOSTACHIN ALISON,29,False,,Asian,86528.0,True,1007185.0,0.0,True,True,3780,22666.31,833.0,Checking,4,9.49,False,9.63,Mortgage,True,False,10,Low,6,2,4,905-931-3291T,4519 9293T 9409 3681,DEBIT,TKA80581@fake.netZero.com,0.15,0.32,26-35,OTHER,60k-100k,1M-2M,0-500,7
23745,F,Toronto,ON,MILLER JOANI,36,False,,Asian,86532.0,True,1176141.0,0.0,True,False,4209,41726.36,729.0,Checking,9,73.0,True,2526.82,Mortgage,True,True,0,High,4,3,5,343-630-3075T,4512 2362T 0819 2935,CREDIT,TthrilledBobolink6MIJO@fake.netZero.com,0.15,0.21,26-35,OTHER,60k-100k,1M-2M,0-500,63
60469,F,Toronto,ON,WOOD CARLA,22,False,,White,25247.0,False,0.0,1055.0,False,False,1582,6836.74,447.0,Checking,4,7.21,False,21.87,,False,True,0,Medium,2,0,6,613-408-7008T,5415 9098T 5532 8484,CREDIT,TWOODlazyOtter329@rand.yahoo.com,0.15,0.08,18-25,White,0-30k,0-200k,1k-2k,5
41509,F,Toronto,ON,DUPUIS HELENE,45,True,,White,109719.0,True,1182303.0,0.0,True,False,7018,21542.48,767.0,Checking,4,112.0,True,4229.4,Mortgage,True,False,0,High,4,0,7,807-374-9311T,4514 0116T 5568 3469,CREDIT,TDH679044072@rand.outlook.com,0.15,0.08,36-45,White,100k-200k,1M-2M,0-500,9
6665,F,Toronto,ON,JONES ALMA,26,False,,Asian,93169.0,True,1031351.0,0.0,True,False,3858,9363.07,678.0,Credit; Checking; Investment,8,7.34,False,21.32,Mortgage,True,False,0,Low,4,0,6,226-326-4988T,4514 0188T 6754 2967,CREDIT,TJA854845036@non.comcast.net,0.15,0.15,18-25,OTHER,60k-100k,1M-2M,0-500,8
72081,F,Toronto,ON,READ NANCY,24,False,,Black,35933.0,False,0.0,1101.0,True,False,1868,5844.6,450.0,Savings; Checking,5,98.0,True,1194.65,,False,False,0,High,3,2,4,519-287-8897T,4512 2343T 7380 8612,CREDIT,TREAD_NANCY72@fake.outlook.com,0.15,0.13,18-25,OTHER,30k-60k,0-200k,1k-2k,10
25454,F,Toronto,ON,BUSET FRANCES,42,False,,Others,67448.0,True,1057532.0,0.0,True,False,3194,20702.04,683.0,Credit,26,15.43,False,31.99,Personal Loan,False,True,12,Low,6,0,7,742-358-4692T,4510 1376T 8933 2390,CREDIT,TBF8020@fake.outlook.com,0.15,0.39,36-45,OTHER,60k-100k,1M-2M,0-500,69
30989,M,Toronto,ON,DAVID WALLACE,20,False,,Asian,7754.0,False,0.0,1183.0,False,False,1122,4625.35,400.0,Checking,4,107.0,True,566.92,Student Loan,False,True,0,High,4,2,4,289-692-7017T,5415 9094T 6854 2257,CREDIT,TDAVIDM93@fake.gmail.com,0.15,0.07,18-25,OTHER,0-30k,0-200k,1k-2k,6
52522,F,Toronto,ON,ROCK SUSIE,32,False,,Asian,79226.0,True,1015147.0,0.0,True,False,3356,29835.49,698.0,Credit; Investment; Checking,11,9.36,False,45.24,Mortgage,False,False,0,Low,4,0,6,365-213-5738T,4519 9222T 1770 6816,DEBIT,TRS768113@non.hotmail.com,0.15,0.12,26-35,OTHER,60k-100k,1M-2M,0-500,63
5994,F,Toronto,ON,DICKISON JACQUELINE,23,False,,Asian,88797.0,True,628791.0,0.0,True,False,1818,6251.03,592.0,Savings,18,24.91,False,21.0,,False,True,0,Medium,2,0,4,647-541-8216T,4510 1533T 3988 5637,CREDIT,TDICKISON_JACQUELINE27@rand.aol.com,0.15,0.17,18-25,OTHER,60k-100k,500k-1M,0-500,8
55171,M,Toronto,ON,WILSON EARL,39,False,,Asian,76644.0,True,1091784.0,0.0,True,False,4692,58450.32,728.0,Checking; Investment,9,97.0,True,3585.32,Mortgage,False,False,0,High,5,7,1,365-634-9893T,4510 1563T 3735 4662,CREDIT,TWE5869840482@test.att.net,0.15,0.12,36-45,OTHER,60k-100k,1M-2M,0-500,40
44426,M,Toronto,ON,DUBEAULT DENIS,41,False,,Asian,127608.0,True,1327466.0,0.0,False,False,9283,32555.37,746.0,Investment,31,16.87,False,20.36,Mortgage,True,False,0,Low,4,4,1,519-670-4966T,5415 9014T 7502 9500,CREDIT,TDD25796@rand.outlook.com,0.15,0.44,36-45,OTHER,100k-200k,1M-2M,0-500,7
484,F,Toronto,ON,TINNING JOYCE,44,True,,Asian,76417.0,True,1098237.0,0.0,True,False,5518,116881.67,730.0,Investment,22,62.0,True,3073.7,Mortgage,True,False,12,High,4,2,5,416-815-4646T,4510 1355T 8846 4420,CREDIT,TTJ956312@rand.outlook.com,0.15,0.11,36-45,OTHER,60k-100k,1M-2M,0-500,36
9848,F,Toronto,ON,DIXON LISETTE,33,True,SbPSHE8N,White,98551.0,True,994936.0,0.0,True,False,5264,29261.89,650.0,Credit,4,16.83,False,68.59,,False,False,4,Low,6,2,4,548-789-8811T,4514 0186T 1351 0339,CREDIT,TDL676477@fake.bla.com,0.15,0.1,26-35,White,60k-100k,500k-1M,0-500,5
79350,M,Montreal,QC,CHAMPAGNE ADOLPHE,33,False,,White,62943.0,True,485159.0,0.0,True,False,2442,11196.18,647.0,Credit,4,5.67,False,20.6,Mortgage,False,True,0,Low,4,1,6,873-893-4007T,4510 1671T 0790 3222,DEBIT,TCHAMPAGNEADOLPHE@synth.jumo.com,0.18,0.09,26-35,White,60k-100k,200k-500k,0-500,7
59114,F,Toronto,ON,SADIKI FATIMA,40,True,4lOQTuyV,Asian,86323.0,True,1304824.0,0.0,True,False,3802,27788.48,746.0,Checking; Credit; Joint; Investment,10,13.7,False,83.92,Mortgage,False,False,0,Low,4,0,7,289-227-4755T,4514 0120T 8053 2651,CREDIT,TSF9959@fake.att.net,0.15,0.1,36-45,OTHER,60k-100k,1M-2M,0-500,36
19677,M,Toronto,ON,BURNS DENNIS,47,True,,Asian,83251.0,True,1291701.0,0.0,True,False,4961,308.89,718.0,Checking; Investment,19,110.0,True,3836.79,Personal Loan,True,False,1,High,3,0,7,365-977-8129T,4519 9255T 0770 3771,DEBIT,TBD92429@fake.att.net,0.15,0.1,46-55,OTHER,60k-100k,1M-2M,0-500,9
14042,F,Toronto,ON,IBSCHER INGE,26,False,,White,90435.0,True,889991.0,0.0,True,False,4814,20073.64,709.0,Credit,16,35.0,True,2938.78,Mortgage,False,False,1,High,4,1,6,613-104-5901T,4519 9297T 7150 9030,DEBIT,TII927055@test.att.net,0.15,0.08,18-25,White,60k-100k,500k-1M,0-500,6
139347,F,Edmonton,AB,CARPENTIER HEATHER,33,False,,Asian,95850.0,True,380644.0,0.0,True,False,4337,31832.2,707.0,Checking,4,86.0,True,2464.48,Mortgage,False,False,6,High,4,2,6,368-830-9752T,4514 0164T 1301 7251,CREDIT,TdejectedMandrill5CAHE@test.netZero.com,0.16,0.07,26-35,OTHER,60k-100k,200k-500k,0-500,7
156401,F,Winnipeg,MB,DEVLOO CONNIE,41,False,,Native,66974.0,True,413043.0,0.0,True,False,3740,18098.15,638.0,Checking,14,11.33,False,15.98,Mortgage,True,False,0,Low,5,0,8,204-211-4135T,4510 1327T 6394 7640,CREDIT,TDC33055@synth.proton.com,0.18,0.11,36-45,OTHER,60k-100k,200k-500k,0-500,6
8154,F,Toronto,ON,FEREIRA RUTH,40,True,,White,104113.0,True,1240731.0,0.0,True,False,7355,18830.44,751.0,Joint; Checking,4,70.0,True,3900.0,Personal Loan,False,False,0,High,4,4,4,647-755-4139T,4510 1679T 5440 8449,DEBIT,TFR0820829354@test.neo.com,0.15,0.06,36-45,White,100k-200k,1M-2M,0-500,9
118652,F,Vancouver,BC,COLE MARGO,25,True,LpjqeAbl,Asian,97320.0,True,1382912.0,0.0,True,False,4473,33262.74,756.0,Checking,17,26.51,False,17.05,Mortgage,False,False,0,Medium,2,1,5,604-757-7602T,4519 9290T 9924 2291,DEBIT,TCM261694@synth.bla.com,0.13,0.08,18-25,OTHER,60k-100k,1M-2M,0-500,5
100472,F,Montreal,QC,BLAIS NICOLE,27,False,,Others,60178.0,True,554873.0,0.0,True,False,3430,13282.45,659.0,Checking; Credit,17,78.0,True,2710.13,Mortgage,True,False,2,High,3,1,7,468-705-6342T,4512 2362T 0372 6675,CREDIT,TBN273272@rand.gmail.com,0.18,0.05,26-35,OTHER,60k-100k,500k-1M,0-500,21
65651,F,Toronto,ON,SYKES ALEXANDRA,42,False,,Asian,109674.0,True,1286959.0,0.0,True,False,9140,27377.15,750.0,Investment; Checking,26,87.0,True,6593.75,Mortgage,True,False,11,High,3,1,5,742-327-3394T,5415 9090T 6915 1945,CREDIT,TSA955079826@synth.icloud.com,0.15,0.09,36-45,OTHER,100k-200k,1M-2M,0-500,14
12005,M,Toronto,ON,NIELSEN DEAN,39,False,,White,108211.0,True,1210993.0,0.0,True,False,9018,14232.63,705.0,Investment,4,16.76,False,69.94,Mortgage,True,False,0,Medium,2,1,5,249-715-1701T,4514 0123T 2833 2771,CREDIT,TND384361294@non.yahoo.com,0.15,0.12,36-45,White,100k-200k,1M-2M,0-500,19
60171,M,Toronto,ON,CLOW BRUCE,31,False,,Asian,68498.0,True,1014034.0,0.0,True,False,2970,5705.37,666.0,Credit,11,7.31,False,16.02,Mortgage,True,False,0,Low,4,0,7,343-735-3920T,4510 1569T 6074 0700,CREDIT,TCB62946@rand.aol.com,0.15,0.07,26-35,OTHER,60k-100k,1M-2M,0-500,39
62275,M,Toronto,ON,LAU WARD,30,True,h2dpfMMs,Asian,147325.18,True,1154345.0,0.0,True,False,5556,34857.99,778.0,Checking,13,13.75,False,14.96,Mortgage,True,False,11,Medium,2,0,6,416-830-9768T,4519 9229T 4044 9019,DEBIT,TLW8612015@non.att.net,0.15,0.08,26-35,OTHER,100k-200k,1M-2M,0-500,18
45050,F,Toronto,ON,GREENLEY KANARY,40,True,7ATm0yju,Asian,115082.98,True,1306656.0,0.0,True,False,8958,41845.85,791.0,Credit,9,64.0,True,6864.52,Mortgage,False,True,5,Medium,2,0,4,742-593-1059T,4512 2388T 6818 0519,CREDIT,TGK240840171@test.yahoo.com,0.15,0.04,36-45,OTHER,100k-200k,1M-2M,0-500,16
62579,M,Toronto,ON,ROBERT GONZALES,40,False,,White,80316.0,True,1193542.0,0.0,True,False,5188,17847.25,685.0,Checking,6,91.0,True,3922.88,Mortgage,False,True,0,High,4,3,1,416-653-7527T,4512 2320T 5485 0997,CREDIT,TROGOmurkyLeopard91963@fake.hotmail.com,0.15,0.2,36-45,White,60k-100k,1M-2M,0-500,31
173613,F,Hamilton,ON,BOUVIER LORI,35,False,,White,63303.0,True,716124.0,0.0,True,False,3070,3745.67,648.0,Credit,14,6.09,False,20.63,Mortgage,True,False,4,Low,5,0,6,365-776-2663T,4510 1649T 9881 0497,DEBIT,TBL8216420@non.jumo.com,0.15,0.06,26-35,White,60k-100k,500k-1M,0-500,6
65593,F,Toronto,ON,CAZA ANNE,31,True,,White,70311.0,True,1143507.0,0.0,True,False,2995,44366.44,760.0,Checking; Credit; Investment; Joint,5,96.0,True,1868.85,Mortgage,False,False,0,High,4,4,2,416-805-6367T,4514 0148T 7477 0272,CREDIT,TCA9057@fake.neo.com,0.15,0.11,26-35,White,60k-100k,1M-2M,0-500,14
19891,F,Toronto,ON,WALKER DAWN,27,False,,White,80516.0,True,1165439.0,0.0,True,False,4670,12642.54,667.0,Checking; Investment,8,11.18,False,78.08,Mortgage,True,False,2,Medium,2,1,5,548-647-3320T,4510 1573T 3399 5998,CREDIT,TWD040639234@non.aol.com,0.15,0.17,26-35,White,60k-100k,1M-2M,0-500,37
128085,M,Calgary,AB,COUGHLAN JAMES,44,False,,Asian,102757.0,True,709807.0,0.0,True,False,8563,39360.82,698.0,Credit,28,90.0,True,4755.45,Mortgage,False,False,0,High,4,0,6,403-434-8342T,4510 1384T 2285 6783,CREDIT,TCJ2265999236@fake.comcast.net,0.14,0.12,36-45,OTHER,100k-200k,500k-1M,0-500,6
5374,M,Toronto,ON,PAUL WILLIAMS,32,False,,White,109369.0,True,1088138.0,0.0,True,False,8737,33824.75,734.0,Credit,18,14.54,False,29.88,Personal Loan,False,False,5,Low,6,1,5,647-908-9744T,4519 9244T 5622 1904,DEBIT,TPW0922184746@synth.netZero.com,0.15,0.11,26-35,White,100k-200k,1M-2M,0-500,16
84659,M,Montreal,QC,ANCONA GIOVANNI,29,False,,Latino,74275.0,True,566591.0,0.0,True,False,3658,17279.46,677.0,Credit,2,9.25,False,27.24,Personal Loan,True,False,0,Low,5,1,4,819-878-9599T,4514 0163T 0355 7129,CREDIT,TANCONA_GIOVANNI83@rand.proton.com,0.18,0.22,26-35,OTHER,60k-100k,500k-1M,0-500,20
108512,M,Vancouver,BC,EISLER IRVIN,40,False,,Black,93624.0,True,1167703.0,0.0,True,False,5002,30259.3,702.0,Credit; Investment; Checking,25,22.52,False,15.99,Mortgage,True,False,9,Medium,2,0,5,236-414-6643T,4512 2340T 6330 5413,CREDIT,TEIIRaffectedCaribou71998@rand.live.com,0.13,0.29,36-45,OTHER,60k-100k,1M-2M,0-500,9
131476,M,Calgary,AB,LEVI EDWARDS,28,False,,Asian,105390.0,True,597769.0,0.0,True,False,2569,11531.68,674.0,Investment; Credit,4,90.0,True,1691.09,Personal Loan,True,False,0,High,4,0,5,825-724-4204T,5415 9084T 8903 1414,CREDIT,TLE918038139@rand.comcast.net,0.14,0.16,26-35,OTHER,100k-200k,500k-1M,0-500,5
25814,F,Toronto,ON,ROY FRANCINE,45,True,,White,68188.0,True,1006271.0,0.0,True,False,3364,37265.07,709.0,Checking; Joint; Credit,24,14.84,False,51.28,Personal Loan,False,False,3,Medium,2,0,6,647-134-6955T,5415 9015T 2758 8797,CREDIT,TdejectedBurritos1ROFR@non.mail.com,0.15,0.05,36-45,White,60k-100k,1M-2M,0-500,25
57014,F,Toronto,ON,MASTROIANNI PAULINE,43,False,,Latino,73874.0,True,1120143.0,0.0,True,False,3865,35638.72,680.0,Credit,23,17.31,False,24.48,Mortgage,True,False,0,Medium,2,1,5,289-166-4892T,4510 1391T 0725 3297,CREDIT,TMP85237@test.hotmail.com,0.15,0.16,36-45,OTHER,60k-100k,1M-2M,0-500,69
14568,M,Toronto,ON,YORMICK JOHN,25,False,,White,69747.0,True,791382.0,0.0,True,False,1701,2981.21,643.0,Credit,9,74.0,True,858.49,Mortgage,True,False,3,High,3,2,5,548-924-5591T,4514 0157T 8403 9955,CREDIT,TYORMICK_JOHN36@test.aol.com,0.15,0.13,18-25,White,60k-100k,500k-1M,0-500,7
124134,F,Calgary,AB,DENYS LAURIE,44,False,,White,79800.0,True,648225.0,0.0,True,False,3968,101245.72,716.0,Credit; Checking,4,89.0,True,2969.92,Mortgage,False,False,1,High,4,1,5,587-369-1654T,4510 1367T 7062 1337,CREDIT,TinsecureTuna3DELA@synth.gmail.com,0.14,0.08,36-45,White,60k-100k,500k-1M,0-500,8
143470,F,Ottawa,ON,STONESS LORI,42,False,,Latino,89199.0,True,906928.0,0.0,True,False,4422,44036.84,701.0,Checking; Investment; Credit,16,17.21,False,35.56,Mortgage,True,True,0,Medium,2,3,3,519-147-6747T,4519 9263T 5864 7159,DEBIT,TSL938406@synth.comcast.net,0.14,0.51,36-45,OTHER,60k-100k,500k-1M,0-500,7
12028,M,Toronto,ON,ISAKOVIC STEVAN,24,False,,Latino,80756.0,False,0.0,1391.0,True,True,2378,13424.93,670.0,Credit,9,18.94,False,301.05,,False,False,0,Medium,2,3,1,343-334-9431T,4510 1643T 2739 5716,DEBIT,TISAKOVICM58@fake.iCloud.com,0.15,0.28,18-25,OTHER,60k-100k,0-200k,1k-2k,6
140630,M,Edmonton,AB,HAGEL EDWARD,35,False,,White,96386.0,True,446068.0,0.0,True,False,4270,17565.36,666.0,Checking; Credit,10,96.0,True,2792.61,Mortgage,False,False,9,High,4,3,3,403-915-8932T,4510 1539T 9932 0576,CREDIT,THE31329@synth.outlook.com,0.16,0.26,26-35,White,60k-100k,200k-500k,0-500,16
86183,F,Montreal,QC,BOUCHARD JOCELYN,43,False,,White,67971.0,True,629594.0,0.0,True,False,4318,5336.91,651.0,Credit; Checking,8,18.67,False,25.85,Personal Loan,False,True,2,Low,5,0,6,354-321-3161T,4510 1698T 7827 3978,DEBIT,TBJ684379255@non.zoho.com,0.18,0.11,36-45,White,60k-100k,500k-1M,0-500,21
50305,F,Toronto,ON,KAKAEPETUM TINA,26,False,,Asian,74246.0,True,849444.0,0.0,True,False,3542,26333.5,694.0,Credit,6,0.38,False,31.35,Mortgage,True,False,0,Low,6,1,5,905-950-1954T,4512 2359T 0847 0760,CREDIT,TKAKAEPETUMforsakenHoopoe586@test.jumo.com,0.15,0.46,18-25,OTHER,60k-100k,500k-1M,0-500,8
114752,F,Vancouver,BC,DR. ALEXIS WEISS,34,False,,Latino,82271.0,True,1377824.0,0.0,True,False,4583,46034.59,733.0,Checking,14,62.0,True,3407.5,Mortgage,True,True,11,High,4,4,3,604-191-9854T,4510 1638T 9374 5491,DEBIT,TDA6668@test.zoho.com,0.13,0.71,26-35,OTHER,60k-100k,1M-2M,0-500,16
76353,M,Montreal,QC,POULIN PAUL,33,False,,Asian,82277.0,True,582601.0,0.0,True,False,2705,55305.91,681.0,Checking; Investment,4,9.12,False,8.02,,True,False,0,Low,5,2,3,819-444-7324T,5415 9041T 6582 2227,CREDIT,TPOPAamazedKitten21999@fake.icloud.com,0.18,0.05,26-35,OTHER,60k-100k,500k-1M,0-500,20
4637,F,Toronto,ON,WALTERS LINDA,28,False,,White,75816.0,True,1003198.0,0.0,True,False,3643,35358.43,707.0,Credit; Investment,5,35.0,True,1966.6,Mortgage,False,True,7,Medium,5,2,5,226-596-8563T,4512 2325T 3410 6632,CREDIT,TWL6910423618@fake.mail.com,0.15,0.06,26-35,White,60k-100k,1M-2M,0-500,37
123942,M,Calgary,AB,SAMSON GORDON,38,False,,Asian,104800.0,True,570223.0,0.0,True,False,8733,8472.78,690.0,Investment; Credit; Checking,9,75.0,True,6571.48,Mortgage,False,True,0,High,3,2,5,368-197-1631T,4510 1347T 2610 9564,CREDIT,TSAMSONGORDON@synth.neo.com,0.14,0.11,36-45,OTHER,100k-200k,500k-1M,0-500,6
27410,F,Toronto,ON,HUBBARD JANICE,43,True,j0TCw092,Asian,68114.0,True,980734.0,0.0,True,False,3339,20894.79,684.0,Checking,18,67.0,True,2198.09,Mortgage,True,False,11,Medium,7,1,6,742-934-8066T,4514 0144T 9999 7198,CREDIT,THJ28113@non.yahoo.com,0.15,0.16,36-45,OTHER,60k-100k,500k-1M,0-500,8
27330,F,Toronto,ON,PITRE TARA,21,True,,Latino,23684.0,False,0.0,857.0,False,False,1611,7361.45,461.0,Savings,7,11.48,False,10.33,,False,True,0,Medium,2,1,5,289-636-3553T,4510 1510T 3772 8318,CREDIT,TPITRE_TARA40@test.gmail.com,0.15,0.09,18-25,OTHER,0-30k,0-200k,500-1k,5
55083,M,Toronto,ON,LARMOUR DAN,34,False,,Asian,83150.0,True,577758.0,0.0,True,False,3134,45478.0,716.0,Credit; Checking,19,120.0,True,1917.36,Mortgage,True,False,0,High,3,0,5,365-978-9656T,4510 1335T 6007 5490,CREDIT,TLADApeacefulTomatoe31966@test.netZero.com,0.15,0.16,26-35,OTHER,60k-100k,500k-1M,0-500,19
49926,M,Toronto,ON,SANDRA PAYNE,40,True,aqJT8bo4,White,93321.0,True,1132617.0,0.0,False,False,5324,26025.02,691.0,Joint; Credit; Investment; Checking,22,110.0,True,2913.9,Mortgage,True,True,0,High,4,2,4,548-963-1595T,4514 0120T 0733 9969,CREDIT,TSP662614@rand.mail.com,0.15,0.08,36-45,White,60k-100k,1M-2M,0-500,8
218132,M,Markham,ON,ETHAN TREVINO,30,True,,Asian,95926.0,True,1055701.0,0.0,True,False,5591,11105.78,749.0,Checking; Credit; Joint; Investment,15,10.3,False,13.0,Mortgage,True,False,1,Medium,2,3,3,548-567-1912T,4519 9254T 5737 8602,DEBIT,TET49850@synth.aol.com,0.12,0.27,26-35,OTHER,60k-100k,1M-2M,0-500,5
19995,M,Toronto,ON,SERGERIE ANDRE,28,False,,Asian,78866.0,True,1135741.0,0.0,True,False,4034,52939.61,719.0,Investment,9,15.03,False,19.4,Mortgage,True,False,0,Low,5,0,5,753-841-3156T,4514 0199T 0293 6475,CREDIT,TSERGERIE_ANDRE36@test.icloud.com,0.15,0.13,26-35,OTHER,60k-100k,1M-2M,0-500,39
207592,M,London,ON,GILBART BUZZ,37,True,,Others,89770.0,True,585026.0,0.0,True,False,4126,15477.21,704.0,Joint,4,13.14,False,16.46,Mortgage,True,True,4,Medium,2,1,3,289-701-9630T,4510 1627T 7339 9223,DEBIT,TGB43580@test.mail.com,0.17,0.06,36-45,OTHER,60k-100k,500k-1M,0-500,5
21404,F,Toronto,ON,REIMER ANNA,42,False,,Others,80750.0,True,1118966.0,0.0,False,False,4205,60760.01,695.0,Investment; Credit,12,68.0,True,2889.47,Mortgage,True,True,0,High,4,3,4,343-790-2740T,4510 1672T 9834 0044,DEBIT,TRA810616@fake.gmail.com,0.15,0.35,36-45,OTHER,60k-100k,1M-2M,0-500,23
61759,M,Toronto,ON,O'REILLY JONATHAN,38,True,,Asian,98183.0,True,1077422.0,0.0,True,False,4398,39192.18,745.0,Investment,4,105.0,True,2749.5,Personal Loan,True,False,0,High,4,3,3,289-586-4721T,4510 1367T 4726 1063,CREDIT,TO'JOinnocentChamois31988@test.live.com,0.15,0.09,36-45,OTHER,60k-100k,1M-2M,0-500,26
146327,M,Ottawa,ON,DUDLEY BRUCE,32,False,,Native,81285.0,True,804176.0,0.0,True,False,3420,32983.5,692.0,Investment; Credit; Checking,16,6.67,False,14.32,Mortgage,False,True,7,Low,6,0,6,289-594-1876T,4510 1362T 9184 1973,CREDIT,TDB6265490@fake.icloud.com,0.14,0.48,26-35,OTHER,60k-100k,500k-1M,0-500,7
84779,M,Montreal,QC,MARTINEZ JUAN,38,False,,White,81851.0,True,565295.0,0.0,True,False,4311,67382.98,715.0,Checking,4,15.84,False,38.83,Auto Loan,True,False,6,Medium,2,4,1,819-805-4696T,4510 1315T 6647 9687,CREDIT,TMJ1623678@test.bla.com,0.18,0.39,36-45,White,60k-100k,500k-1M,0-500,28
81036,M,Montreal,QC,LORD ROBERT,39,False,,White,66657.0,True,584845.0,0.0,True,False,4187,9116.38,661.0,Checking,12,72.0,True,3348.52,Mortgage,True,False,10,High,4,3,2,581-878-3879T,4510 1384T 1530 6634,CREDIT,TLR0014254096@rand.cogeco.ca,0.18,0.31,36-45,White,60k-100k,500k-1M,0-500,28
211116,F,London,ON,HUNTER BERNICE,44,False,,White,76785.0,True,701130.0,0.0,True,False,4159,69972.07,728.0,Checking,23,85.0,True,3071.96,,False,False,0,High,3,4,3,416-342-1049T,4510 1683T 6612 1078,DEBIT,THB88460987@fake.zoho.com,0.17,0.08,36-45,White,60k-100k,500k-1M,0-500,8
41075,F,Toronto,ON,POTTS SHARON,24,False,,White,89345.0,False,0.0,1286.0,True,False,2152,9399.54,511.0,Savings,2,86.0,True,1634.61,,False,False,0,High,4,3,3,416-795-1673T,4519 9223T 1736 5472,DEBIT,TPOTTS_SHARON56@rand.zoho.com,0.15,0.12,18-25,White,60k-100k,0-200k,1k-2k,9
89671,M,Montreal,QC,TESSIER PIERRE,34,False,,Others,71913.0,True,571416.0,0.0,True,False,3369,26676.6,681.0,Checking,3,11.82,False,27.86,Mortgage,False,False,0,Medium,2,6,1,418-559-7727T,5415 9020T 3762 5339,CREDIT,TTP99217853@non.iCloud.com,0.18,0.2,26-35,OTHER,60k-100k,500k-1M,0-500,20
58884,F,Toronto,ON,MARK BLAKE,28,False,,Asian,95815.0,True,916658.0,0.0,True,False,2774,33995.88,670.0,Credit,6,69.0,True,1551.52,Personal Loan,True,False,4,High,4,0,6,905-763-6101T,5415 9091T 8235 3895,CREDIT,TMARKF55@rand.netZero.com,0.15,0.05,26-35,OTHER,60k-100k,500k-1M,0-500,22
45502,M,Toronto,ON,MICHAEL GRACE,29,True,3opQkQYR,White,86636.41,True,1077359.0,0.0,True,False,4266,38971.87,767.0,Credit,10,9.46,False,2.0,Mortgage,True,True,4,Low,5,1,5,613-427-3403T,4514 0142T 0498 9947,CREDIT,TMICHAELunhappyTermite620@fake.bla.com,0.15,0.09,26-35,White,60k-100k,1M-2M,0-500,11
23129,F,Toronto,ON,STEWART KATHRYN,42,False,,Black,88108.0,True,1061177.0,0.0,True,False,5195,10545.7,688.0,Investment,12,84.0,True,3750.93,Mortgage,True,False,7,High,4,1,5,249-528-1984T,4514 0179T 2635 6364,CREDIT,TwornoutMacaw2STKA@test.aol.com,0.15,0.15,36-45,OTHER,60k-100k,1M-2M,0-500,69
2887,F,Toronto,ON,ABBOTT-EWEN ABBY,28,False,,Asian,72575.0,True,978433.0,0.0,True,False,4506,19988.29,688.0,Checking; Investment,12,11.44,False,49.12,Mortgage,True,False,1,Medium,2,0,6,343-124-4136T,4514 0171T 8130 7401,CREDIT,TABBOTT-EWEN_ABBY70@fake.yahoo.com,0.15,0.17,26-35,OTHER,60k-100k,500k-1M,0-500,22
146981,M,Ottawa,ON,SHIM ASTON,36,False,,Black,126326.0,True,912203.0,0.0,True,False,10527,20479.1,720.0,Checking; Credit; Investment,17,112.0,True,7048.8,Mortgage,False,False,1,High,5,3,1,416-637-3851T,5415 9034T 8622 6079,CREDIT,TSA915103@rand.iCloud.com,0.14,0.29,26-35,OTHER,100k-200k,500k-1M,0-500,6
148241,F,Ottawa,ON,BELL LINDA,32,False,,White,86755.0,True,755832.0,0.0,True,False,4440,29094.64,715.0,Credit; Checking,4,77.0,True,2992.97,Mortgage,True,False,0,High,3,3,5,437-921-6225T,4510 1566T 1309 5557,CREDIT,TBL569369@rand.cogeco.ca,0.14,0.24,26-35,White,60k-100k,500k-1M,0-500,18
38003,M,Toronto,ON,LLOYD RAY,38,True,,White,78007.0,True,1277121.0,0.0,True,False,4271,13796.43,687.0,Investment,4,37.0,True,2681.8,Mortgage,True,False,4,Medium,7,3,3,289-110-5977T,4514 0142T 7422 7279,CREDIT,TLLOYDRAY@non.cogeco.ca,0.15,0.47,36-45,White,60k-100k,1M-2M,0-500,21
92519,M,Montreal,QC,HARVEY LEON,20,False,,White,31133.0,False,0.0,608.0,False,False,2068,3180.24,414.0,Checking,4,9.74,False,22.95,,False,False,0,Medium,2,2,2,450-495-8717T,4512 2379T 1288 7161,CREDIT,THARVEY_LEON96@fake.gmail.com,0.18,0.11,18-25,White,30k-60k,0-200k,500-1k,8
72596,F,Toronto,ON,ANTONIO NITA,49,False,,Others,78961.0,True,1271648.0,0.0,False,False,4291,58792.61,716.0,Investment,12,16.81,False,23.88,Mortgage,True,False,12,Medium,2,0,6,226-770-5332T,4519 9223T 8375 5209,DEBIT,TAN21833@non.bla.com,0.15,0.11,46-55,OTHER,60k-100k,1M-2M,0-500,5
57494,F,Toronto,ON,SZPAKOWSKI JANINA,32,False,,White,90812.0,True,1091047.0,0.0,True,False,3342,29337.93,723.0,Investment,5,70.0,True,2145.16,Mortgage,True,False,0,High,4,1,5,905-108-6880T,5415 9081T 9691 7039,CREDIT,TamusedMoth3SZJA@rand.netZero.com,0.15,0.09,26-35,White,60k-100k,1M-2M,0-500,37
121130,M,Vancouver,BC,JUNG JUSTIN,42,False,,Asian,99251.0,True,1321067.0,0.0,True,False,5342,57366.04,745.0,Credit,5,95.0,True,2961.43,Auto Loan,False,False,0,High,4,4,1,778-735-1333T,4519 9241T 5691 2421,DEBIT,TJJ8851@test.cogeco.ca,0.13,0.23,36-45,OTHER,60k-100k,1M-2M,0-500,9
98648,F,Montreal,QC,THIBOUTOT SYLVIE,37,False,,Others,73708.0,True,658579.0,0.0,True,False,4127,240.73,641.0,Investment; Checking,16,44.0,True,2539.23,Mortgage,False,False,6,Medium,6,2,5,367-602-4521T,4512 2332T 5550 1920,CREDIT,TunhappyLizard0THSY@test.live.com,0.18,0.17,36-45,OTHER,60k-100k,500k-1M,0-500,19
32533,F,Toronto,ON,CASTONGUAY BRIGITTE,32,True,,White,60458.0,True,1042806.0,0.0,True,False,3958,18859.55,696.0,Checking,12,110.0,True,2463.13,Mortgage,True,False,0,High,4,1,7,705-531-8793T,4514 0148T 9827 2576,CREDIT,TCB5871277@non.bla.com,0.15,0.11,26-35,White,60k-100k,1M-2M,0-500,14
18909,M,Toronto,ON,CORBEIL MARCEL,48,True,,Asian,112476.0,True,1360206.0,0.0,True,False,9373,21729.35,795.0,Joint,16,10.98,False,22.46,Mortgage,True,False,10,Medium,2,0,4,807-249-6945T,5415 9023T 8290 4961,CREDIT,TCM220956@rand.bla.com,0.15,0.14,46-55,OTHER,100k-200k,1M-2M,0-500,10
99593,F,Montreal,QC,ROBERT COWAN,37,False,,Others,62835.0,True,589013.0,0.0,True,False,3907,12975.91,660.0,Credit,26,9.54,False,121.43,Mortgage,True,False,12,Low,4,0,6,514-183-5212T,5415 9016T 7100 2743,CREDIT,TRC330976@test.outlook.com,0.18,0.15,36-45,OTHER,60k-100k,500k-1M,0-500,19
5675,F,Toronto,ON,MICHAEL GONZALEZ,36,False,,Asian,84481.0,True,1071879.0,0.0,True,False,4098,25147.59,707.0,Investment; Credit,4,12.23,False,37.05,Mortgage,True,True,0,Medium,2,0,6,683-451-1684T,4519 9296T 4909 1666,DEBIT,TMG9519@rand.att.net,0.15,0.09,26-35,OTHER,60k-100k,1M-2M,0-500,63
12983,M,Toronto,ON,MASSARO JOEY,33,False,,White,93925.0,True,1149852.0,0.0,True,False,3022,13170.7,713.0,Checking; Credit,11,56.0,True,2280.43,Mortgage,True,False,5,High,4,2,4,343-169-5384T,4510 1665T 2150 4806,DEBIT,TMJ5553974@non.aol.com,0.15,0.14,26-35,White,60k-100k,1M-2M,0-500,23
122520,M,Calgary,AB,STEVEN NELSON,35,False,,Asian,119207.0,True,584831.0,0.0,True,False,9859,20115.82,709.0,Investment; Credit,4,16.88,False,2.24,Mortgage,True,True,11,Medium,2,2,4,587-872-3306T,4512 2358T 0761 9049,CREDIT,TSTEVENNELSON@test.aol.com,0.14,0.29,26-35,OTHER,100k-200k,500k-1M,0-500,5
106557,F,Vancouver,BC,ANDERSON MARY,34,False,,Asian,71659.0,True,1250172.0,0.0,True,False,4291,15185.28,681.0,Investment,16,7.46,False,40.82,Mortgage,True,False,0,Low,6,2,4,250-260-9469T,4510 1527T 1367 0325,CREDIT,TAM86723@non.bla.com,0.13,0.39,26-35,OTHER,60k-100k,1M-2M,0-500,16
53265,M,Toronto,ON,BUICK STANLEY,45,True,,Latino,99646.0,True,1204365.0,0.0,True,False,4754,66321.27,780.0,Investment,10,112.0,True,2747.09,Mortgage,True,False,0,High,4,1,3,249-505-3187T,4512 2384T 0071 1385,CREDIT,TBS0621@rand.gmail.com,0.15,0.06,36-45,OTHER,60k-100k,1M-2M,0-500,26
92814,F,Montreal,QC,BERGERON NICOLE,34,False,,White,66437.0,True,504753.0,0.0,True,False,3340,7245.54,633.0,Checking; Credit,16,9.19,False,39.28,Mortgage,False,False,0,Low,6,0,7,468-125-3465T,4519 9244T 9767 8137,DEBIT,TholisticCaribou9BENI@fake.aol.com,0.18,0.12,26-35,White,60k-100k,500k-1M,0-500,28
1302,M,Toronto,ON,JESSE DRAKE,27,True,,White,65238.0,True,1135531.0,0.0,True,False,3858,13293.94,711.0,Credit,16,78.0,True,2335.82,,True,True,7,High,4,1,7,416-952-3550T,5415 9054T 3016 3306,CREDIT,TJESSEM13@test.icloud.com,0.15,0.1,26-35,White,60k-100k,1M-2M,0-500,11
44471,M,Toronto,ON,GREEN DAVE,34,True,STWUOZ97,White,105088.0,True,1128624.0,0.0,True,False,8757,23550.71,755.0,Joint,16,14.17,False,28.66,Mortgage,False,False,0,Low,4,0,4,289-399-5106T,4510 1329T 8726 5861,CREDIT,TGREENDAVE@test.comcast.net,0.15,0.06,26-35,White,100k-200k,1M-2M,0-500,6
42277,M,Toronto,ON,MAH HOWARD,41,False,,Black,90121.0,True,1173462.0,0.0,False,False,3890,67954.14,716.0,Credit,4,84.0,True,2177.73,Mortgage,True,False,0,High,4,0,4,905-152-8745T,4514 0149T 6145 4528,CREDIT,TMH14465831@fake.icloud.com,0.15,0.09,36-45,OTHER,60k-100k,1M-2M,0-500,7
12336,M,Toronto,ON,KALIYAS NICK,45,False,,White,111283.0,True,1387239.0,0.0,True,False,9274,25773.25,725.0,Credit,32,21.38,False,30.76,Mortgage,False,False,0,Low,5,1,5,365-651-4182T,4510 1564T 3387 9809,CREDIT,TKN93572488@non.neo.com,0.15,0.05,36-45,White,100k-200k,1M-2M,0-500,19
13737,M,Toronto,ON,VOUT MICHAEL,42,True,,White,117611.0,True,1183593.0,0.0,True,False,9801,17410.84,739.0,Joint,13,51.0,True,6067.36,Mortgage,True,False,0,High,4,2,2,416-928-1825T,5415 9012T 0448 7801,CREDIT,TVM3225@non.cogeco.ca,0.15,0.11,36-45,White,100k-200k,1M-2M,0-500,16
90950,F,Montreal,QC,LEDUC MARLENE,35,False,,Asian,74577.0,True,583008.0,0.0,True,False,2814,43395.8,717.0,Investment,4,11.92,False,14.35,Mortgage,True,True,9,Medium,2,3,3,263-334-7649T,5415 9078T 2847 2975,CREDIT,TsimilarCoconut6LEMA@test.aol.com,0.18,0.39,26-35,OTHER,60k-100k,500k-1M,0-500,21
104963,M,Vancouver,BC,CARPENTER DENNIS,21,False,,Asian,19190.0,False,0.0,928.0,False,False,1191,207.77,418.0,Checking,4,10.22,False,23.77,,False,False,7,Medium,2,1,4,778-978-2627T,4519 9245T 8995 9074,DEBIT,TCARPENTERtautPie169@synth.aol.com,0.13,0.13,18-25,OTHER,0-30k,0-200k,500-1k,5
28980,F,Toronto,ON,PERSYN DONNA,33,False,,Asian,78292.0,False,0.0,1599.0,True,False,3503,22396.28,610.0,Credit,6,11.25,False,24.74,,True,False,4,Medium,2,0,6,905-995-5883T,4510 1589T 8461 6538,CREDIT,TPD9718021423@rand.neo.com,0.15,0.08,26-35,OTHER,60k-100k,0-200k,1k-2k,7
63499,F,Toronto,ON,SIMMONS THELMA,45,False,,Asian,83166.0,True,1173632.0,0.0,True,False,4721,47705.51,726.0,Credit,23,96.0,True,2740.1,Mortgage,True,False,0,High,3,1,4,249-248-9633T,4514 0183T 6369 3941,CREDIT,TdreadfulRat3SITH@test.neo.com,0.15,0.12,36-45,OTHER,60k-100k,1M-2M,0-500,69
36355,M,Toronto,ON,MIEDEMA DAVE,42,False,,Asian,107046.0,True,1382209.0,0.0,True,False,8920,23390.6,729.0,Investment; Credit,4,39.0,True,6184.91,Auto Loan,True,False,12,High,4,0,6,807-864-6749T,4510 1352T 5546 5801,CREDIT,TMIEDEMADAVE@fake.zoho.com,0.15,0.09,36-45,OTHER,100k-200k,1M-2M,0-500,29
14594,F,Toronto,ON,MORTIER MADELINE,44,False,,Latino,95185.0,True,1230877.0,0.0,True,True,3982,46887.5,850.0,Investment,16,93.0,True,2195.71,Mortgage,True,False,0,High,5,2,3,647-119-5861T,4512 2339T 9843 1470,CREDIT,TMM21148@rand.mail.com,0.15,0.15,36-45,OTHER,60k-100k,1M-2M,0-500,12
57612,F,Toronto,ON,WATERHOUSE JANE,28,True,,White,104379.0,True,1026900.0,0.0,True,False,5342,18528.06,763.0,Credit,18,13.95,False,100.82,Mortgage,False,True,0,Medium,2,2,4,249-242-6675T,4510 1594T 5889 1842,CREDIT,TWJ530685@synth.gmail.com,0.15,0.08,26-35,White,100k-200k,1M-2M,0-500,7
12307,M,Toronto,ON,BAIN ROBERT,45,False,,Asian,75090.0,True,1070514.0,0.0,True,False,4101,100738.28,711.0,Investment,21,11.98,False,19.93,Mortgage,False,True,9,Medium,2,2,2,289-716-2745T,4510 1631T 5883 2104,DEBIT,TBR269637@rand.gmail.com,0.15,0.07,36-45,OTHER,60k-100k,1M-2M,0-500,40
57422,F,Toronto,ON,HENSCHEL KRISTINE,49,False,,Latino,94676.0,True,1051800.0,0.0,True,False,4209,59829.4,788.0,Checking,31,15.36,False,48.17,Mortgage,False,True,0,Low,5,2,5,343-485-8845T,4510 1329T 5200 8081,CREDIT,THK6299286697@synth.yahoo.com,0.15,0.11,46-55,OTHER,60k-100k,1M-2M,0-500,23
178346,F,Mississauga,ON,TULINI MELANIE,33,True,,Others,65716.0,True,1179486.0,0.0,True,False,3196,11473.94,691.0,Checking,2,35.0,True,1838.04,Mortgage,True,False,0,High,5,1,6,807-930-7900T,4519 9273T 8262 7850,DEBIT,TTM1770830@non.hotmail.com,0.17,0.11,26-35,OTHER,60k-100k,1M-2M,0-500,8
69014,F,Toronto,ON,REIS MIA,41,True,,Asian,76901.0,True,1149941.0,0.0,True,False,5214,36292.51,713.0,Credit,4,45.0,True,3904.72,Mortgage,True,False,0,High,4,3,1,226-213-8326T,4510 1657T 5453 5988,DEBIT,TRM13021951@fake.yahoo.com,0.15,0.09,36-45,OTHER,60k-100k,1M-2M,0-500,36
125267,F,Calgary,AB,GOODMAN SUSIE,37,True,NWU7ke5X,White,104031.0,True,558981.0,0.0,True,False,8669,8209.88,717.0,Credit,4,120.0,True,4427.43,Mortgage,True,True,12,High,4,1,6,587-246-5944T,4519 9235T 6587 3112,DEBIT,TGS520145@fake.yahoo.com,0.14,0.1,36-45,White,100k-200k,500k-1M,0-500,7
14392,F,Toronto,ON,TREMBLAY COLETTE,26,False,,Asian,96535.0,True,1048252.0,0.0,True,False,3337,32601.36,709.0,Checking,4,7.18,False,32.63,Mortgage,False,False,0,Low,4,0,7,705-372-8370T,4512 2335T 6748 5637,CREDIT,TTREMBLAYF96@rand.netZero.com,0.15,0.13,18-25,OTHER,60k-100k,1M-2M,0-500,8
164362,F,Quebec City,QC,MESHER DOROTHY,37,True,,White,71986.0,True,423605.0,0.0,True,False,3827,21174.5,672.0,Checking,22,21.06,False,51.78,,False,False,0,Medium,2,0,5,819-208-2848T,5415 9057T 4653 6022,CREDIT,TMD4155414245@fake.att.net,0.16,0.12,36-45,White,60k-100k,200k-500k,0-500,7
65701,M,Toronto,ON,HARWOOD CRAIG,22,False,,White,5690.0,False,0.0,858.0,False,False,1183,7079.07,409.0,Savings,11,35.0,True,755.73,,False,True,0,High,4,5,1,807-701-8601T,5415 9025T 4601 6172,CREDIT,THC609096195@non.hotmail.com,0.15,0.15,18-25,White,0-30k,0-200k,500-1k,9
8057,F,Toronto,ON,MCCULLOCH HAZEL,44,False,,Others,98566.0,True,1304419.0,0.0,True,False,6433,40246.44,754.0,Checking,18,55.0,True,3277.47,Mortgage,True,False,1,High,4,2,6,437-235-5187T,5415 9023T 0177 6565,CREDIT,TMH02846284@fake.outlook.com,0.15,0.12,36-45,OTHER,60k-100k,1M-2M,0-500,69
139201,F,Edmonton,AB,BILSKY ROBYN,31,False,,White,83592.0,True,415871.0,0.0,True,False,3685,18046.01,659.0,Investment,17,93.0,True,1859.34,Personal Loan,True,True,0,High,4,1,4,403-172-6305T,4510 1522T 6541 1725,CREDIT,TwornoutDoughnut6BIRO@test.gmail.com,0.16,0.12,26-35,White,60k-100k,200k-500k,0-500,6
186742,M,Brampton,ON,GASPAR EDUARDO,27,False,,Asian,115602.0,True,1293689.0,0.0,True,False,4339,20979.68,722.0,Checking,4,14.95,False,14.34,Mortgage,True,False,11,Medium,2,2,3,289-670-2746T,4512 2323T 4782 3140,CREDIT,TGE5487323663@rand.proton.com,0.17,0.19,26-35,OTHER,100k-200k,1M-2M,0-500,5
120699,M,Vancouver,BC,HANDLEY GARRY,42,False,,Asian,106262.0,True,1353597.0,0.0,True,False,8855,16221.27,706.0,Investment; Credit; Checking,4,86.0,True,6377.23,Mortgage,False,False,0,High,4,3,2,778-987-2243T,5415 9088T 7201 0641,CREDIT,THG558483986@non.netZero.com,0.13,0.27,36-45,OTHER,100k-200k,1M-2M,0-500,8
11792,F,Toronto,ON,DENNIS KIMBERLEY,32,False,,White,72908.0,True,1055874.0,0.0,True,False,3761,39785.69,715.0,Checking,14,8.5,False,29.38,Personal Loan,True,False,0,Low,4,0,6,249-663-6958T,4510 1661T 2207 7324,DEBIT,TDK3289235145@rand.zoho.com,0.15,0.11,26-35,White,60k-100k,1M-2M,0-500,37
84319,F,Montreal,QC,ROBERGE LISA,38,False,,White,64371.0,True,504335.0,0.0,True,True,4217,10064.79,779.0,Credit,24,11.37,False,30.38,Personal Loan,False,False,5,Medium,2,0,6,819-167-6760T,4510 1688T 2764 8155,DEBIT,TRL24379572@fake.outlook.com,0.18,0.14,36-45,White,60k-100k,500k-1M,0-500,7
104387,M,Vancouver,BC,MCLEAN GABRIEL,32,True,,White,95352.0,True,1053272.0,0.0,True,False,5408,28866.51,749.0,Joint; Investment; Credit,21,9.01,False,35.07,Mortgage,True,True,0,Low,6,0,5,236-382-9533T,4514 0161T 9469 1700,CREDIT,TMG232811910@fake.live.com,0.13,0.3,26-35,White,60k-100k,1M-2M,0-500,8
64671,F,Toronto,ON,FEBBRARO ANNA,32,False,,Asian,78770.0,False,0.0,1816.0,True,False,4402,44247.54,631.0,Checking,19,13.78,False,28.09,Auto Loan,False,True,0,Low,5,0,6,905-902-7001T,4510 1344T 6646 6874,CREDIT,TpitifulTacos3FEAN@synth.yahoo.com,0.15,0.04,26-35,OTHER,60k-100k,0-200k,1k-2k,7
16499,F,Toronto,ON,MAXWELL SHIRLEY,38,False,,Asian,95306.0,True,1339038.0,0.0,True,False,3626,23479.04,721.0,Checking,13,21.99,False,28.79,Mortgage,False,True,0,Medium,2,0,5,705-796-6746T,5415 9012T 8449 1374,CREDIT,TMS2014145@non.gmail.com,0.15,0.08,36-45,OTHER,60k-100k,1M-2M,0-500,69
130497,F,Calgary,AB,CHEN NANCY,42,False,,White,92327.0,True,566805.0,0.0,True,False,3946,50747.38,698.0,Checking,5,12.57,False,22.3,Mortgage,False,True,0,Medium,2,0,6,368-721-7912T,4514 0131T 3802 9244,CREDIT,TCN8113034@test.cogeco.ca,0.14,0.13,36-45,White,60k-100k,500k-1M,0-500,8
12150,M,Toronto,ON,WATTIE DAVID,46,False,,Asian,75730.0,True,1358138.0,0.0,True,False,3919,51942.49,735.0,Investment; Checking; Credit,27,96.0,True,2586.27,Mortgage,True,False,8,High,4,0,5,742-528-1082T,4514 0182T 2260 3712,CREDIT,TWATTIEDAVID@rand.att.net,0.15,0.16,36-45,OTHER,60k-100k,1M-2M,0-500,40
22599,F,Toronto,ON,KIRALY ROZALIA,45,False,,White,78639.0,True,1391059.0,0.0,True,False,4056,102038.52,731.0,Investment; Checking,4,20.95,False,53.63,Mortgage,True,False,0,Medium,2,1,4,548-643-4791T,4510 1354T 7710 7349,CREDIT,TKR1874440@test.aol.com,0.15,0.05,36-45,White,60k-100k,1M-2M,0-500,42
34510,M,Toronto,ON,SMALL ARTHUR,29,False,,Latino,94526.0,True,1243911.0,0.0,True,True,3747,28558.85,846.0,Credit,7,62.0,True,2002.16,Personal Loan,True,False,6,High,3,0,5,905-960-8190T,4510 1596T 2427 5110,CREDIT,TSA394787@test.proton.com,0.15,0.17,26-35,OTHER,60k-100k,1M-2M,0-500,5
101013,M,Montreal,QC,BOUCHER CLAUDE,24,False,,Black,50121.0,False,0.0,739.0,True,False,2557,6785.73,454.0,Savings,4,89.0,True,1620.65,,False,True,3,High,4,6,1,819-878-1472T,4512 2316T 0620 8542,CREDIT,TBC30280@non.bla.com,0.18,0.24,18-25,OTHER,30k-60k,0-200k,500-1k,6
46765,F,Toronto,ON,BEAMISH PAM,45,False,,Asian,86323.0,True,1163799.0,0.0,True,False,3557,32177.21,714.0,Credit,16,56.0,True,2059.63,Mortgage,True,True,0,High,4,2,3,289-273-5491T,4514 0158T 5323 9998,CREDIT,TpluckyOatmeal0BEPA@non.comcast.net,0.15,0.14,36-45,OTHER,60k-100k,1M-2M,0-500,69
13427,F,Toronto,ON,LIZIUS JULIA,43,False,,Asian,88026.0,True,1142899.0,0.0,True,True,5401,37758.05,847.0,Checking,32,38.0,True,3023.24,Mortgage,True,False,0,High,3,3,3,343-345-8188T,4514 0158T 0077 2234,CREDIT,TsomberGnu6LIJU@test.outlook.com,0.15,0.14,36-45,OTHER,60k-100k,1M-2M,0-500,12
103347,M,Vancouver,BC,CUTHBERTSON JOHN,43,True,,Asian,79840.0,True,1396048.0,0.0,True,False,5292,43565.84,765.0,Credit,5,115.0,True,3012.64,Mortgage,True,True,0,High,4,3,3,604-915-5498T,4514 0160T 6191 4492,CREDIT,TCJ63965@test.jumo.com,0.13,0.33,36-45,OTHER,60k-100k,1M-2M,0-500,7
15700,F,Toronto,ON,HARDING JILL,31,True,,White,74088.0,True,1110531.0,0.0,True,False,3450,12472.61,691.0,Joint,17,0.06,False,30.43,Mortgage,True,False,0,Low,4,1,5,807-395-6027T,4514 0170T 6768 7224,CREDIT,TenragedClam2HAJI@synth.cogeco.ca,0.15,0.1,26-35,White,60k-100k,1M-2M,0-500,14
76728,M,Montreal,QC,COUTURE MAURICE,42,False,,White,77430.0,True,689176.0,0.0,True,False,3243,72281.11,730.0,Investment,4,72.0,True,2206.03,Mortgage,True,False,0,High,3,3,2,418-663-9203T,4510 1544T 1360 2671,CREDIT,TCM138776626@fake.att.net,0.18,0.17,36-45,White,60k-100k,500k-1M,0-500,28
175644,M,Hamilton,ON,PELLETIER DONALD,41,False,,White,116201.0,True,1310499.0,0.0,True,False,9683,43382.17,789.0,Investment,4,87.0,True,7635.28,Mortgage,True,True,0,High,3,2,3,289-603-1346T,4519 9223T 5443 3539,DEBIT,TPELLETIERDONALD@non.aol.com,0.15,0.11,36-45,White,100k-200k,1M-2M,0-500,5
10988,F,Toronto,ON,PETER RASMUSSEN,28,False,,Asian,81081.0,True,1131553.0,0.0,True,False,3619,28842.5,699.0,Credit,14,110.0,True,2396.65,Mortgage,False,False,0,High,5,0,7,683-490-6189T,4519 9227T 9495 1443,DEBIT,TPETER_RASMUSSEN86@rand.proton.com,0.15,0.06,26-35,OTHER,60k-100k,1M-2M,0-500,63
89566,M,Montreal,QC,BASTIEN VINCENT,33,False,,Black,82280.0,True,628299.0,0.0,True,False,2478,15805.2,652.0,Credit,6,77.0,True,1620.77,Mortgage,False,False,4,High,3,0,4,438-748-3940T,4519 9299T 1911 2104,DEBIT,TBAVIgoofyAntelope51955@synth.outlook.com,0.18,0.07,26-35,OTHER,60k-100k,500k-1M,0-500,20
116620,F,Vancouver,BC,FRESE INGE,42,False,,Black,82801.0,True,1030550.0,0.0,False,False,5084,30827.85,663.0,Checking; Investment,9,40.0,True,3735.11,Mortgage,False,False,0,High,4,4,2,672-740-4851T,4510 1527T 6228 9872,CREDIT,TFI1316432@fake.neo.com,0.13,0.39,36-45,OTHER,60k-100k,1M-2M,0-500,8
21504,F,Toronto,ON,BRAUN AGATHA,27,False,,Asian,68630.0,True,943327.0,0.0,True,False,3479,19340.23,666.0,Checking,12,99.0,True,2418.88,Mortgage,True,False,1,High,4,0,6,437-537-5718T,5415 9035T 0940 8495,CREDIT,TBRAUN_AGATHA85@rand.iCloud.com,0.15,0.15,26-35,OTHER,60k-100k,500k-1M,0-500,22
77335,F,Montreal,QC,BOUCHER ALEXANDRA,35,True,Hc0N9zup,White,69684.0,True,509407.0,0.0,True,False,3628,21733.07,701.0,Joint; Credit; Checking,15,6.53,False,83.47,Personal Loan,True,True,0,Low,5,0,7,468-766-6824T,4510 1635T 0837 8412,DEBIT,TsheepishPiglet3BOAL@synth.yahoo.com,0.18,0.14,26-35,White,60k-100k,500k-1M,0-500,8
29003,M,Toronto,ON,SHANE MARTIN,43,False,,White,97097.0,True,1232554.0,0.0,True,False,3754,27807.91,712.0,Investment,7,118.0,True,2945.69,Mortgage,True,False,0,High,5,2,4,807-209-9140T,4510 1613T 8289 4759,DEBIT,TSHMAgrizzledDunbird01972@rand.aol.com,0.15,0.06,36-45,White,60k-100k,1M-2M,0-500,31
121327,M,Vancouver,BC,MCASTOCKER CLAYTON,41,True,,Latino,81379.0,True,1484511.0,0.0,True,False,4349,19129.61,703.0,Investment,11,90.0,True,3465.69,Mortgage,True,True,0,High,4,3,1,236-440-9195T,5415 9034T 6754 6644,CREDIT,TMCASTOCKERCLAYTON@test.neo.com,0.13,0.43,36-45,OTHER,60k-100k,1M-2M,0-500,7
2444,M,Toronto,ON,BLAIR GEORGE,47,False,,White,93924.0,True,1156506.0,0.0,True,False,4728,72925.15,759.0,Credit,4,37.0,True,2807.66,Mortgage,True,False,0,High,5,5,1,753-193-8878T,4519 9271T 4472 5174,DEBIT,TBLAIRGEORGE@test.gmail.com,0.15,0.17,46-55,White,60k-100k,1M-2M,0-500,11
56589,M,Toronto,ON,ZBIB AHMAD,36,True,m38Bmo0P,Asian,81297.19,True,1351202.0,0.0,True,False,4345,45250.81,761.0,Checking,14,96.0,True,2862.75,Mortgage,False,False,0,High,2,1,4,226-205-4493T,4514 0113T 1270 2185,CREDIT,TZA1538@test.neo.com,0.15,0.04,26-35,OTHER,60k-100k,1M-2M,0-500,19
114691,M,Vancouver,BC,AYLING RICHARD,36,True,Bk5PQM7n,White,90127.0,True,1310208.0,0.0,True,False,5182,28378.17,723.0,Checking; Credit; Investment; Joint,7,19.02,False,89.24,Personal Loan,False,False,0,Low,4,1,3,604-123-1591T,5415 9074T 9310 7050,CREDIT,TAR639256@rand.comcast.net,0.13,0.15,26-35,White,60k-100k,1M-2M,0-500,8
91146,F,Montreal,QC,CLAVEAU MIREILLE,31,True,,Black,74945.0,True,639040.0,0.0,True,False,4378,13672.94,679.0,Credit,4,113.0,True,2860.09,Mortgage,False,True,0,High,4,3,5,819-466-2321T,4514 0190T 4853 2039,CREDIT,TdrearyWigeon8CLMI@synth.comcast.net,0.18,0.3,26-35,OTHER,60k-100k,500k-1M,0-500,7
102582,M,Montreal,QC,JUBINVILLE MARTIN,30,False,,White,76931.0,True,496818.0,0.0,True,False,3508,36374.21,671.0,Investment; Credit; Checking,9,9.03,False,13.57,Mortgage,True,False,3,Low,4,0,6,514-522-5636T,4510 1637T 1175 2985,DEBIT,TJM31435@fake.cogeco.ca,0.18,0.1,26-35,White,60k-100k,200k-500k,0-500,7
106800,M,Vancouver,BC,CALICDAN GARY,29,False,,White,99054.0,True,1050964.0,0.0,True,False,3551,29066.9,707.0,Checking,7,42.0,True,2571.44,Mortgage,True,False,3,High,4,5,1,672-890-9793T,4514 0172T 7320 1770,CREDIT,TCALICDANM81@synth.outlook.com,0.13,0.4,26-35,White,60k-100k,1M-2M,0-500,9
173394,F,Hamilton,ON,IRELAND IRENE,28,False,,White,86805.0,True,800764.0,0.0,True,False,3426,21734.22,686.0,Checking,4,36.0,True,2242.89,Mortgage,True,False,0,Medium,5,1,5,343-598-6909T,4510 1549T 5390 5477,CREDIT,TIRELAND_IRENE84@fake.iCloud.com,0.15,0.05,26-35,White,60k-100k,500k-1M,0-500,6
115569,M,Vancouver,BC,JOSEPH ANDERSON,49,False,,Asian,79426.0,True,1440555.0,0.0,True,False,3864,48241.72,735.0,Investment,2,103.0,True,2632.4,Mortgage,True,False,0,High,3,1,2,250-736-1775T,4510 1549T 3125 5290,CREDIT,TJA9521@rand.comcast.net,0.13,0.06,46-55,OTHER,60k-100k,1M-2M,0-500,5
11580,M,Toronto,ON,MACAULEY ANGUS,26,False,,White,78996.0,True,1200716.0,0.0,True,False,3065,14585.94,701.0,Investment,18,11.11,False,15.07,Personal Loan,True,False,0,Medium,2,4,1,289-862-8220T,5415 9018T 4271 5486,CREDIT,TMACAULEY_ANGUS93@non.zoho.com,0.15,0.41,18-25,White,60k-100k,1M-2M,0-500,10
143167,F,Ottawa,ON,JORDAN HICKMAN,34,True,CPlPTMMW,White,98113.97,True,733546.0,0.0,True,False,5141,23597.22,709.0,Investment,21,68.0,True,3072.79,Mortgage,True,False,0,Low,10,0,5,365-839-6350T,4510 1533T 7734 4751,CREDIT,TJH635245@synth.live.com,0.14,0.08,26-35,White,60k-100k,500k-1M,0-500,7
64862,F,Toronto,ON,STROMBERG MICHELLE,31,False,,Others,83632.0,True,920475.0,0.0,True,False,2905,25743.67,701.0,Investment; Credit,14,15.84,False,21.33,Mortgage,True,False,0,Medium,2,1,5,416-458-6063T,4512 2349T 2018 7791,CREDIT,TbubblyThrush3STMI@rand.comcast.net,0.15,0.08,26-35,OTHER,60k-100k,500k-1M,0-500,22
78206,F,Montreal,QC,CHAMPOUX PATRICIA,33,False,,White,63433.0,True,600878.0,0.0,True,False,3964,11391.78,628.0,Checking,17,7.43,False,50.68,Mortgage,False,True,2,Low,5,0,7,438-923-6922T,4519 9243T 2530 9593,DEBIT,TwingedRuffs8CHPA@rand.mail.com,0.18,0.06,26-35,White,60k-100k,500k-1M,0-500,28
6379,M,Toronto,ON,MONKS MATT,21,False,,Asian,23373.0,False,0.0,1018.0,False,False,1074,3533.55,433.0,Checking,13,7.05,False,10.21,Student Loan,False,False,1,Low,4,3,3,249-996-1612T,5415 9026T 9165 3298,CREDIT,TMONKS_MATT25@non.zoho.com,0.15,0.26,18-25,OTHER,0-30k,0-200k,1k-2k,6
9191,M,Toronto,ON,ELBAKRI MOHAMAD,45,False,,White,77635.0,True,1167382.0,0.0,True,False,4028,43994.35,707.0,Credit,19,16.91,False,33.93,Mortgage,False,False,0,Medium,2,1,3,905-155-7718T,4519 9212T 9178 8224,DEBIT,TEM58311@fake.yahoo.com,0.15,0.07,36-45,White,60k-100k,1M-2M,0-500,31
7423,M,Toronto,ON,SMITH DOUG,31,False,,White,72886.0,True,1108429.0,0.0,True,False,3648,25774.09,679.0,Investment; Checking; Credit,13,6.43,False,38.0,Mortgage,True,False,0,Low,6,1,4,519-598-3379T,4510 1684T 1382 1794,DEBIT,TSD6214@fake.aol.com,0.15,0.2,26-35,White,60k-100k,1M-2M,0-500,23
48258,F,Toronto,ON,CARSON-REES ROSEMARY,25,False,,Others,82781.0,True,954518.0,0.0,True,False,1748,10865.83,664.0,Checking,4,106.0,True,1152.71,,False,False,3,High,4,2,5,437-306-3231T,4514 0188T 6276 4966,CREDIT,TCARSON-REES_ROSEMARY21@non.outlook.com,0.15,0.12,18-25,OTHER,60k-100k,500k-1M,0-500,8
71977,F,Toronto,ON,FORGET CARMAN,45,True,,Asian,86970.0,True,1278810.0,0.0,True,False,5588,30262.71,756.0,Joint; Investment; Credit,13,12.09,False,60.28,Mortgage,True,True,8,Low,5,1,5,683-860-2686T,4512 2373T 4960 5407,CREDIT,TFC0833034@fake.att.net,0.15,0.12,36-45,OTHER,60k-100k,1M-2M,0-500,36
93461,M,Montreal,QC,GATTI VINCE,32,False,,Black,68606.0,True,635727.0,0.0,True,False,2980,11966.95,682.0,Checking,6,8.07,False,30.67,Mortgage,True,True,0,Low,5,1,5,819-138-3253T,4510 1364T 3757 7239,CREDIT,TGATTIVINCE@test.neo.com,0.18,0.22,26-35,OTHER,60k-100k,500k-1M,0-500,20
7721,M,Toronto,ON,ALEXANDRA MILLER,42,False,,White,71884.0,True,1363895.0,0.0,False,False,3843,71385.57,705.0,Checking,31,91.0,True,1968.93,Mortgage,True,False,0,High,3,0,5,365-214-9980T,4514 0139T 7696 1693,CREDIT,TAM795907@test.gmail.com,0.15,0.14,36-45,White,60k-100k,1M-2M,0-500,7
82195,M,Montreal,QC,BOUTIN SYLVAIN,28,False,,White,78514.0,True,524933.0,0.0,True,False,3784,14139.87,681.0,Credit,4,7.61,False,14.95,Mortgage,True,True,7,Low,5,1,4,263-648-2682T,4512 2395T 7149 9749,CREDIT,TBOUTINthrilledCheetah713@rand.icloud.com,0.18,0.41,26-35,White,60k-100k,500k-1M,0-500,30
211596,M,London,ON,OTERMANNS RAY,37,False,,White,83745.0,True,712501.0,0.0,True,False,4009,30621.05,685.0,Credit,23,11.58,False,15.91,,True,False,10,Low,5,1,3,905-867-5079T,4512 2318T 2312 2565,CREDIT,TOTRAanxiousKitten41970@synth.mail.com,0.17,0.13,36-45,White,60k-100k,500k-1M,0-500,5
46449,M,Toronto,ON,LEWIS NORMAN,34,False,,White,110824.0,True,1090860.0,0.0,True,False,9235,13667.66,694.0,Checking; Investment,4,15.09,False,16.98,,True,False,0,Medium,2,3,2,753-823-5932T,4514 0117T 6702 0316,CREDIT,TLN051923526@fake.cogeco.ca,0.15,0.41,26-35,White,100k-200k,1M-2M,0-500,16
7952,F,Toronto,ON,MULLER GILLIAN,38,True,,White,105471.0,True,1004479.0,0.0,True,False,8789,35073.6,767.0,Checking,4,15.32,False,31.15,Mortgage,True,False,0,Medium,2,0,7,753-568-6136T,4514 0171T 2208 3665,CREDIT,TMG1792@test.att.net,0.15,0.14,36-45,White,100k-200k,1M-2M,0-500,9
137160,M,Edmonton,AB,JULIE THOMAS,32,False,,White,71679.0,True,444634.0,0.0,True,False,3119,12450.67,641.0,Checking,10,8.94,False,12.26,Mortgage,True,False,0,Low,5,2,3,825-779-3748T,4510 1573T 6853 9291,CREDIT,TJULIETHOMAS@non.icloud.com,0.16,0.12,26-35,White,60k-100k,200k-500k,0-500,16
43964,F,Toronto,ON,PEWTER SUZIE,25,False,,Asian,80950.0,True,1100888.0,0.0,True,False,2206,31942.13,702.0,Credit,13,101.0,True,1290.51,Mortgage,True,False,12,High,3,1,4,437-377-3128T,4510 1342T 7491 8600,CREDIT,TPS31862852@non.cogeco.ca,0.15,0.11,18-25,OTHER,60k-100k,1M-2M,0-500,8
45640,F,Toronto,ON,CLEMMENS LORRIE,27,False,,White,67794.0,True,1132297.0,0.0,True,False,3296,4675.18,675.0,Credit; Checking,1,8.06,False,36.91,,False,False,5,Low,6,0,7,753-527-9619T,5415 9079T 3618 5918,CREDIT,TCLEMMENS_LORRIE61@synth.yahoo.com,0.15,0.22,26-35,White,60k-100k,1M-2M,0-500,37
172852,M,Hamilton,ON,CRICH LAWRENCE,37,False,,Asian,84407.0,True,864185.0,0.0,True,False,4709,25902.75,690.0,Credit; Checking; Investment,16,8.78,False,67.87,Mortgage,True,False,5,Low,6,0,4,343-990-3992T,4514 0179T 9019 1635,CREDIT,TCRLAbrainyBass11968@synth.jumo.com,0.15,0.27,36-45,OTHER,60k-100k,500k-1M,0-500,5
50428,M,Toronto,ON,HOPKINS PHIL,45,False,,White,82232.0,True,1026761.0,0.0,True,False,3753,60796.63,727.0,Checking,25,57.0,True,2372.85,Mortgage,True,False,0,High,3,4,1,753-291-2156T,4512 2321T 5984 0490,CREDIT,THOPKINSPHIL@synth.comcast.net,0.15,0.17,36-45,White,60k-100k,1M-2M,0-500,31
54915,F,Toronto,ON,BARWICK NICOLE,44,False,,Black,104201.0,True,1074802.0,0.0,True,False,8683,23376.57,721.0,Credit,15,102.0,True,4652.95,Mortgage,True,False,0,High,4,1,4,289-166-1403T,4512 2398T 8757 0879,CREDIT,TtroubledEggs1BANI@test.aol.com,0.15,0.14,36-45,OTHER,100k-200k,1M-2M,0-500,14
96872,F,Montreal,QC,JESSE GARCIA,42,False,,Black,68917.0,True,587492.0,0.0,True,False,4173,5594.61,648.0,Checking,4,85.0,True,2983.35,Mortgage,True,False,8,Medium,7,1,6,367-717-6790T,4510 1376T 1800 1485,CREDIT,TJG7185@fake.yahoo.com,0.18,0.31,36-45,OTHER,60k-100k,500k-1M,0-500,19
3394,F,Toronto,ON,GRABOWSKI MARGARET,44,False,,Latino,98303.0,False,0.0,1942.0,True,False,4510,84602.68,662.0,Checking,4,93.0,True,3430.77,Personal Loan,True,False,2,High,5,1,5,548-782-3081T,4512 2389T 7101 4131,CREDIT,TGM6922349@test.iCloud.com,0.15,0.12,36-45,OTHER,60k-100k,0-200k,1k-2k,7
34377,F,Toronto,ON,DUNIAM MARITZA,20,False,,White,14463.0,False,0.0,834.0,False,True,1121,11920.4,577.0,Checking,3,103.0,True,815.64,,False,False,0,High,4,2,5,249-732-2516T,4514 0135T 7645 3456,CREDIT,TDM26157369@test.mail.com,0.15,0.12,18-25,White,0-30k,0-200k,500-1k,5
76081,F,Montreal,QC,KEATON STEPHANIE,37,False,,White,78474.0,True,648864.0,0.0,True,False,4312,31735.35,697.0,Checking,13,16.8,False,19.81,Personal Loan,True,False,0,Low,4,1,5,450-852-1819T,5415 9063T 4791 8981,CREDIT,TenviousSheep8KEST@synth.icloud.com,0.18,0.06,36-45,White,60k-100k,500k-1M,0-500,21
74707,F,Montreal,QC,DENOMMEE JEANNINE,37,True,A30k11nr,White,74746.0,True,643591.0,0.0,True,False,4065,38987.15,720.0,Checking,18,31.0,True,2558.61,,False,False,0,High,4,2,2,354-536-3044T,5415 9056T 8957 9082,CREDIT,TguiltyChough3DEJE@fake.icloud.com,0.18,0.1,36-45,White,60k-100k,500k-1M,0-500,9
64696,M,Toronto,ON,VISSERS BERT,37,False,,White,67474.0,True,1106074.0,0.0,False,False,4366,20247.0,672.0,Credit,21,11.21,False,34.89,Mortgage,False,False,10,Medium,2,0,5,437-798-8772T,4512 2342T 2693 5964,CREDIT,TVB11876@non.mail.com,0.15,0.06,36-45,White,60k-100k,1M-2M,0-500,7
7459,M,Toronto,ON,OUELLETTE CHAS,49,True,,White,86025.0,True,1218518.0,0.0,True,False,4111,90210.24,804.0,Investment,4,18.59,False,28.28,Mortgage,False,True,0,Medium,2,0,5,705-832-3089T,4514 0188T 8425 7987,CREDIT,TOC830969@non.icloud.com,0.15,0.12,46-55,White,60k-100k,1M-2M,0-500,9
110992,M,Vancouver,BC,BROWN RAPP,46,True,WosWz0aC,Asian,107916.94,True,1197278.0,0.0,True,False,8993,14201.5,767.0,Joint,18,111.0,True,6644.51,Personal Loan,True,False,1,High,5,1,5,250-808-8531T,5415 9061T 9942 2396,CREDIT,TBROWNRAPP@fake.netZero.com,0.13,0.04,36-45,OTHER,100k-200k,1M-2M,0-500,5
70421,F,Toronto,ON,MILNE LISA,34,False,,Asian,67949.0,False,0.0,1538.0,True,False,2999,14579.05,594.0,Checking,4,52.0,True,1701.93,,False,False,5,High,3,1,5,416-693-2001T,4512 2349T 8562 9169,CREDIT,TML3089850@non.neo.com,0.15,0.09,26-35,OTHER,60k-100k,0-200k,1k-2k,7
64066,M,Toronto,ON,LETTS ANDREW,27,False,,White,100678.0,True,1826109.0,0.0,True,False,2948,20055.17,721.0,Investment,16,83.0,True,1782.24,Mortgage,True,True,0,High,4,2,4,647-365-5775T,5415 9088T 8478 3987,CREDIT,TLETTS_ANDREW50@non.zoho.com,0.15,0.09,26-35,White,100k-200k,1M-2M,0-500,16
38400,F,Toronto,ON,ELLIS LAURIE,32,True,OrJyqnDB,Asian,105918.89,True,1235285.0,0.0,True,False,8827,41158.32,789.0,Investment,15,60.0,True,4603.01,Mortgage,False,False,0,High,3,0,5,683-905-2994T,4519 9291T 6046 0406,DEBIT,TboredMackerel6ELLA@test.comcast.net,0.15,0.12,26-35,OTHER,100k-200k,1M-2M,0-500,5
28946,F,Toronto,ON,WILSON NATASHA,41,True,,White,88624.0,True,1379324.0,0.0,True,False,4153,37010.21,741.0,Credit,18,105.0,True,3179.81,Mortgage,False,True,0,High,3,0,5,343-945-2918T,4512 2372T 8321 6303,CREDIT,TzestyMackerel4WINA@synth.zoho.com,0.15,0.1,36-45,White,60k-100k,1M-2M,0-500,25
136220,F,Edmonton,AB,SUITOR NICOLE,42,False,,Asian,83507.0,True,472914.0,0.0,True,False,4705,26479.83,672.0,Checking,14,101.0,True,2565.88,Mortgage,True,False,0,High,5,3,2,587-972-3621T,4519 9218T 6654 9739,DEBIT,TSN03673834@non.zoho.com,0.16,0.27,36-45,OTHER,60k-100k,200k-500k,0-500,5
77555,F,Montreal,QC,MARIEN VALERIE,34,True,,White,64439.0,True,552323.0,0.0,True,False,3183,11118.1,648.0,Joint,24,75.0,True,1614.03,Mortgage,False,False,0,High,4,0,7,450-698-9325T,4514 0157T 6559 4538,CREDIT,TgrudgingHeron1MAVA@fake.icloud.com,0.18,0.07,26-35,White,60k-100k,500k-1M,0-500,8
28325,F,Toronto,ON,MARTIN PAULINE,38,False,,Asian,135245.0,True,1195424.0,0.0,True,False,9405,17514.05,748.0,Investment,21,12.01,False,41.97,Mortgage,True,True,4,Medium,2,2,4,519-640-5683T,4510 1663T 1191 6700,DEBIT,TashamedVenison1MAPA@synth.live.com,0.15,0.05,36-45,OTHER,100k-200k,1M-2M,0-500,14
50792,F,Toronto,ON,LAEHNEMANN TERI,35,False,,Asian,95261.0,True,1069289.0,0.0,True,False,4013,51848.03,731.0,Investment; Checking; Credit,17,10.02,False,15.66,Mortgage,False,False,0,Medium,2,0,5,647-640-5631T,4510 1662T 1746 7333,DEBIT,TshyEland4LATE@test.iCloud.com,0.15,0.06,26-35,OTHER,60k-100k,1M-2M,0-500,63
68270,F,Toronto,ON,PETERSEN LISA,36,False,,White,62660.0,True,1002818.0,0.0,True,True,3485,9027.64,811.0,Checking; Credit,4,0.38,False,37.9,Mortgage,False,True,9,Low,5,0,7,365-274-7212T,4510 1647T 3684 0894,DEBIT,TPL820447@test.comcast.net,0.15,0.12,26-35,White,60k-100k,1M-2M,0-500,8
75570,M,Montreal,QC,VEILLEUX DEFELICE,49,True,y3L3aWvQ,White,86176.28,True,647255.0,0.0,True,False,5383,63778.48,777.0,Investment,33,89.0,True,3727.23,Mortgage,True,False,0,Medium,6,0,7,819-372-2076T,4514 0153T 7066 4546,CREDIT,TVEILLEUXDEFELICE@rand.hotmail.com,0.18,0.07,46-55,White,60k-100k,500k-1M,0-500,6
10065,M,Toronto,ON,WALTERS HOWARD,28,False,,White,108599.0,True,1328130.0,0.0,True,False,3204,17901.49,719.0,Checking,9,75.0,True,2205.09,,False,False,9,High,4,2,4,613-209-4672T,5415 9097T 7839 2862,CREDIT,TWALTERS_HOWARD21@synth.hotmail.com,0.15,0.12,26-35,White,100k-200k,1M-2M,0-500,16
22232,M,Toronto,ON,JACQUES NORMAN,38,True,yPIVbWKr,Asian,96799.92,True,1008244.0,0.0,True,False,5720,29694.25,766.0,Credit,8,11.22,False,33.14,Mortgage,False,False,0,High,1,1,6,753-129-7511T,4512 2338T 3363 9446,CREDIT,TJN91528620@rand.gmail.com,0.15,0.12,36-45,OTHER,60k-100k,1M-2M,0-500,26
75251,M,Montreal,QC,BENOIT DAVID,23,False,,White,30567.0,False,0.0,539.0,False,False,1619,7130.16,426.0,Checking,13,11.37,False,10.86,,False,True,0,Medium,2,2,4,367-429-3098T,4519 9227T 3088 4637,DEBIT,TBD9858@test.att.net,0.18,0.11,18-25,White,30k-60k,0-200k,500-1k,8
146000,M,Ottawa,ON,MARY FORBES,29,False,,White,96317.0,True,789593.0,0.0,True,False,4235,47450.13,735.0,Checking; Investment,12,9.59,False,35.27,Mortgage,True,False,0,Low,4,0,5,742-479-7678T,5415 9081T 2797 4461,CREDIT,TMARY_FORBES21@fake.mail.com,0.14,0.14,26-35,White,60k-100k,500k-1M,0-500,7
112727,M,Vancouver,BC,YEE PETER,31,True,,Asian,93424.0,True,1320559.0,0.0,True,False,6222,15690.04,733.0,Joint,15,8.7,False,18.35,,True,False,11,Low,6,2,3,250-726-9898T,4512 2316T 5518 8387,CREDIT,TYP6604791609@fake.iCloud.com,0.13,0.33,26-35,OTHER,60k-100k,1M-2M,0-500,7
44368,F,Toronto,ON,DEVOY EDNA,22,False,,White,19887.0,False,0.0,935.0,False,False,1051,3462.37,424.0,Checking,9,12.74,False,21.35,Student Loan,False,True,0,Medium,2,2,4,753-174-1295T,4510 1325T 9521 2402,CREDIT,TDE81475@test.iCloud.com,0.15,0.09,18-25,White,0-30k,0-200k,500-1k,10
190419,F,Brampton,ON,TURNER BETTY,37,True,,Asian,114836.0,True,1292871.0,0.0,True,False,9570,14455.64,781.0,Investment,4,116.0,True,7577.76,Mortgage,True,True,2,High,5,0,6,905-143-4973T,4510 1341T 7661 2155,CREDIT,TselfishZebra0TUBE@synth.comcast.net,0.17,0.07,36-45,OTHER,100k-200k,1M-2M,0-500,8
26465,F,Toronto,ON,HANCOCK WENDY,26,False,,White,90016.0,False,0.0,1640.0,True,False,4576,36434.39,644.0,Credit; Checking; Investment,14,61.0,True,2506.0,,False,False,1,High,4,3,2,226-304-7883T,5415 9010T 7855 8983,CREDIT,THW112756@non.live.com,0.15,0.09,18-25,White,60k-100k,0-200k,1k-2k,9
29218,F,Toronto,ON,GRANT BETHANY,20,False,,Latino,13597.0,False,0.0,872.0,False,True,985,5732.21,574.0,Checking,11,69.0,True,738.99,,False,False,0,High,4,0,8,437-103-9053T,4514 0187T 7650 2345,CREDIT,TGRANT_BETHANY2@test.jumo.com,0.15,0.11,18-25,OTHER,0-30k,0-200k,500-1k,6
102820,M,Montreal,QC,LABELLE ANDRE,34,False,,White,84395.0,True,639861.0,0.0,True,False,3768,24165.72,693.0,Credit,4,91.0,True,2336.21,Mortgage,True,True,0,High,4,3,3,579-931-4135T,4510 1637T 6911 5957,DEBIT,TLABELLEANDRE@rand.jumo.com,0.18,0.34,26-35,White,60k-100k,500k-1M,0-500,30
27061,F,Toronto,ON,GOBBO FANNY,27,False,,White,75980.0,True,1106404.0,0.0,False,False,3493,39209.21,679.0,Investment; Checking; Credit,6,68.0,True,2443.57,,False,False,0,High,3,1,4,365-622-1019T,4510 1395T 5447 4985,CREDIT,TGF8949@rand.jumo.com,0.15,0.11,26-35,White,60k-100k,1M-2M,0-500,9
13508,M,Toronto,ON,OVERY JARROD,44,False,,White,98451.0,True,1165680.0,0.0,True,False,5764,100194.64,756.0,Investment,7,9.69,False,27.16,Personal Loan,True,False,6,Low,5,3,1,365-695-7119T,4512 2340T 2051 6063,CREDIT,TOJ391929585@rand.hotmail.com,0.15,0.28,36-45,White,60k-100k,1M-2M,0-500,31
169898,F,Hamilton,ON,INNERD JANE,39,False,,White,88065.0,True,901025.0,0.0,True,False,4328,39321.04,736.0,Investment; Credit; Checking,15,100.0,True,2197.32,Mortgage,True,False,3,High,5,2,6,647-324-3057T,4519 9293T 8884 7842,DEBIT,TIJ18275@non.iCloud.com,0.15,0.11,36-45,White,60k-100k,500k-1M,0-500,8
1308,M,Toronto,ON,ROUSSON CORY,46,False,,White,72890.0,True,1197904.0,0.0,True,False,3569,60565.48,731.0,Investment; Checking,27,118.0,True,2793.05,Mortgage,False,True,5,High,4,2,3,416-935-7963T,4514 0127T 1579 7233,CREDIT,TROUSSONCORY@rand.icloud.com,0.15,0.08,36-45,White,60k-100k,1M-2M,0-500,31
27355,F,Toronto,ON,ALLIET MARIE,47,True,,White,81786.0,True,1134819.0,0.0,True,False,5515,31045.44,738.0,Investment,33,73.0,True,3999.39,Mortgage,False,False,0,High,4,3,5,683-506-2451T,4510 1343T 5905 8592,CREDIT,TyearningGatorade7ALMA@non.neo.com,0.15,0.08,46-55,White,60k-100k,1M-2M,0-500,10
46088,F,Toronto,ON,GAUTHIER SIMONE,34,False,,Asian,76480.0,True,1176117.0,0.0,True,False,3388,45478.89,735.0,Checking,19,41.0,True,2105.9,Mortgage,False,True,4,High,4,0,5,416-523-1560T,4512 2349T 6352 1569,CREDIT,TGS402262873@non.zoho.com,0.15,0.14,26-35,OTHER,60k-100k,1M-2M,0-500,63
11424,F,Toronto,ON,VANSANTEN MARLENE,44,True,,Latino,91242.0,True,1368625.0,0.0,True,False,5735,63174.47,774.0,Credit,18,61.0,True,3900.26,,True,False,0,High,4,3,3,807-449-2575T,5415 9020T 9876 6197,CREDIT,TVM1723@synth.live.com,0.15,0.22,36-45,OTHER,60k-100k,1M-2M,0-500,36
89454,F,Montreal,QC,PANNETON ROXANNE,40,False,,White,63767.0,True,553814.0,0.0,False,False,3907,9004.73,609.0,Checking,2,8.4,False,52.86,,True,True,0,Low,5,0,8,450-741-5673T,4510 1567T 5786 5131,CREDIT,TcautiousWigeon1PARO@fake.comcast.net,0.18,0.07,36-45,White,60k-100k,500k-1M,0-500,6
171898,F,Hamilton,ON,MANN SUSAN,45,True,0N49H5GA,White,85125.0,True,872197.0,0.0,True,False,5317,69046.65,776.0,Investment,23,95.0,True,3369.25,Mortgage,False,False,1,High,4,0,6,905-859-9302T,4514 0169T 4385 5223,CREDIT,TamazedCrackers2MASU@rand.comcast.net,0.15,0.1,36-45,White,60k-100k,500k-1M,0-500,7
55578,F,Toronto,ON,THORN CAROL,36,False,,Black,77716.0,True,945486.0,0.0,True,False,4702,306.21,649.0,Investment,4,33.0,True,2436.46,Mortgage,True,False,10,High,5,0,7,416-880-4289T,5415 9091T 8075 7513,CREDIT,TdreadfulGelding6THCA@test.icloud.com,0.15,0.14,26-35,OTHER,60k-100k,500k-1M,0-500,22
92685,F,Montreal,QC,CLOUTIER MICHELLE,41,False,,White,77060.0,True,809509.0,0.0,True,False,5121,22381.46,684.0,Investment,15,83.0,True,3983.1,Mortgage,False,False,10,High,3,1,4,450-853-9951T,5415 9099T 8945 2570,CREDIT,TCM3339794805@fake.mail.com,0.18,0.16,36-45,White,60k-100k,500k-1M,0-500,21
120711,M,Vancouver,BC,GRAITSON PAUL,38,True,,Asian,101355.0,True,1152531.0,0.0,True,False,8446,16724.34,721.0,Credit,2,47.0,True,4581.9,Mortgage,True,False,2,High,5,1,4,778-880-5627T,5415 9099T 7364 0328,CREDIT,TGP655404938@non.cogeco.ca,0.13,0.1,36-45,OTHER,100k-200k,1M-2M,0-500,5
55930,F,Toronto,ON,AVERY NANCY,39,False,,Asian,88525.0,True,1065580.0,0.0,True,False,4410,10756.09,692.0,Credit,16,11.95,False,12.41,,True,False,3,Low,6,2,3,416-256-2228T,4519 9211T 3528 8012,DEBIT,TAN1562@fake.neo.com,0.15,0.27,36-45,OTHER,60k-100k,1M-2M,0-500,69
118534,F,Vancouver,BC,FOOT MAGGIE,43,True,kKzgT04z,White,79638.0,True,1219873.0,0.0,True,False,5040,24614.68,747.0,Joint,15,11.95,False,49.11,Mortgage,True,False,0,Medium,2,2,5,672-614-5387T,4510 1671T 4450 3152,DEBIT,TlovesickRuffs7FOMA@rand.jumo.com,0.13,0.06,36-45,White,60k-100k,1M-2M,0-500,9
60625,M,Toronto,ON,TONG JEFF,41,False,,White,75757.0,True,1332569.0,0.0,False,False,3816,49192.51,685.0,Credit,13,110.0,True,2970.01,Mortgage,True,True,0,High,4,1,5,365-426-4114T,4510 1658T 3069 6868,DEBIT,TTONGJEFF@synth.cogeco.ca,0.15,0.1,36-45,White,60k-100k,1M-2M,0-500,7
26181,M,Toronto,ON,RIPLEY WM,26,False,,White,88609.0,True,927442.0,0.0,True,False,4301,15524.95,690.0,Investment,15,11.26,False,14.78,Mortgage,False,False,0,Medium,2,3,1,249-772-5649T,4512 2394T 2195 8519,CREDIT,TRW6631605886@fake.bla.com,0.15,0.35,18-25,White,60k-100k,500k-1M,0-500,7
91466,F,Montreal,QC,LAFORCE DIANE,44,False,,Asian,74757.0,True,642888.0,0.0,True,False,3584,82199.77,697.0,Checking,4,14.5,False,28.85,Mortgage,True,False,4,Medium,2,0,6,581-830-6625T,4512 2355T 8290 3396,CREDIT,TLD288652512@test.aol.com,0.18,0.14,36-45,OTHER,60k-100k,500k-1M,0-500,19
79898,M,Montreal,QC,BERGERON ALAIN,39,False,,Asian,74052.0,True,579007.0,0.0,True,False,4726,67001.17,690.0,Checking; Credit,28,14.39,False,39.67,Mortgage,True,False,0,Medium,2,2,3,418-712-1555T,4512 2353T 5633 0253,CREDIT,TBA839513@rand.live.com,0.18,0.09,36-45,OTHER,60k-100k,500k-1M,0-500,18
60730,M,Toronto,ON,DESCHAMBAULT MARCEL,39,False,,Asian,80762.0,True,1029541.0,0.0,True,False,3838,40125.85,722.0,Credit; Checking; Investment,29,37.0,True,2480.88,Mortgage,False,False,0,High,4,3,2,742-444-6097T,4512 2397T 9286 2249,CREDIT,TDM401328090@synth.jumo.com,0.15,0.1,36-45,OTHER,60k-100k,1M-2M,0-500,40
136880,M,Edmonton,AB,SINGER HOWARD,44,False,,White,110770.0,True,562653.0,0.0,True,False,9231,15787.98,680.0,Credit,27,10.79,False,84.2,Mortgage,True,False,8,Medium,2,4,1,780-590-8427T,4514 0168T 1568 1367,CREDIT,TSH5642109@rand.live.com,0.16,0.5,36-45,White,100k-200k,500k-1M,0-500,6
20291,M,Toronto,ON,TRESZL FRANK,24,False,,Others,79004.0,False,0.0,1444.0,True,True,2158,28396.03,660.0,Savings,10,22.25,False,5.97,Student Loan,False,False,0,Medium,2,3,1,683-899-7682T,5415 9011T 5811 9854,CREDIT,TTRESZL_FRANK20@test.icloud.com,0.15,0.26,18-25,OTHER,60k-100k,0-200k,1k-2k,6
75585,F,Montreal,QC,WIRCHNIANSKYI KAREN,40,False,,Black,69910.0,True,628348.0,0.0,True,False,3555,17671.98,650.0,Checking; Credit,28,10.97,False,60.74,Mortgage,True,True,12,Medium,2,0,8,418-227-1251T,4510 1386T 6662 7037,CREDIT,TWK5772895045@non.proton.com,0.18,0.09,36-45,OTHER,60k-100k,500k-1M,0-500,19
35816,M,Toronto,ON,BENJAMIN SMITH,41,True,ZRlAqi8Z,White,88026.0,True,1262354.0,0.0,True,False,5387,71535.06,770.0,Credit,11,11.69,False,42.13,Mortgage,False,False,0,Medium,2,2,2,548-338-8220T,4519 9267T 5638 5316,DEBIT,TBS19883636@synth.hotmail.com,0.15,0.09,36-45,White,60k-100k,1M-2M,0-500,21
36606,M,Toronto,ON,JUDITH WEBSTER,29,False,,Asian,110164.0,True,1214707.0,0.0,True,False,3505,27914.51,722.0,Credit,13,15.03,False,49.77,Mortgage,False,True,0,Medium,2,0,6,742-943-2869T,4514 0158T 4087 8011,CREDIT,TJUDITH_WEBSTER95@synth.gmail.com,0.15,0.08,26-35,OTHER,100k-200k,1M-2M,0-500,21
62306,F,Toronto,ON,SOROKOPAS PAULINE,23,False,,Asian,25983.0,False,0.0,1122.0,False,False,1520,7741.75,445.0,Savings,12,9.28,False,17.21,,False,True,0,Low,5,1,5,416-176-4244T,4519 9269T 0119 1189,DEBIT,TSP247933@fake.comcast.net,0.15,0.1,18-25,OTHER,0-30k,0-200k,1k-2k,11
63239,F,Toronto,ON,TATASCIORE DENYSE,21,False,,Asian,12900.0,False,0.0,1154.0,False,False,848,7421.74,418.0,Checking; Savings,12,9.58,False,12.8,Student Loan,False,False,0,Low,5,1,5,249-596-5111T,4514 0144T 5646 0784,CREDIT,TTD3918142475@rand.live.com,0.15,0.13,18-25,OTHER,0-30k,0-200k,1k-2k,11
154353,F,Ottawa,ON,HEPWORTH TERESA,33,False,,White,86582.0,True,847242.0,0.0,True,False,3020,52660.13,729.0,Investment; Checking; Credit,17,60.0,True,2411.62,Mortgage,False,False,1,High,4,2,6,807-312-4402T,4512 2358T 3000 1747,CREDIT,THT2938282536@test.outlook.com,0.14,0.08,26-35,White,60k-100k,500k-1M,0-500,18
38043,M,Toronto,ON,WEBB ROBERT,28,False,,Asian,65311.0,True,876621.0,0.0,True,False,2742,4141.49,667.0,Checking; Credit,14,9.39,False,19.42,Mortgage,False,False,4,Low,4,0,6,705-301-9506T,5415 9062T 3699 8161,CREDIT,TWEBB_ROBERT74@synth.aol.com,0.15,0.09,26-35,OTHER,60k-100k,500k-1M,0-500,19
135275,M,Edmonton,AB,BOROWSKI RICHARD,27,False,,White,82243.0,True,485344.0,0.0,True,False,2820,12324.56,672.0,Checking,4,6.16,False,8.78,Mortgage,False,True,5,Low,4,1,4,368-410-8930T,4510 1624T 0228 7610,DEBIT,TBOROWSKI_RICHARD1@synth.bla.com,0.16,0.14,26-35,White,60k-100k,200k-500k,0-500,16
46025,F,Toronto,ON,CHECHALK JOANN,28,True,,White,80788.0,True,1052075.0,0.0,True,False,3964,18393.9,737.0,Checking; Investment; Joint; Credit,6,9.85,False,31.93,Personal Loan,True,False,0,Low,5,1,4,226-662-7693T,4510 1659T 4182 7100,DEBIT,TCHECHALK_JOANN7@non.yahoo.com,0.15,0.14,26-35,White,60k-100k,1M-2M,0-500,14
161754,F,Winnipeg,MB,BAERG MARGARET,39,False,,White,68979.0,True,375282.0,0.0,True,False,3231,8800.5,654.0,Credit,27,49.0,True,2365.53,Mortgage,True,False,0,Medium,6,0,8,584-343-5511T,4510 1396T 1976 1504,CREDIT,TyearningOrange4BAMA@non.proton.com,0.18,0.07,36-45,White,60k-100k,200k-500k,0-500,8
35780,F,Toronto,ON,MACKNESS JANET,49,False,,Asian,80495.0,True,1208582.0,0.0,True,False,4838,56398.1,763.0,Investment; Credit,7,13.01,False,26.15,Mortgage,True,False,4,Medium,2,1,5,548-699-1981T,5415 9054T 5005 3513,CREDIT,TMJ70581@non.netZero.com,0.15,0.07,46-55,OTHER,60k-100k,1M-2M,0-500,23
15741,F,Toronto,ON,BRADLEY NANCY,22,False,,White,22615.0,False,0.0,732.0,False,True,1304,3690.16,560.0,Checking,1,0.8,False,50.96,,False,True,0,Low,5,3,2,683-704-8394T,4512 2377T 8312 5763,CREDIT,TBN2289850@synth.mail.com,0.15,0.5,18-25,White,0-30k,0-200k,500-1k,5
95282,M,Montreal,QC,PICARD DOMINIC,42,True,,Black,75789.0,True,634735.0,0.0,True,False,4748,10212.82,692.0,Joint,19,90.0,True,3406.33,Mortgage,False,False,3,High,3,1,3,819-108-6546T,4519 9298T 9450 7855,DEBIT,TPIDOannoyedTomatoe31954@fake.zoho.com,0.18,0.06,36-45,OTHER,60k-100k,500k-1M,0-500,17
3524,F,Toronto,ON,EMMONS DONNA,47,False,,Asian,88046.0,True,1078539.0,0.0,True,False,4456,26017.16,749.0,Credit,12,86.0,True,2923.29,Mortgage,True,False,1,High,4,4,1,365-272-8830T,4510 1381T 2272 3803,CREDIT,TwrathfulMallard7EMDO@rand.yahoo.com,0.15,0.12,46-55,OTHER,60k-100k,1M-2M,0-500,23
121045,F,Vancouver,BC,BIRSE DENISE,27,True,,Asian,71515.0,True,1146970.0,0.0,True,False,3712,7132.37,721.0,Investment,5,7.49,False,16.21,Auto Loan,False,True,0,Low,5,1,4,672-271-8222T,4510 1350T 8049 3143,CREDIT,TBIRSE_DENISE10@non.iCloud.com,0.13,0.09,26-35,OTHER,60k-100k,1M-2M,0-500,8
82773,F,Montreal,QC,BOISVERT CLAUDIA,40,False,,White,72487.0,True,577135.0,0.0,True,True,3565,57117.21,850.0,Investment; Credit; Checking,10,14.94,False,41.24,Mortgage,False,False,0,Medium,2,1,6,581-892-6024T,5415 9052T 5186 4209,CREDIT,TBC9038365657@rand.proton.com,0.18,0.08,36-45,White,60k-100k,500k-1M,0-500,7
85916,F,Montreal,QC,ESSIAMBRE TAMMY,40,False,,White,77920.0,True,600593.0,0.0,True,False,4701,21066.67,678.0,Investment,9,116.0,True,3751.76,Mortgage,False,False,1,High,4,1,4,468-558-1383T,4512 2311T 7708 6096,CREDIT,TET0694@synth.att.net,0.18,0.11,36-45,White,60k-100k,500k-1M,0-500,21
79082,M,Montreal,QC,SAUVAGEAU HEBERT,37,False,,Black,88669.0,True,557912.0,0.0,True,False,5067,30109.61,668.0,Investment,19,62.0,True,4034.55,Mortgage,True,False,0,High,4,5,1,418-858-1558T,4510 1315T 2443 5446,CREDIT,TSAHEbrainyTermite91963@test.aol.com,0.18,0.39,36-45,OTHER,60k-100k,500k-1M,0-500,18
32757,M,Toronto,ON,GROENDYK NATHANIEL,40,False,,Asian,83916.0,True,1109033.0,0.0,True,False,4137,25596.5,717.0,Checking; Credit,18,41.0,True,2957.38,Mortgage,False,False,0,Medium,5,1,4,437-783-5790T,4510 1631T 3082 3713,DEBIT,TGN233106@non.icloud.com,0.15,0.05,36-45,OTHER,60k-100k,1M-2M,0-500,40
156323,F,Winnipeg,MB,DECORBY EVELYN,32,False,,White,67005.0,True,347196.0,0.0,True,False,3167,5290.81,631.0,Credit; Checking,19,119.0,True,2268.81,Mortgage,True,True,7,High,4,1,7,431-680-2961T,4514 0114T 9166 2545,CREDIT,TDE44739723@synth.att.net,0.18,0.17,26-35,White,60k-100k,200k-500k,0-500,5
68406,M,Toronto,ON,SEIDMAN DAVID,37,False,,Latino,113912.0,True,1291459.0,0.0,True,False,9493,6722.82,732.0,Investment,4,15.95,False,54.12,Mortgage,False,False,11,Medium,2,0,4,249-404-3948T,4510 1349T 2019 6124,CREDIT,TSD28970@test.cogeco.ca,0.15,0.09,36-45,OTHER,100k-200k,1M-2M,0-500,29
47441,M,Toronto,ON,LEMESURIER PAUL,35,False,,Asian,71047.0,True,1135973.0,0.0,True,False,3535,41765.27,683.0,Checking,25,96.0,True,1798.69,Mortgage,True,False,0,High,4,0,4,705-916-5211T,4510 1642T 8030 0261,DEBIT,TLP6334@test.neo.com,0.15,0.07,26-35,OTHER,60k-100k,1M-2M,0-500,39
105969,F,Vancouver,BC,SCHWARTZ DOROTHY,44,False,,Asian,97446.0,True,1388000.0,0.0,True,False,4450,40819.97,728.0,Investment; Checking,30,120.0,True,2281.89,Mortgage,False,False,0,High,4,0,7,250-512-6742T,4510 1388T 3557 9291,CREDIT,TjealousCoati5SCDO@synth.hotmail.com,0.13,0.11,36-45,OTHER,60k-100k,1M-2M,0-500,17
50006,F,Toronto,ON,CACERES DORIS,41,False,,Asian,60462.0,True,1161723.0,0.0,False,False,3759,10475.66,616.0,Credit,20,77.0,True,2581.4,Mortgage,True,False,0,High,3,1,5,647-592-1699T,4519 9259T 4634 9038,DEBIT,TCD854510@fake.yahoo.com,0.15,0.13,36-45,OTHER,60k-100k,1M-2M,0-500,23
204363,M,Halifax,NS,BRYSON ANDREW,28,False,,White,98226.0,True,424932.0,0.0,True,False,4267,24057.29,696.0,Credit; Investment; Checking,3,49.0,True,2276.04,Mortgage,True,True,0,High,4,6,1,902-193-5387T,4514 0133T 6193 1936,CREDIT,TBA83383@rand.att.net,0.14,0.48,26-35,White,60k-100k,200k-500k,0-500,5
69640,M,Toronto,ON,BRUCE DOUGLAS,33,False,,Asian,88942.0,True,1262421.0,0.0,True,False,3423,30887.48,712.0,Credit,7,52.0,True,2349.67,Mortgage,False,True,0,High,4,2,3,613-462-8075T,4510 1537T 8046 5158,CREDIT,TBRUCEDOUGLAS@synth.live.com,0.15,0.11,26-35,OTHER,60k-100k,1M-2M,0-500,39
64879,F,Toronto,ON,TAGGART LYNDA,48,False,,Asian,90041.0,True,1205382.0,0.0,True,False,3909,83891.42,741.0,Credit,16,11.22,False,39.07,Mortgage,True,False,4,Medium,2,0,6,416-326-7535T,5415 9070T 6463 6719,CREDIT,TTL81482080@test.iCloud.com,0.15,0.13,46-55,OTHER,60k-100k,1M-2M,0-500,23
13132,M,Toronto,ON,AFZAL MOHAMMAD,27,False,,Asian,84991.0,True,1155874.0,0.0,True,True,3681,11495.86,843.0,Checking,10,84.0,True,2309.86,Mortgage,True,False,0,High,4,2,2,613-209-2975T,4512 2333T 3961 2474,CREDIT,TAFZAL_MOHAMMAD79@non.zoho.com,0.15,0.08,26-35,OTHER,60k-100k,1M-2M,0-500,5
78610,M,Montreal,QC,BRODEUR DANNY,34,False,,Others,96006.0,True,752928.0,0.0,False,False,4541,36969.73,676.0,Credit,4,101.0,True,2403.91,Mortgage,False,False,0,High,5,3,1,581-680-4428T,5415 9058T 8772 4696,CREDIT,TBD851685@rand.comcast.net,0.18,0.17,26-35,OTHER,60k-100k,500k-1M,0-500,7
80467,F,Montreal,QC,DECHENE ANGELA,46,False,,Others,75544.0,True,630410.0,0.0,True,True,4400,34775.71,850.0,Investment,4,20.75,False,46.21,Mortgage,True,False,6,Low,4,1,6,263-665-8395T,4512 2349T 4785 9273,CREDIT,TholisticLeopard6DEAN@rand.hotmail.com,0.18,0.13,36-45,OTHER,60k-100k,500k-1M,0-500,5
33075,M,Toronto,ON,ROSE CHARLES,36,False,,White,113498.0,True,1116771.0,0.0,False,False,8018,17238.02,688.0,Checking,4,97.0,True,6110.62,Mortgage,True,False,0,High,4,0,4,683-742-6268T,4519 9226T 3224 8067,DEBIT,TRC241861231@rand.icloud.com,0.15,0.1,26-35,White,100k-200k,1M-2M,0-500,5
164330,F,Quebec City,QC,TILLIER CLARISSE,27,False,,White,75576.0,True,327557.0,0.0,True,False,2943,27647.38,645.0,Checking,14,7.82,False,45.52,Mortgage,True,True,0,Low,5,1,5,468-260-1371T,4510 1340T 0530 3248,CREDIT,TTILLIERF55@test.jumo.com,0.16,0.23,26-35,White,60k-100k,200k-500k,0-500,11
45560,M,Toronto,ON,TINA DIXON,22,False,,White,8028.0,False,0.0,509.0,False,False,1059,2061.45,387.0,Checking; Savings,17,8.55,False,6.47,,False,False,11,Medium,2,0,5,365-139-6596T,4510 1695T 8332 6580,DEBIT,TTINAM62@synth.netZero.com,0.15,0.1,18-25,White,0-30k,0-200k,500-1k,9
85627,M,Montreal,QC,FOURNIER DONALD,23,False,,Asian,72280.0,False,0.0,659.0,True,False,2267,9820.89,489.0,Credit,8,39.0,True,1688.33,,False,False,4,High,5,9,1,873-916-3528T,4510 1654T 6840 6525,DEBIT,TFD77580119@non.iCloud.com,0.18,0.13,18-25,OTHER,60k-100k,0-200k,500-1k,5
221519,F,Oshawa,ON,BRISCOE MARY,37,False,,White,83208.0,True,774389.0,0.0,True,False,5460,12205.8,695.0,Investment,4,11.12,False,15.29,Mortgage,False,True,0,Medium,2,2,5,683-987-9292T,4510 1687T 1552 4964,DEBIT,TBM5589964@non.neo.com,0.14,0.14,36-45,White,60k-100k,500k-1M,0-500,5
133301,M,Edmonton,AB,AGYEMANE KWAME,33,False,,White,93338.0,True,427605.0,0.0,True,False,3274,40107.61,723.0,Credit; Checking; Investment,15,13.25,False,16.87,Mortgage,True,False,0,Medium,2,0,5,780-605-3726T,4514 0122T 3867 1352,CREDIT,TAK6134502992@test.yahoo.com,0.16,0.15,26-35,White,60k-100k,200k-500k,0-500,16
105112,F,Vancouver,BC,HEPNER VI,27,False,,Asian,74939.0,True,1269133.0,0.0,True,False,2737,37613.0,723.0,Credit,1,12.87,False,28.05,Mortgage,True,False,0,Low,5,1,6,236-814-6456T,4514 0142T 0804 0727,CREDIT,THEPNER_VI14@rand.iCloud.com,0.13,0.22,26-35,OTHER,60k-100k,1M-2M,0-500,16
40891,F,Toronto,ON,DABROWSKI MARIAN,44,False,,Asian,76091.0,True,1021605.0,0.0,True,True,4399,48153.41,850.0,Investment; Checking,30,36.0,True,2206.31,Mortgage,True,False,0,High,4,2,3,742-734-2381T,4510 1631T 8584 4820,DEBIT,TDM149295967@rand.live.com,0.15,0.14,36-45,OTHER,60k-100k,1M-2M,0-500,12
7066,M,Toronto,ON,JOSEPH WATSON,45,True,,Asian,96261.0,True,678390.0,0.0,True,False,6231,35728.14,742.0,Credit; Checking; Investment,10,104.0,True,3267.85,Mortgage,True,True,12,High,4,1,6,519-471-8538T,4510 1674T 4030 3614,DEBIT,TJW04477@fake.gmail.com,0.15,0.13,36-45,OTHER,60k-100k,500k-1M,0-500,8
118187,F,Vancouver,BC,LEWIS CYNTHIA,38,False,,White,85115.0,True,1461097.0,0.0,False,False,3849,31037.51,691.0,Checking,4,85.0,True,2570.54,Mortgage,True,True,12,High,4,0,5,604-303-1630T,4512 2347T 5298 2577,CREDIT,TLC4416991@fake.outlook.com,0.13,0.35,36-45,White,60k-100k,1M-2M,0-500,5
7589,M,Toronto,ON,SCOTT PARKER,31,False,,White,97637.0,True,696088.0,0.0,True,False,5117,36822.89,697.0,Investment,9,65.0,True,3843.39,Mortgage,False,False,1,High,3,1,4,705-896-7761T,4514 0116T 0355 3317,CREDIT,TSP7195@synth.cogeco.ca,0.15,0.08,26-35,White,60k-100k,500k-1M,0-500,19
200866,M,Kitchener,ON,DAGENAIS FRANCOIS,42,False,,White,95192.0,True,985622.0,0.0,True,False,5060,17766.75,687.0,Checking; Investment,4,35.0,True,3937.28,Mortgage,True,False,0,Medium,7,5,1,437-679-9852T,4510 1363T 0222 0206,CREDIT,TDAFRjumpyBoars81965@test.comcast.net,0.15,0.45,36-45,White,60k-100k,500k-1M,0-500,8
189814,M,Brampton,ON,PEER JAMES,39,False,,Others,125586.0,True,1414339.0,0.0,True,False,7262,25800.49,777.0,Investment; Credit,16,84.0,True,5784.42,Mortgage,True,False,3,High,4,4,2,519-976-3899T,4514 0161T 2286 5882,CREDIT,TPEERJAMES@non.yahoo.com,0.17,0.18,36-45,OTHER,100k-200k,1M-2M,0-500,7
35939,F,Toronto,ON,BROWN LINDA,36,False,,Black,78703.0,True,1010867.0,0.0,True,False,3644,57100.41,721.0,Investment,4,104.0,True,2404.41,Mortgage,False,False,7,High,3,2,5,416-636-3663T,4514 0147T 5965 8990,CREDIT,TresolvedPepper9BRLI@fake.outlook.com,0.15,0.1,26-35,OTHER,60k-100k,1M-2M,0-500,63
122109,M,Vancouver,BC,TAKEUCHI HARUO,36,False,,Asian,104536.0,True,1176921.0,0.0,True,False,8711,313145.05,744.0,Credit,2,14.52,False,25.25,Mortgage,True,False,0,Medium,2,1,4,672-471-4154T,4510 1593T 2693 8367,CREDIT,TTH60946@non.zoho.com,0.13,0.09,26-35,OTHER,100k-200k,1M-2M,0-500,8
20100,M,Toronto,ON,JAMES GUZMAN,28,True,,White,85039.0,True,1055534.0,0.0,True,False,5468,47961.08,740.0,Investment,18,12.58,False,20.02,,True,False,1,Medium,2,1,3,753-928-4290T,4510 1522T 1575 7833,CREDIT,TJAMES_GUZMAN22@test.comcast.net,0.15,0.12,26-35,White,60k-100k,1M-2M,0-500,11
67237,M,Toronto,ON,HOWE ROGER,48,False,,Asian,87542.0,True,1172549.0,0.0,True,False,4631,53485.09,734.0,Checking,15,40.0,True,3421.42,Mortgage,True,False,12,High,4,4,1,249-865-3309T,4512 2341T 6413 6586,CREDIT,THR42774@non.att.net,0.15,0.24,46-55,OTHER,60k-100k,1M-2M,0-500,12
171639,M,Hamilton,ON,GERVAIS EMMANUEL,34,False,,White,85959.0,True,874241.0,0.0,True,False,3140,14679.82,701.0,Checking; Credit; Investment,15,90.0,True,2001.91,Mortgage,True,True,0,High,4,1,2,807-461-1744T,4519 9236T 1009 6289,DEBIT,TGE4292@test.icloud.com,0.15,0.08,26-35,White,60k-100k,500k-1M,0-500,9
21611,F,Toronto,ON,SIMPSON TINA,32,False,,White,58955.0,True,562722.0,0.0,True,False,2629,7156.02,628.0,Checking,22,10.13,False,13.34,Mortgage,False,False,0,Low,4,0,7,753-869-4066T,4519 9277T 9427 6364,DEBIT,TgutturalLeopard4SITI@test.netZero.com,0.15,0.13,26-35,White,30k-60k,500k-1M,0-500,5
20443,F,Toronto,ON,MENDEZ ELENA,39,False,,White,87953.0,True,1209496.0,0.0,True,False,4793,34262.0,708.0,Investment,18,18.3,False,20.92,Mortgage,False,False,0,Medium,2,0,7,548-127-5593T,4510 1351T 9956 2194,CREDIT,TardentIcecream7MEEL@rand.proton.com,0.15,0.05,36-45,White,60k-100k,1M-2M,0-500,42
105949,M,Vancouver,BC,HYLAND CHARLES,34,True,,White,82363.0,True,1388383.0,0.0,True,False,3770,43059.84,726.0,Credit,8,9.52,False,2.0,,True,True,0,Low,5,0,4,778-550-7614T,5415 9073T 7414 9464,CREDIT,THYLANDCHARLES@rand.hotmail.com,0.13,0.14,26-35,White,60k-100k,1M-2M,0-500,8
188677,F,Brampton,ON,BRUNNING PATRICIA,34,False,,Asian,97070.0,True,1262472.0,0.0,True,False,4109,26707.58,714.0,Credit,11,10.29,False,11.81,Mortgage,True,False,0,Medium,2,1,4,548-921-8062T,4510 1542T 2566 5804,CREDIT,TBP788559820@non.jumo.com,0.17,0.05,26-35,OTHER,60k-100k,1M-2M,0-500,6
41900,M,Toronto,ON,ROBERT PETER,43,False,,White,81014.0,True,1149593.0,0.0,True,False,4185,15106.59,691.0,Credit,26,11.9,False,72.72,Personal Loan,True,False,0,Low,6,3,2,519-809-3008T,4512 2349T 3347 1257,CREDIT,TROPEthrilledPretzels01987@non.gmail.com,0.15,0.58,36-45,White,60k-100k,1M-2M,0-500,31
35449,F,Toronto,ON,NIRO GIUSEPPINA,21,False,,Asian,22487.0,False,0.0,719.0,False,False,1066,4749.08,432.0,Savings,12,50.0,True,593.19,,False,True,0,High,3,1,5,905-998-6919T,4512 2314T 0893 7126,CREDIT,TNG3104@test.proton.com,0.15,0.12,18-25,OTHER,0-30k,0-200k,500-1k,15
45214,F,Toronto,ON,WESLEY ANNETTE,41,False,,White,86449.0,True,1020534.0,0.0,True,False,4075,58731.86,738.0,Checking,13,12.29,False,19.98,Mortgage,True,False,0,Medium,2,0,7,807-112-8184T,5415 9075T 4121 8669,CREDIT,TWA15997@fake.iCloud.com,0.15,0.09,36-45,White,60k-100k,1M-2M,0-500,42
42815,F,Toronto,ON,QUINN GLENDA,45,False,,Black,80409.0,True,1233306.0,0.0,True,False,4844,80468.72,740.0,Investment,10,111.0,True,2950.21,Mortgage,True,False,0,High,4,1,6,519-732-2914T,4519 9259T 6351 3531,DEBIT,TQG955168569@non.yahoo.com,0.15,0.13,36-45,OTHER,60k-100k,1M-2M,0-500,69
70584,F,Toronto,ON,WEDGE DIANE,29,False,,White,87590.0,True,1061795.0,0.0,True,False,3387,28275.76,715.0,Investment,17,7.57,False,62.07,Mortgage,False,False,0,Low,5,2,5,226-702-6200T,4519 9294T 5748 1223,DEBIT,TWD9720736694@non.iCloud.com,0.15,0.15,26-35,White,60k-100k,1M-2M,0-500,37
148300,F,Ottawa,ON,SMITH SHIRLEY,44,False,,White,111535.0,True,874799.0,0.0,True,False,8925,66232.54,770.0,Credit,16,32.0,True,5193.27,Mortgage,False,False,12,High,4,3,1,226-987-9087T,4514 0160T 0481 0922,CREDIT,TSS69005@rand.zoho.com,0.14,0.35,36-45,White,100k-200k,500k-1M,0-500,9
144841,F,Ottawa,ON,PATTERSON-RILEY THELMA,28,False,,Asian,106095.0,True,832998.0,0.0,True,False,3353,5021.44,688.0,Investment,4,9.47,False,19.33,Mortgage,True,True,0,Low,5,0,7,683-958-9856T,4514 0124T 0896 2254,CREDIT,TPT79243392@fake.aol.com,0.14,0.35,26-35,OTHER,100k-200k,500k-1M,0-500,5
50382,F,Toronto,ON,REID-WRIGHT SHARON,46,True,,Latino,85490.0,True,589349.0,0.0,True,False,3585,66585.7,749.0,Investment; Credit; Joint; Checking,9,15.26,False,24.49,Mortgage,False,False,0,Low,4,0,5,365-189-4784T,4510 1319T 5857 3293,CREDIT,TRS246306236@non.jumo.com,0.15,0.05,36-45,OTHER,60k-100k,500k-1M,0-500,8
83966,M,Montreal,QC,PERREAULT ROMAIN,29,False,,White,64971.0,True,541043.0,0.0,True,False,3221,18287.59,649.0,Credit,5,0.15,False,26.15,Mortgage,False,False,0,Low,6,1,5,579-105-4719T,4514 0131T 1597 3973,CREDIT,TPR9740171@test.proton.com,0.18,0.32,26-35,White,60k-100k,500k-1M,0-500,30
91608,F,Montreal,QC,DESJARDINS CHANTAL,31,False,,White,61381.0,True,593893.0,0.0,True,False,3434,6924.89,652.0,Checking,18,11.63,False,18.62,Mortgage,False,False,0,Medium,2,0,7,581-880-8325T,5415 9048T 4937 9301,CREDIT,TDC761290@test.bla.com,0.18,0.12,26-35,White,60k-100k,500k-1M,0-500,28
31230,M,Toronto,ON,MCINTYRE ROBERT,33,False,,White,76765.0,True,915956.0,0.0,True,False,3921,27510.86,692.0,Checking,11,9.99,False,2.0,Mortgage,False,False,0,Low,6,2,3,683-881-8186T,4519 9282T 2335 4356,DEBIT,TMR4077686@rand.aol.com,0.15,0.14,26-35,White,60k-100k,500k-1M,0-500,19
20134,M,Toronto,ON,BRENDA HICKS,40,False,,Black,74991.0,True,1142653.0,0.0,False,False,3239,33006.22,657.0,Investment,9,9.47,False,44.3,,True,True,0,Low,4,4,2,289-220-3742T,4514 0147T 2095 9120,CREDIT,TBH85046374@rand.bla.com,0.15,0.5,36-45,OTHER,60k-100k,1M-2M,0-500,7
136436,M,Edmonton,AB,BARTH RUSSELL,26,False,,Asian,98186.0,True,458286.0,0.0,True,False,3225,23930.24,694.0,Investment,6,9.55,False,28.92,Mortgage,True,True,0,Low,6,4,2,587-716-5975T,4512 2362T 2482 5072,CREDIT,TBARTH_RUSSELL83@synth.att.net,0.16,0.75,18-25,OTHER,60k-100k,200k-500k,0-500,5
54358,F,Toronto,ON,MURRAY HEATHER,30,False,,White,93080.0,True,948352.0,0.0,True,False,2847,31665.13,711.0,Credit; Investment; Checking,10,10.07,False,18.12,Mortgage,False,False,0,Low,6,1,5,437-855-7054T,4510 1320T 0437 7979,CREDIT,TMH122296@rand.aol.com,0.15,0.15,26-35,White,60k-100k,500k-1M,0-500,14
152249,M,Ottawa,ON,BARBER JOHN,34,False,,Black,113621.0,True,883723.0,0.0,True,False,9468,40678.85,723.0,Credit,3,12.76,False,12.58,Mortgage,False,False,3,Low,5,2,3,647-351-1555T,4510 1684T 5294 3727,DEBIT,TBARBERJOHN@test.jumo.com,0.14,0.04,26-35,OTHER,100k-200k,500k-1M,0-500,6
69707,M,Toronto,ON,MICHAEL OWENS,35,True,,Asian,74027.0,True,940274.0,0.0,True,False,3884,61360.91,744.0,Investment,7,11.69,False,40.53,Mortgage,True,False,9,Medium,2,2,3,226-616-4867T,4510 1559T 2483 0675,CREDIT,TMO00663@synth.proton.com,0.15,0.07,26-35,OTHER,60k-100k,500k-1M,0-500,8
133879,F,Edmonton,AB,SALWAY HELEN,45,False,,White,75080.0,True,454401.0,0.0,True,False,4031,65645.95,687.0,Checking,4,118.0,True,3108.82,Mortgage,True,False,11,High,4,1,3,780-126-3628T,4510 1686T 3599 2097,DEBIT,TSH557497@rand.bla.com,0.16,0.12,36-45,White,60k-100k,200k-500k,0-500,5
72743,M,Toronto,ON,JARED ROGERS,39,True,,Latino,92293.0,True,1043855.0,0.0,True,False,6036,51715.41,773.0,Investment; Credit; Checking,23,12.6,False,42.15,Mortgage,True,False,10,Low,5,2,3,519-560-6862T,5415 9055T 9671 9068,CREDIT,TJAROcautiousPolenta81976@rand.icloud.com,0.15,0.1,36-45,OTHER,60k-100k,1M-2M,0-500,26
39448,M,Toronto,ON,CLARK ROGER,26,False,,White,79744.0,True,1092568.0,0.0,True,False,3520,35838.62,666.0,Checking; Credit; Investment,8,9.34,False,61.9,Mortgage,False,False,10,Low,4,2,4,742-592-4516T,4510 1555T 9519 4320,CREDIT,TCLARKawedCordial880@non.gmail.com,0.15,0.12,18-25,White,60k-100k,1M-2M,0-500,10
55902,F,Toronto,ON,ARNOLD JUDY,33,False,,Asian,81936.0,True,1145888.0,0.0,True,False,3855,28914.8,723.0,Checking; Investment,10,7.08,False,14.76,Mortgage,True,False,0,Low,4,0,6,807-485-2727T,4510 1589T 3843 8016,CREDIT,TAJ910186830@rand.jumo.com,0.15,0.06,26-35,OTHER,60k-100k,1M-2M,0-500,63
195851,M,Kitchener,ON,BAKER ARTHUR,45,False,,White,79959.0,True,837629.0,0.0,True,False,4560,20332.24,688.0,Investment; Checking,11,14.47,False,33.68,Mortgage,True,False,0,Medium,2,0,5,905-585-4570T,4514 0148T 1365 9703,CREDIT,TBA42266386@rand.icloud.com,0.15,0.09,36-45,White,60k-100k,500k-1M,0-500,8
19976,F,Toronto,ON,HILL KATHY,35,False,,Asian,79193.0,True,1179705.0,0.0,True,True,3434,60268.7,850.0,Investment,9,9.67,False,38.41,Mortgage,True,False,12,Low,4,0,6,437-439-9182T,4510 1625T 6398 0892,DEBIT,THK99838@rand.live.com,0.15,0.08,26-35,OTHER,60k-100k,1M-2M,0-500,7
14168,M,Toronto,ON,CREASY DAN,41,False,,Asian,114764.0,True,1141097.0,0.0,True,False,9564,20696.68,755.0,Investment; Checking,16,15.39,False,390.89,,False,False,0,Medium,2,0,5,519-403-9913T,4510 1527T 7796 9789,CREDIT,TCREASYDAN@test.iCloud.com,0.15,0.09,36-45,OTHER,100k-200k,1M-2M,0-500,29
74929,M,Montreal,QC,HALL NORMAN,36,False,,Black,87461.0,True,589099.0,0.0,True,False,3662,58086.32,725.0,Credit,4,94.0,True,2176.73,Mortgage,True,False,7,High,4,3,3,354-708-3109T,4510 1558T 9541 1284,CREDIT,THN8226492672@non.bla.com,0.18,0.41,26-35,OTHER,60k-100k,500k-1M,0-500,20
8483,F,Toronto,ON,HOWELL JEANNETTE,43,True,,White,62056.0,True,1040298.0,0.0,True,False,4615,17860.01,687.0,Credit; Joint; Checking,11,60.0,True,3435.64,,True,True,3,High,3,0,8,807-444-9493T,4510 1351T 8745 3526,CREDIT,TshySardines6HOJE@test.iCloud.com,0.15,0.07,36-45,White,60k-100k,1M-2M,0-500,25
59378,M,Toronto,ON,KLEM NESTOR,39,True,,Latino,75597.0,True,558142.0,0.0,True,False,3495,21994.25,694.0,Joint,10,19.6,False,9.41,Mortgage,True,False,0,Low,6,4,1,683-987-6845T,4512 2343T 2985 7249,CREDIT,TKLNEcontentPudding21981@synth.mail.com,0.15,0.68,36-45,OTHER,60k-100k,500k-1M,0-500,8
51730,M,Toronto,ON,HURTUBISE GILLES,31,False,,Asian,70331.0,True,1083352.0,0.0,True,False,3996,19390.5,701.0,Checking,15,44.0,True,2597.87,Personal Loan,True,False,0,High,4,7,1,753-299-6794T,4519 9265T 1123 1843,DEBIT,THG1417@test.bla.com,0.15,0.17,26-35,OTHER,60k-100k,1M-2M,0-500,39
43479,F,Toronto,ON,VESPA NATALIA,48,True,,Latino,71130.0,True,1037883.0,0.0,True,False,4437,75912.55,775.0,Checking,22,14.4,False,29.79,Mortgage,True,False,0,Medium,2,0,6,249-376-2602T,4514 0140T 8182 5647,CREDIT,TVN7183519114@rand.neo.com,0.15,0.14,46-55,OTHER,60k-100k,1M-2M,0-500,11
150492,M,Ottawa,ON,SAGANOWICH DAN,37,True,,White,71082.0,True,675794.0,0.0,True,False,3283,12749.34,668.0,Checking; Credit,4,67.0,True,2230.02,Mortgage,True,False,0,High,4,5,1,365-357-5584T,4519 9293T 7769 5048,DEBIT,TSD0524@rand.aol.com,0.14,0.31,36-45,White,60k-100k,500k-1M,0-500,6
50155,F,Toronto,ON,MRS. HEATHER DAVIS DVM,38,False,,White,66866.0,True,877284.0,0.0,True,False,3746,7661.23,650.0,Checking,7,120.0,True,1997.87,,True,False,0,High,3,1,7,742-683-2204T,4519 9283T 4631 6333,DEBIT,TMH2383217@fake.aol.com,0.15,0.14,36-45,White,60k-100k,500k-1M,0-500,10
190093,F,Brampton,ON,MARTELLE MUSUR,38,True,rQgY6jM7,Black,116429.03,True,1044824.0,0.0,True,False,8876,38681.65,782.0,Joint,26,14.53,False,12.67,Mortgage,True,False,0,Low,4,0,4,613-422-1203T,4510 1344T 4148 9107,CREDIT,TMM0515@synth.hotmail.com,0.17,0.06,36-45,OTHER,100k-200k,1M-2M,0-500,8
65116,F,Toronto,ON,EMERSON LIZ,46,False,,White,94720.0,True,684302.0,0.0,True,False,4674,88198.47,727.0,Checking,14,41.0,True,2528.29,Personal Loan,True,False,4,Medium,6,3,3,519-844-8233T,4519 9278T 8855 4797,DEBIT,TEL97918@test.att.net,0.15,0.31,36-45,White,60k-100k,500k-1M,0-500,10
24016,F,Toronto,ON,SHEPHERD LAURA,40,True,,Latino,85109.0,True,1200020.0,0.0,True,False,4411,622.52,710.0,Credit,15,12.45,False,33.64,Mortgage,True,False,5,Medium,2,1,5,437-402-7261T,5415 9086T 2055 4382,CREDIT,TneedfulRaisins8SHLA@test.outlook.com,0.15,0.07,36-45,OTHER,60k-100k,1M-2M,0-500,36
48489,M,Toronto,ON,TONE PAUL,42,False,,Others,118164.0,True,1338524.0,0.0,True,False,9847,15257.68,750.0,Credit,12,48.0,True,4982.82,Mortgage,True,False,0,High,4,0,4,548-410-5688T,4514 0127T 7858 7363,CREDIT,TTP7489@synth.icloud.com,0.15,0.06,36-45,OTHER,100k-200k,1M-2M,0-500,29
120502,F,Vancouver,BC,BRANISEL HOLLY,34,True,,Asian,90293.0,True,1355072.0,0.0,True,False,5718,29821.09,743.0,Checking; Credit; Joint,17,10.36,False,32.41,Mortgage,True,False,12,Low,4,2,4,604-136-1880T,4519 9258T 4676 2277,DEBIT,TBH7018482444@rand.aol.com,0.13,0.12,26-35,OTHER,60k-100k,1M-2M,0-500,8
15342,F,Toronto,ON,RANDHAWA DENISE,49,True,,Asian,89798.0,True,1038567.0,0.0,True,False,3901,75506.42,792.0,Checking; Credit; Joint,14,69.0,True,2143.25,,False,True,0,High,4,2,5,548-307-1761T,4510 1316T 2050 1862,CREDIT,TRD9075819@fake.comcast.net,0.15,0.05,46-55,OTHER,60k-100k,1M-2M,0-500,11
90761,F,Montreal,QC,LACROIX THERESE,39,False,,White,79306.0,True,503577.0,0.0,True,False,3964,17570.23,682.0,Checking,19,53.0,True,2217.93,Personal Loan,True,False,2,High,4,3,2,579-103-7925T,4510 1378T 2532 0276,CREDIT,TLT552561@synth.yahoo.com,0.18,0.21,36-45,White,60k-100k,500k-1M,0-500,21
73648,M,Montreal,QC,GOSSELIN GILLES,44,False,,White,66290.0,True,617758.0,0.0,True,False,4216,15981.74,642.0,Checking,10,112.0,True,2212.76,Mortgage,True,False,0,High,4,4,4,263-624-4891T,4519 9289T 7558 8884,DEBIT,TGG6005@synth.mail.com,0.18,0.21,36-45,White,60k-100k,500k-1M,0-500,28
53609,M,Toronto,ON,HENRY GRAHAM,38,False,,Asian,68999.0,True,1099536.0,0.0,True,False,3660,3855.95,647.0,Credit; Checking,24,12.4,False,15.91,Mortgage,True,False,0,Low,5,0,5,226-916-1100T,5415 9027T 9570 7492,CREDIT,THG9528@fake.netZero.com,0.15,0.06,36-45,OTHER,60k-100k,1M-2M,0-500,40
109450,F,Vancouver,BC,VANESSA PERRY,33,False,,White,81313.0,True,1446692.0,0.0,True,False,3247,24473.45,693.0,Checking; Credit,12,12.45,False,55.82,Mortgage,False,False,0,Medium,2,0,7,604-737-2830T,4519 9280T 0994 7739,DEBIT,TVP85743736@test.iCloud.com,0.13,0.08,26-35,White,60k-100k,1M-2M,0-500,7
17288,M,Toronto,ON,ANTLER BRIAN,27,False,,White,96870.0,True,933480.0,0.0,False,False,3238,20103.65,669.0,Checking; Credit,6,12.56,False,20.04,Mortgage,False,True,0,Medium,2,1,4,742-421-1417T,5415 9054T 0226 6035,CREDIT,TANTLERM69@fake.yahoo.com,0.15,0.13,26-35,White,60k-100k,500k-1M,0-500,6
58895,M,Toronto,ON,DOYLE THOMAS,35,True,,Asian,110376.0,True,1131583.0,0.0,True,False,9198,32041.52,767.0,Investment,10,13.5,False,21.29,Mortgage,True,False,11,Medium,2,0,6,705-166-9059T,4514 0162T 7226 4956,CREDIT,TDOYLETHOMAS@fake.neo.com,0.15,0.06,26-35,OTHER,100k-200k,1M-2M,0-500,18
5328,F,Toronto,ON,SNOW DIANE,23,False,,Others,30280.0,False,0.0,1057.0,True,False,1574,12764.1,456.0,Savings,3,45.0,True,887.1,Student Loan,False,False,0,High,3,1,6,416-845-4765T,5415 9031T 9920 4788,CREDIT,TSNOW_DIANE64@non.gmail.com,0.15,0.1,18-25,OTHER,30k-60k,0-200k,1k-2k,10
5944,F,Toronto,ON,SOWERS MARILYN,42,False,,Asian,67503.0,True,1144306.0,0.0,True,False,3385,13023.42,656.0,Credit,30,13.13,False,33.5,Mortgage,True,True,4,Low,5,0,6,416-416-5483T,4510 1533T 8592 7519,CREDIT,TSM79470@synth.jumo.com,0.15,0.17,36-45,OTHER,60k-100k,1M-2M,0-500,69
13015,M,Toronto,ON,DEBRA JACKSON,40,True,,Others,83306.0,True,1254941.0,0.0,True,False,3599,64680.75,777.0,Checking,23,74.0,True,2387.34,Mortgage,False,False,5,High,4,4,2,365-804-6369T,4510 1671T 8323 9121,DEBIT,TDEBRAJACKSON@fake.hotmail.com,0.15,0.07,36-45,OTHER,60k-100k,1M-2M,0-500,26
52489,M,Toronto,ON,KIT GLEN,27,False,,Asian,61614.0,True,934101.0,0.0,True,False,3120,22730.3,701.0,Checking,4,113.0,True,1935.39,Mortgage,True,False,12,High,4,2,4,705-993-3603T,4519 9236T 2350 0239,DEBIT,TKG9461@test.hotmail.com,0.15,0.11,26-35,OTHER,60k-100k,500k-1M,0-500,19
142836,M,Ottawa,ON,LACALAMITA FRANK,45,False,,White,71481.0,True,865279.0,0.0,True,False,3881,59642.24,687.0,Checking; Credit; Investment,18,16.65,False,56.5,Mortgage,True,False,9,Medium,2,1,4,249-674-5938T,5415 9053T 1148 4028,CREDIT,TLF46376816@test.cogeco.ca,0.14,0.26,36-45,White,60k-100k,500k-1M,0-500,5
53228,F,Toronto,ON,GRIFFIN BARBARA,33,True,,White,83087.0,True,1328627.0,0.0,True,False,5108,11632.94,714.0,Joint,8,14.98,False,26.5,Mortgage,True,False,7,Medium,2,2,4,416-849-7613T,4510 1612T 6093 9142,DEBIT,TGB6605304@test.yahoo.com,0.15,0.04,26-35,White,60k-100k,1M-2M,0-500,14
85685,M,Montreal,QC,TIFFANY BOOTH,41,True,,Others,63382.0,True,504504.0,0.0,True,False,4181,6659.27,682.0,Checking; Joint; Credit,4,10.61,False,29.94,,False,False,0,Medium,2,1,4,819-970-3863T,4519 9225T 9016 7076,DEBIT,TTIBOardentDoves31959@rand.hotmail.com,0.18,0.09,36-45,OTHER,60k-100k,500k-1M,0-500,17
64780,F,Toronto,ON,LIAN SALLY,33,False,,White,67277.0,True,1016197.0,0.0,True,True,3404,15798.97,803.0,Credit,13,7.7,False,36.75,Mortgage,False,True,0,Low,5,0,6,683-221-4758T,4510 1537T 7557 6064,CREDIT,TLS14215@non.netZero.com,0.15,0.08,26-35,White,60k-100k,1M-2M,0-500,8
27126,M,Toronto,ON,HUM JOHN,44,True,,Others,103329.0,True,1368016.0,0.0,True,False,8611,100055.68,750.0,Credit,18,38.0,True,5689.01,Mortgage,True,False,0,High,4,2,5,905-217-9924T,4510 1399T 0683 5770,CREDIT,THUMJOHN@test.live.com,0.15,0.05,36-45,OTHER,100k-200k,1M-2M,0-500,22
144924,M,Ottawa,ON,BONNIE ONEAL,27,False,,Others,81424.0,True,837098.0,0.0,True,False,3726,18496.4,710.0,Credit,11,78.0,True,2066.2,Mortgage,True,False,0,High,4,3,1,548-865-1795T,4514 0190T 7854 3280,CREDIT,TBO472188442@synth.zoho.com,0.14,0.3,26-35,OTHER,60k-100k,500k-1M,0-500,7
76537,M,Montreal,QC,PAQUIN LUCIEN,46,True,,White,72696.0,True,616008.0,0.0,True,False,4622,107229.04,770.0,Joint; Checking; Investment; Credit,28,14.61,False,57.38,Mortgage,True,True,1,Medium,2,0,6,354-198-6792T,5415 9094T 2586 1156,CREDIT,TPAQUINLUCIEN@test.comcast.net,0.18,0.11,36-45,White,60k-100k,500k-1M,0-500,10
91945,F,Montreal,QC,SAUVE STELLA,34,False,,Asian,58535.0,True,551003.0,0.0,True,False,2575,11321.5,645.0,Credit; Checking,24,11.91,False,9.87,Mortgage,False,True,3,Medium,2,0,6,450-945-9746T,4510 1528T 5564 7203,CREDIT,TSS1872061@fake.gmail.com,0.18,0.06,26-35,OTHER,30k-60k,500k-1M,0-500,8
16246,M,Toronto,ON,CLAPP TIM,32,False,,Others,83911.0,True,1036154.0,0.0,False,False,3723,25666.62,683.0,Investment,3,5.44,False,12.85,Personal Loan,False,False,0,Low,6,2,2,226-422-6000T,5415 9018T 4315 6681,CREDIT,TCT960995@fake.att.net,0.15,0.13,26-35,OTHER,60k-100k,1M-2M,0-500,9
70068,F,Toronto,ON,ROBERT ORTIZ,40,False,,White,76880.0,True,1189694.0,0.0,True,False,5085,12977.28,684.0,Credit,6,14.4,False,24.26,Mortgage,False,False,0,Medium,2,0,6,437-974-1093T,4519 9238T 0598 4617,DEBIT,TRO110769@fake.live.com,0.15,0.08,36-45,White,60k-100k,1M-2M,0-500,42
23136,M,Toronto,ON,TIMMINGS SCOTT,49,False,,Native,91778.0,True,1190142.0,0.0,True,False,3935,15755.23,744.0,Investment; Credit,15,100.0,True,3080.44,Mortgage,True,True,1,High,4,5,1,416-876-8729T,4510 1381T 2565 1311,CREDIT,TTS5045744@test.yahoo.com,0.15,0.21,46-55,OTHER,60k-100k,1M-2M,0-500,12
144547,M,Ottawa,ON,DEBRA REYNOLDS,45,False,,White,106833.0,True,982247.0,0.0,True,False,8903,26416.67,724.0,Investment,12,15.16,False,54.49,Mortgage,False,False,8,Medium,2,3,3,683-187-9719T,4510 1638T 9486 4156,DEBIT,TDR4099@test.zoho.com,0.14,0.48,36-45,White,100k-200k,500k-1M,0-500,11
94627,F,Montreal,QC,TASSE VALERIE,32,False,,Black,52192.0,True,538390.0,0.0,True,False,3035,21465.85,621.0,Checking; Credit,8,58.0,True,1989.22,Mortgage,True,True,7,High,4,0,7,438-482-6119T,4510 1321T 0260 0662,CREDIT,TTV9095@non.zoho.com,0.18,0.25,26-35,OTHER,30k-60k,500k-1M,0-500,8
70035,F,Toronto,ON,VALDES TERESA,40,True,SKGafbmY,White,98729.0,True,1313038.0,0.0,True,False,4840,37596.06,738.0,Investment,4,18.33,False,32.39,Personal Loan,True,False,3,Medium,2,0,6,683-955-3911T,4510 1694T 4147 4311,DEBIT,TjumpyBoars3VATE@rand.icloud.com,0.15,0.13,36-45,White,60k-100k,1M-2M,0-500,25
65951,F,Toronto,ON,WOOD JULIE,31,False,,White,82114.0,True,1084674.0,0.0,False,False,3443,16442.11,653.0,Credit,4,9.35,False,46.87,Mortgage,True,False,0,Low,5,1,5,289-272-7813T,4512 2370T 1196 1331,CREDIT,TWJ3762203650@rand.yahoo.com,0.15,0.05,26-35,White,60k-100k,1M-2M,0-500,9
47826,M,Toronto,ON,PURVIS COREY,42,False,,White,101016.0,True,1248683.0,0.0,True,False,8418,20276.86,697.0,Checking; Investment,5,93.0,True,6610.24,Mortgage,True,True,0,High,5,2,1,249-634-3287T,4519 9218T 7059 2026,DEBIT,TPC508093364@non.neo.com,0.15,0.18,36-45,White,100k-200k,1M-2M,0-500,19
18879,F,Toronto,ON,VIVEIROS ELIZABETH,35,False,,White,77429.0,True,744707.0,0.0,True,False,3951,42441.33,691.0,Investment; Credit; Checking,16,80.0,True,2655.5,Mortgage,True,False,0,High,4,0,8,647-242-2018T,4510 1512T 3097 8316,CREDIT,TVE7564@rand.aol.com,0.15,0.17,26-35,White,60k-100k,500k-1M,0-500,14
133169,F,Edmonton,AB,CHAREST LISA,33,False,,White,65431.0,True,375198.0,0.0,True,False,2767,13350.92,636.0,Credit; Checking,14,32.0,True,2048.07,Mortgage,False,True,0,Medium,6,0,7,587-728-2662T,4510 1648T 3805 8676,DEBIT,TCL964096731@test.netZero.com,0.16,0.16,26-35,White,60k-100k,200k-500k,0-500,6
31953,M,Toronto,ON,RONALD ROSS,39,True,,White,117278.0,True,1296683.0,0.0,True,False,8756,21309.67,783.0,Credit; Checking,4,14.86,False,29.45,Mortgage,False,True,0,Medium,2,2,2,705-945-5212T,4514 0157T 4674 4555,CREDIT,TRONALDROSS@test.bla.com,0.15,0.06,36-45,White,100k-200k,1M-2M,0-500,16
71279,M,Toronto,ON,MCCAIG JAMES,39,False,,White,100998.0,True,1254221.0,0.0,True,False,8416,5434.27,718.0,Credit,27,24.85,False,73.65,Personal Loan,False,True,8,Medium,2,3,2,249-895-9791T,4519 9270T 8031 7164,DEBIT,TMJ62837055@rand.cogeco.ca,0.15,0.46,36-45,White,100k-200k,1M-2M,0-500,19
137908,M,Edmonton,AB,ANDERSON LAWRENCE,30,False,,White,92703.0,True,483883.0,0.0,True,False,3402,21790.7,704.0,Credit,4,56.0,True,1941.77,Mortgage,True,False,0,High,3,1,4,780-753-7385T,5415 9020T 5872 9377,CREDIT,TAL857829175@synth.outlook.com,0.16,0.08,26-35,White,60k-100k,200k-500k,0-500,16
87067,M,Montreal,QC,FRECHETTE DANIEL,37,False,,Latino,66573.0,True,578375.0,0.0,True,False,3759,7214.51,667.0,Checking; Credit,4,10.13,False,76.49,Mortgage,True,False,8,Low,5,0,6,468-479-7808T,5415 9063T 1656 0584,CREDIT,TFD516761677@rand.live.com,0.18,0.28,36-45,OTHER,60k-100k,500k-1M,0-500,18
190583,M,Brampton,ON,SELLERS PHIL,44,False,,Asian,69410.0,True,1102707.0,0.0,True,False,4397,15802.99,700.0,Credit,32,10.02,False,2.15,Mortgage,True,True,7,Medium,2,2,4,742-291-4969T,5415 9085T 3814 4842,CREDIT,TSELLERSPHIL@fake.jumo.com,0.17,0.28,36-45,OTHER,60k-100k,1M-2M,0-500,5
106724,F,Vancouver,BC,SOBOL BARBARA,44,False,,Latino,87983.0,True,1282981.0,0.0,True,False,4752,36058.55,741.0,Investment,25,11.6,False,12.14,Mortgage,True,False,11,Medium,2,0,6,604-325-6071T,4512 2398T 1098 7617,CREDIT,ToffendedHoopoe4SOBA@rand.netZero.com,0.13,0.32,36-45,OTHER,60k-100k,1M-2M,0-500,17
52527,F,Toronto,ON,LAMOTHE LINDA,26,False,,Asian,77453.0,True,1082068.0,0.0,True,False,2485,15259.07,697.0,Investment,4,9.76,False,36.5,Mortgage,True,False,7,Low,5,0,6,249-959-4929T,5415 9045T 2607 7372,CREDIT,TLL8983@rand.cogeco.ca,0.15,0.27,18-25,OTHER,60k-100k,1M-2M,0-500,8
124961,M,Calgary,AB,MELANIE CAMPBELL,40,False,,Asian,87881.0,True,740191.0,0.0,True,False,4437,58849.48,723.0,Checking,28,93.0,True,2981.1,Mortgage,True,False,0,High,4,0,3,825-716-6568T,5415 9065T 8108 7599,CREDIT,TMECAmorbidChough51971@non.bla.com,0.14,0.05,36-45,OTHER,60k-100k,500k-1M,0-500,5
125490,M,Calgary,AB,DANIEL RUSSELL,38,False,,Asian,90355.0,True,560987.0,0.0,True,False,3674,51476.88,735.0,Investment; Checking,17,34.0,True,2781.45,Mortgage,True,False,8,High,5,5,1,403-378-2013T,5415 9080T 6247 4150,CREDIT,TDR427534913@fake.netZero.com,0.14,0.39,36-45,OTHER,60k-100k,500k-1M,0-500,5
240843,M,Oakville,ON,NESBITT BRIAN,40,False,,White,121902.0,True,1033873.0,0.0,True,False,10158,9348.48,725.0,Investment; Checking; Credit,30,18.67,False,31.56,Mortgage,True,False,0,Medium,2,1,4,753-420-8527T,4512 2395T 3527 1464,CREDIT,TNB48193979@fake.hotmail.com,0.16,0.1,36-45,White,100k-200k,1M-2M,0-500,5
97419,M,Montreal,QC,LEVESQUE DANIEL,29,False,,White,64764.0,True,609909.0,0.0,True,False,3445,13320.94,649.0,Credit,15,0.33,False,51.16,,True,True,7,Low,5,0,6,354-728-8098T,5415 9078T 7760 1593,CREDIT,TLD73306401@synth.proton.com,0.18,0.52,26-35,White,60k-100k,500k-1M,0-500,30
71690,F,Toronto,ON,CUMMINGS POWER,28,True,xiB0qelv,White,69284.95,True,1175718.0,0.0,True,False,3527,15614.49,700.0,Checking,16,114.0,True,1872.02,Mortgage,True,False,0,Medium,2,0,2,647-520-2115T,4510 1386T 6035 8481,CREDIT,TCUMMINGS_POWER14@non.hotmail.com,0.15,0.1,26-35,White,60k-100k,1M-2M,0-500,14
3602,M,Toronto,ON,POWELL DAN,27,False,,Asian,90687.0,True,920293.0,0.0,True,True,3863,37210.41,850.0,Checking,4,8.62,False,5.44,Auto Loan,True,False,6,Low,4,3,2,365-838-6640T,4519 9274T 3744 8641,DEBIT,TPOWELL_DAN67@test.hotmail.com,0.15,0.5,26-35,OTHER,60k-100k,500k-1M,0-500,5
94355,F,Montreal,QC,GAUTHIER NADIA,45,True,,White,70469.0,True,776483.0,0.0,True,False,3632,27832.49,726.0,Joint,4,96.0,True,2423.4,Mortgage,True,False,0,High,3,2,5,579-514-3232T,4512 2344T 2296 8341,CREDIT,TGN227880315@test.hotmail.com,0.18,0.09,36-45,White,60k-100k,500k-1M,0-500,9
216549,F,Markham,ON,BORGER KAREN,45,False,,Asian,85815.0,True,1290106.0,0.0,True,False,3788,24367.25,718.0,Checking; Investment; Credit,22,95.0,True,2028.71,Personal Loan,False,True,3,High,5,0,4,742-657-9039T,4512 2347T 6151 7772,CREDIT,TBK66261@test.jumo.com,0.12,0.07,36-45,OTHER,60k-100k,1M-2M,0-500,5
58822,M,Toronto,ON,DESOUKI TAREK,28,False,,Asian,90770.0,True,1096831.0,0.0,True,False,2844,29218.53,697.0,Credit,11,11.46,False,24.6,Mortgage,True,False,0,Medium,2,0,5,613-740-1656T,4510 1538T 0448 9531,CREDIT,TDESOUKI_TAREK99@test.yahoo.com,0.15,0.12,26-35,OTHER,60k-100k,1M-2M,0-500,39
236794,M,St. Catharines,ON,FLANNERY WARD,38,False,,White,97202.0,True,659298.0,0.0,True,False,4544,29975.21,738.0,Checking; Investment,15,96.0,True,3047.33,Mortgage,False,True,12,High,4,2,3,226-734-7091T,4514 0195T 8400 3767,CREDIT,TFLWAresolvedPretzels51991@test.mail.com,0.13,0.09,36-45,White,60k-100k,500k-1M,0-500,7
121960,F,Vancouver,BC,LINTON ALEXA,29,False,,White,73167.0,True,1340200.0,0.0,False,False,4032,12717.16,680.0,Credit,3,49.0,True,2720.13,Mortgage,True,False,0,High,4,3,2,778-604-3095T,4512 2315T 2051 7697,CREDIT,TLINTON_ALEXA77@fake.cogeco.ca,0.13,0.43,26-35,White,60k-100k,1M-2M,0-500,5
3336,M,Toronto,ON,BRYAN WEBER,33,False,,White,74119.0,True,990414.0,0.0,False,False,3450,36430.39,668.0,Investment,4,86.0,True,1813.98,Mortgage,True,False,0,High,4,5,1,613-208-5890T,4510 1681T 4753 3025,DEBIT,TBW320674@rand.icloud.com,0.15,0.23,26-35,White,60k-100k,500k-1M,0-500,6
1856,M,Toronto,ON,BRAEKER PAUL,38,False,,Black,110584.0,True,1644701.0,0.0,False,False,9215,13125.55,718.0,Investment,22,17.86,False,23.21,Mortgage,True,False,8,Low,6,3,2,416-700-8906T,5415 9055T 0953 9370,CREDIT,TBRPAenviousCordial11957@non.bla.com,0.15,0.73,36-45,OTHER,100k-200k,1M-2M,0-500,7
172820,M,Hamilton,ON,WHITE BOB,45,False,,White,101476.0,True,1103783.0,0.0,True,False,8456,34272.41,739.0,Checking; Credit,15,14.68,False,30.42,Mortgage,False,False,0,Medium,2,0,5,905-756-4413T,4514 0148T 6327 3202,CREDIT,TWB37222671@fake.jumo.com,0.15,0.07,36-45,White,100k-200k,1M-2M,0-500,5
62760,M,Toronto,ON,BRENDAN JONES,45,True,,White,108070.0,True,1214838.0,0.0,True,False,9006,53476.97,797.0,Checking; Credit; Joint; Investment,34,24.85,False,45.81,Personal Loan,True,False,12,Medium,2,3,3,742-846-6888T,4512 2396T 4599 3124,CREDIT,TBJ40975387@synth.proton.com,0.15,0.41,36-45,White,100k-200k,1M-2M,0-500,16
54099,F,Toronto,ON,RATCLIFFE ALISON,32,False,,Asian,81110.0,True,978866.0,0.0,False,False,3627,40163.58,665.0,Checking,16,6.49,False,20.99,Mortgage,True,True,5,Low,5,3,3,683-532-5058T,4514 0153T 9220 2105,CREDIT,TpanickyLemur3RAAL@synth.proton.com,0.15,0.4,26-35,OTHER,60k-100k,500k-1M,0-500,6
39091,F,Toronto,ON,INGLIS ELIZA,32,False,,Asian,95446.0,False,0.0,1639.0,True,False,4146,10919.75,579.0,Checking,17,6.74,False,26.9,,True,False,7,Low,4,0,6,343-613-1114T,4519 9296T 0363 0239,DEBIT,TIE5564476019@synth.jumo.com,0.15,0.1,26-35,OTHER,60k-100k,0-200k,1k-2k,7
4206,F,Toronto,ON,CADORE RITA,39,False,,Asian,98931.0,True,1150725.0,0.0,True,True,5123,24332.43,850.0,Checking; Investment,21,107.0,True,3729.55,Mortgage,True,False,7,High,4,2,4,289-609-3373T,4510 1392T 7344 3295,CREDIT,TbetrayedIcecream5CARI@rand.iCloud.com,0.15,0.06,36-45,OTHER,60k-100k,1M-2M,0-500,12
35995,M,Toronto,ON,HALL ROBT,37,False,,Others,74104.0,True,1256972.0,0.0,True,False,3325,47456.33,720.0,Credit; Checking,18,16.61,False,65.73,Personal Loan,True,False,0,Low,5,3,2,437-747-4644T,4510 1397T 8256 8157,CREDIT,THALLROBT@non.hotmail.com,0.15,0.29,36-45,OTHER,60k-100k,1M-2M,0-500,40
11828,F,Toronto,ON,PLUT MARYAN,37,False,,White,87585.0,True,1080017.0,0.0,True,True,5429,27210.66,850.0,Checking,3,18.68,False,58.56,Mortgage,True,False,0,Medium,2,2,4,226-584-1463T,4514 0111T 8035 3260,CREDIT,TPM858629@test.live.com,0.15,0.12,36-45,White,60k-100k,1M-2M,0-500,5
42645,M,Toronto,ON,BEDFORD PAUL,23,False,,Asian,67840.0,False,0.0,1076.0,True,True,2926,2369.99,656.0,Checking,9,64.0,True,1583.68,,False,True,0,High,4,2,3,289-136-8696T,4512 2357T 7633 5565,CREDIT,TBEDFORDjealousOcelot059@test.gmail.com,0.15,0.15,18-25,OTHER,60k-100k,0-200k,1k-2k,6
54111,F,Toronto,ON,TUCKER CAROL,45,False,,White,69443.0,True,1044877.0,0.0,True,False,3429,12427.72,697.0,Credit,16,64.0,True,1862.59,Mortgage,False,True,0,High,5,1,6,548-572-1106T,4512 2358T 2978 3669,CREDIT,TTC3468985869@rand.neo.com,0.15,0.11,36-45,White,60k-100k,1M-2M,0-500,42
42737,M,Toronto,ON,NEVILL DON,36,True,4qJpR6E6,White,93281.0,True,939665.0,0.0,True,False,4697,29567.4,755.0,Investment; Credit; Checking; Joint,4,0.4,False,18.4,Mortgage,False,False,0,Low,5,0,5,613-953-1014T,4519 9215T 1574 7257,DEBIT,TNEVILLDON@non.iCloud.com,0.15,0.08,26-35,White,60k-100k,500k-1M,0-500,8
2473,M,Toronto,ON,YOUNG JOHN,26,False,,White,81229.0,True,1260335.0,0.0,True,False,4556,40547.41,704.0,Checking,14,8.69,False,11.26,Mortgage,False,True,1,Low,5,1,4,416-567-5851T,4519 9210T 6825 7835,DEBIT,TYOUNG_JOHN28@synth.netZero.com,0.15,0.08,18-25,White,60k-100k,1M-2M,0-500,10
6267,F,Toronto,ON,PALLESCHI BETH,44,False,,Black,70263.0,True,1146531.0,0.0,True,False,3250,51173.68,731.0,Checking,13,12.67,False,36.16,Mortgage,True,False,0,Low,5,2,4,683-502-7090T,4510 1514T 7650 8270,CREDIT,TPB3540379@synth.bla.com,0.15,0.08,36-45,OTHER,60k-100k,1M-2M,0-500,69
67080,F,Toronto,ON,WAINWRIGHT ELIZABETH,31,False,,White,77902.0,True,1234049.0,0.0,True,False,3756,11467.95,697.0,Credit,18,9.58,False,2.86,Auto Loan,False,False,0,Low,6,0,6,705-954-6136T,4519 9292T 5715 4352,DEBIT,TWE356674@rand.yahoo.com,0.15,0.18,26-35,White,60k-100k,1M-2M,0-500,37
50462,M,Toronto,ON,TRAVIS BLACKBURN,38,False,,Asian,92437.0,True,1238782.0,0.0,True,False,4498,19898.25,731.0,Checking; Investment; Credit,23,14.92,False,22.37,Mortgage,True,True,0,Medium,2,2,3,519-624-9881T,5415 9014T 7677 5525,CREDIT,TTB437028283@non.iCloud.com,0.15,0.11,36-45,OTHER,60k-100k,1M-2M,0-500,40
189795,M,Brampton,ON,MUIRHEAD GARY,33,True,mNXv4DI0,Latino,125631.81,True,1284640.0,0.0,True,False,8845,19440.81,753.0,Joint,13,9.17,False,7.81,Mortgage,False,False,6,High,5,2,2,519-955-4575T,4510 1315T 9236 0851,CREDIT,TMUIRHEADGARY@test.iCloud.com,0.17,0.06,26-35,OTHER,100k-200k,1M-2M,0-500,6
55355,M,Toronto,ON,WALTERS BRENT,35,False,,Black,104855.0,True,1338618.0,0.0,True,False,7221,7490.75,706.0,Checking,9,113.0,True,5538.98,Mortgage,True,True,11,High,3,2,1,416-710-3604T,4519 9271T 8884 5869,DEBIT,TWB33007437@non.yahoo.com,0.15,0.23,26-35,OTHER,100k-200k,1M-2M,0-500,21
28588,M,Toronto,ON,MOREAULT PIERRE,25,False,,White,95264.0,True,1158584.0,0.0,True,False,1665,31606.78,745.0,Credit,10,14.13,False,24.38,Mortgage,False,False,0,Medium,2,3,2,753-421-9032T,4510 1362T 6150 5221,CREDIT,TMOREAULToffendedPorpoise980@synth.yahoo.com,0.15,0.29,18-25,White,60k-100k,1M-2M,0-500,10
31795,F,Toronto,ON,ANTINORI TARA,29,False,,Asian,71351.0,True,1150993.0,0.0,True,True,3082,28195.25,827.0,Investment; Credit; Checking,15,64.0,True,2446.77,Mortgage,False,True,7,High,4,1,4,742-761-1085T,5415 9036T 3460 7808,CREDIT,TANTINORI_TARA45@synth.netZero.com,0.15,0.12,26-35,OTHER,60k-100k,1M-2M,0-500,7
60520,F,Toronto,ON,SAMANTHA LEE,48,False,,Asian,62137.0,True,1169115.0,0.0,True,False,3997,10930.15,704.0,Checking,4,66.0,True,2743.88,Mortgage,True,False,0,High,5,1,5,437-104-8135T,4510 1389T 0054 3478,CREDIT,TSL5441622681@test.comcast.net,0.15,0.05,46-55,OTHER,60k-100k,1M-2M,0-500,23
106647,M,Vancouver,BC,JIMMY BOWMAN,30,False,,Asian,101502.0,True,1051629.0,0.0,True,False,3587,5768.57,682.0,Checking,17,90.0,True,2013.39,Mortgage,False,False,0,High,4,3,3,250-676-7910T,4510 1615T 4877 6231,DEBIT,TJB75161429@fake.aol.com,0.13,0.26,26-35,OTHER,100k-200k,1M-2M,0-500,8
153215,M,Ottawa,ON,LEMON KEN,30,False,,Latino,105588.0,True,778252.0,0.0,True,False,3296,9412.21,680.0,Investment; Credit; Checking,19,19.03,False,22.89,Mortgage,True,False,0,Medium,2,0,5,683-660-7891T,4519 9299T 7037 5267,DEBIT,TLK800483@test.proton.com,0.14,0.2,26-35,OTHER,100k-200k,500k-1M,0-500,6
70460,F,Toronto,ON,HOLMES LIA,38,False,,White,68582.0,True,975801.0,0.0,True,False,3008,7565.38,670.0,Checking,15,15.48,False,31.47,Mortgage,False,False,0,Low,6,1,6,343-339-8967T,5415 9054T 4408 0868,CREDIT,THL1941367@synth.icloud.com,0.15,0.15,36-45,White,60k-100k,500k-1M,0-500,10
40423,M,Toronto,ON,QUANTZ MONTGOMERY,38,True,WdEX1e6q,White,83535.18,True,1146147.0,0.0,False,False,5188,56437.47,720.0,Checking,23,11.0,False,24.19,Mortgage,False,False,11,Medium,2,0,7,249-239-1859T,4514 0191T 1792 7557,CREDIT,TQUANTZMONTGOMERY@non.gmail.com,0.15,0.09,36-45,White,60k-100k,1M-2M,0-500,8
98225,F,Montreal,QC,DAPI MIRANDA,33,False,,White,56656.0,True,536019.0,0.0,True,False,3541,15414.6,636.0,Credit; Checking,19,9.55,False,19.3,Mortgage,True,True,0,Low,4,0,8,579-455-3359T,4519 9261T 7482 7082,DEBIT,TwearyHare4DAMI@test.proton.com,0.18,0.13,26-35,White,30k-60k,500k-1M,0-500,7
8486,F,Toronto,ON,PEREZ TERESITA,36,True,n7F6kraI,White,110688.0,True,1131368.0,0.0,True,False,9224,29544.0,774.0,Joint,13,25.62,False,54.75,Mortgage,True,True,0,Low,6,5,1,683-813-3746T,4510 1659T 9566 6769,DEBIT,TPT297509900@synth.zoho.com,0.15,0.53,26-35,White,100k-200k,1M-2M,0-500,7
75840,M,Montreal,QC,BIGONESSE CLEMENT,32,False,,Latino,89055.0,True,610674.0,0.0,False,False,3031,10580.47,658.0,Checking,21,12.29,False,8.44,Mortgage,False,False,0,Low,5,0,5,263-838-7628T,4510 1317T 6865 2652,CREDIT,TBIGONESSECLEMENT@rand.jumo.com,0.18,0.17,26-35,OTHER,60k-100k,500k-1M,0-500,7
161144,F,Winnipeg,MB,HEINRICHS EDNA,38,False,,Asian,81144.0,True,458233.0,0.0,True,False,4610,12158.95,646.0,Credit; Investment; Checking,3,9.7,False,11.87,Mortgage,True,False,0,Low,4,0,6,431-791-1268T,4510 1685T 5843 7230,DEBIT,THE0216@non.yahoo.com,0.18,0.06,36-45,OTHER,60k-100k,200k-500k,0-500,6
152228,F,Ottawa,ON,LEHTOVAARA SARAH,43,False,,Others,99309.0,True,913996.0,0.0,True,False,3617,20651.46,693.0,Credit; Investment; Checking,29,110.0,True,2127.9,Personal Loan,False,False,0,High,5,2,2,905-583-7085T,4510 1575T 2974 3465,CREDIT,TLS8116341178@non.aol.com,0.14,0.11,36-45,OTHER,60k-100k,500k-1M,0-500,7
82512,F,Montreal,QC,PRIMEAU MICHELINE,43,False,,White,56477.0,True,621954.0,0.0,True,False,2905,17890.41,661.0,Credit,2,14.22,False,138.07,Mortgage,True,False,0,Medium,2,0,7,354-472-3523T,4510 1550T 8893 0283,CREDIT,TPM732127@fake.aol.com,0.18,0.08,36-45,White,30k-60k,500k-1M,0-500,8
46805,F,Toronto,ON,DAWES JENNIFER,46,False,,Asian,77025.0,True,1113255.0,0.0,False,False,4078,77428.51,737.0,Investment,17,57.0,True,2889.13,Mortgage,True,False,0,High,4,2,4,905-362-9465T,4510 1360T 5575 1509,CREDIT,TDJ6170@test.live.com,0.15,0.08,36-45,OTHER,60k-100k,1M-2M,0-500,23
101849,F,Montreal,QC,LEDUC MARTINE,20,False,,White,7983.0,False,0.0,684.0,False,False,851,7189.54,412.0,Checking; Savings,4,10.93,False,27.06,,False,True,0,Medium,2,1,5,581-540-3557T,4519 9211T 0845 6960,DEBIT,TLEDUC_MARTINE85@fake.zoho.com,0.18,0.13,18-25,White,0-30k,0-200k,500-1k,6
82321,M,Montreal,QC,COTE REMI,46,True,,White,88841.0,True,752473.0,0.0,True,False,5456,106827.7,781.0,Joint,35,15.57,False,33.58,Mortgage,True,True,7,Medium,2,0,5,354-376-1101T,4514 0165T 3920 0002,CREDIT,TCR974625622@rand.neo.com,0.18,0.1,36-45,White,60k-100k,500k-1M,0-500,10
16110,F,Toronto,ON,WALTERHOUSE GAIL,27,False,,White,74159.0,True,1159715.0,0.0,True,False,3616,12947.25,699.0,Investment; Checking; Credit,7,84.0,True,2107.94,Mortgage,True,False,12,High,3,0,6,416-903-4135T,4519 9223T 6585 1009,DEBIT,TWALTERHOUSE_GAIL2@non.hotmail.com,0.15,0.16,26-35,White,60k-100k,1M-2M,0-500,37
101851,M,Montreal,QC,BURCHERI JASON,35,False,,Asian,94332.0,True,678073.0,0.0,True,False,4661,39254.88,715.0,Investment; Checking; Credit,18,8.59,False,29.43,Mortgage,True,False,0,Low,4,2,3,873-374-9598T,5415 9021T 0232 6871,CREDIT,TBJ62175699@test.att.net,0.18,0.07,26-35,OTHER,60k-100k,500k-1M,0-500,20
136851,F,Edmonton,AB,BERUBE LUCIENNE,40,False,,Asian,67095.0,True,453590.0,0.0,True,False,3419,8692.45,646.0,Checking,2,11.42,False,27.52,Mortgage,True,True,0,Low,4,0,7,825-631-5766T,4510 1366T 8369 6091,CREDIT,TBL9909571@synth.netZero.com,0.16,0.12,36-45,OTHER,60k-100k,200k-500k,0-500,5
103221,F,Vancouver,BC,LUDWIG DIANA,43,True,,Asian,71426.0,True,1340167.0,0.0,True,False,4367,37169.93,725.0,Investment; Joint; Checking; Credit,23,88.0,True,2800.1,Mortgage,True,False,0,High,4,1,4,236-269-2620T,4514 0160T 5702 1096,CREDIT,TLD201936@fake.yahoo.com,0.13,0.12,36-45,OTHER,60k-100k,1M-2M,0-500,12
24126,M,Toronto,ON,ARGYROPOULOS JOHN,30,False,,Asian,117935.0,True,1231694.0,0.0,True,False,2718,13186.29,738.0,Checking; Credit,20,18.13,False,26.49,Mortgage,True,False,0,Low,4,0,6,647-576-6243T,4510 1383T 0680 2323,CREDIT,TAJ566393@rand.mail.com,0.15,0.09,26-35,OTHER,100k-200k,1M-2M,0-500,21
3516,F,Toronto,ON,BALAKA KATHY,32,False,,White,73329.0,True,1175951.0,0.0,True,False,3684,35009.98,719.0,Checking; Credit,11,6.15,False,26.58,Mortgage,True,False,0,Low,6,0,7,437-650-5922T,5415 9022T 6071 8266,CREDIT,TBK9976@non.att.net,0.15,0.17,26-35,White,60k-100k,1M-2M,0-500,37
51883,F,Toronto,ON,CHARRON NANCY,47,False,,Black,78713.0,True,1155473.0,0.0,True,False,3802,80603.96,768.0,Credit; Investment,15,96.0,True,2192.58,Mortgage,False,False,0,High,4,2,5,519-563-5627T,4510 1647T 0986 9570,DEBIT,TCN1591483107@non.cogeco.ca,0.15,0.12,46-55,OTHER,60k-100k,1M-2M,0-500,23
39844,M,Toronto,ON,JASON SHORT,34,True,,White,81905.0,True,887923.0,0.0,True,False,4353,31833.46,747.0,Investment,15,7.23,False,75.16,Mortgage,False,False,10,Low,4,0,5,226-365-8533T,4510 1331T 4886 6258,CREDIT,TJS0975078652@non.live.com,0.15,0.11,26-35,White,60k-100k,500k-1M,0-500,8
91581,M,Montreal,QC,BEAULIEU DANNY,39,False,,White,88255.0,True,556669.0,0.0,True,False,3733,16650.11,668.0,Investment; Credit,15,78.0,True,2979.5,Mortgage,False,False,3,High,4,2,1,468-990-2447T,4510 1559T 7232 6585,CREDIT,TBD998316@rand.outlook.com,0.18,0.13,36-45,White,60k-100k,500k-1M,0-500,28
241025,M,Oakville,ON,ABBOUD JOHN,39,False,,White,115963.0,True,1345540.0,0.0,True,False,9664,40712.73,746.0,Investment,18,17.96,False,36.03,Mortgage,True,False,0,Medium,2,1,5,437-291-2372T,5415 9039T 1422 1265,CREDIT,TABJOwakefulOil81952@fake.live.com,0.16,0.09,36-45,White,100k-200k,1M-2M,0-500,5
1650,F,Toronto,ON,DIMITRIJEVIC ALEXANDRA,35,False,,White,94759.0,True,1035756.0,0.0,True,False,2808,44825.79,734.0,Credit; Checking; Investment,17,100.0,True,1776.94,Auto Loan,False,False,0,High,5,2,6,613-933-2598T,5415 9066T 0829 4812,CREDIT,TDA407700644@fake.outlook.com,0.15,0.06,26-35,White,60k-100k,1M-2M,0-500,37
24098,M,Toronto,ON,HANSTEAD GREG,21,False,,Latino,13988.0,False,0.0,955.0,False,False,1034,6444.3,426.0,Checking; Savings,6,50.0,True,561.55,Student Loan,False,True,0,High,4,0,5,705-178-2248T,4510 1336T 8158 4595,CREDIT,THANSTEAD_GREG95@rand.live.com,0.15,0.12,18-25,OTHER,0-30k,0-200k,500-1k,11
94541,M,Montreal,QC,OUELLET ANDRE,22,False,,White,34271.0,False,0.0,546.0,False,False,1592,3202.42,418.0,Checking,4,12.0,False,18.47,,False,False,0,Medium,2,1,4,579-315-9621T,4519 9213T 1034 8819,DEBIT,TOA57671957@non.live.com,0.18,0.15,18-25,White,30k-60k,0-200k,500-1k,8
14715,F,Toronto,ON,HAZELTON BARBARA,37,False,,Black,81812.0,False,0.0,1649.0,True,False,3757,41335.48,597.0,Checking,18,10.98,False,15.25,,True,False,0,Medium,2,0,6,807-381-6701T,4510 1644T 7846 2629,DEBIT,THB823278@test.att.net,0.15,0.1,36-45,OTHER,60k-100k,0-200k,1k-2k,7
152473,F,Ottawa,ON,THIBERT JOY,27,False,,White,77872.0,True,645404.0,0.0,True,False,3559,7251.07,656.0,Checking; Credit; Investment,17,108.0,True,2472.83,Mortgage,False,False,8,High,4,1,4,416-539-1037T,4510 1379T 5988 9483,CREDIT,TTJ1182521@fake.att.net,0.14,0.13,26-35,White,60k-100k,500k-1M,0-500,18
61949,M,Toronto,ON,BORRELLI FRANK,35,False,,Asian,109614.0,True,1035396.0,0.0,True,False,8626,39657.51,736.0,Credit,4,14.16,False,12.23,Mortgage,True,True,0,Low,4,0,5,742-818-7881T,4512 2331T 2306 4589,CREDIT,TBF1779133@rand.icloud.com,0.15,1.0,26-35,OTHER,100k-200k,1M-2M,0-500,21
1127,F,Toronto,ON,HORNIAK LISA,23,False,,Black,79569.0,False,0.0,1136.0,True,False,2914,13993.2,521.0,Investment,4,101.0,True,1935.47,Student Loan,False,False,0,High,4,7,1,905-818-8570T,5415 9028T 8088 5383,CREDIT,THL33888@rand.bla.com,0.15,0.16,18-25,OTHER,60k-100k,0-200k,1k-2k,8
24675,F,Toronto,ON,BREWSTER JEANNIE,20,False,,White,23989.0,False,0.0,880.0,False,False,1185,7732.93,424.0,Savings,4,6.83,False,26.48,,False,False,0,Medium,2,1,5,742-832-6040T,5415 9078T 4455 9852,CREDIT,TBREWSTER_JEANNIE34@synth.gmail.com,0.15,0.07,18-25,White,0-30k,0-200k,500-1k,10
71051,F,Toronto,ON,MEWETT CAROLE,33,False,,White,64230.0,True,1118291.0,0.0,True,False,2851,13899.25,651.0,Checking,14,4.32,False,8.51,Mortgage,True,False,0,Low,5,0,7,289-996-7733T,4514 0185T 3387 8161,CREDIT,TMC16361@non.jumo.com,0.15,0.14,26-35,White,60k-100k,1M-2M,0-500,37
110019,F,Vancouver,BC,CLAGUE ELANE,40,False,,Latino,67810.0,True,1242806.0,0.0,False,False,4406,9547.55,667.0,Credit,18,14.16,False,45.35,Mortgage,True,False,6,Low,5,0,6,672-158-7687T,4519 9250T 8959 0348,DEBIT,TCE74167@rand.live.com,0.13,0.47,36-45,OTHER,60k-100k,1M-2M,0-500,8
142099,F,Ottawa,ON,NAVANEETHAN MAI,31,False,,White,85080.0,True,631012.0,0.0,True,False,3504,35002.7,695.0,Investment,13,53.0,True,2224.41,Mortgage,True,False,11,High,4,1,4,807-677-9811T,4510 1556T 4625 7061,CREDIT,TNM5972630854@test.iCloud.com,0.14,0.14,26-35,White,60k-100k,500k-1M,0-500,18
3024,F,Toronto,ON,MORENO MARIA,45,False,,Asian,75737.0,True,1184452.0,0.0,True,False,3710,106432.11,716.0,Credit,35,46.0,True,2560.6,Mortgage,False,False,0,High,4,4,1,705-495-5552T,4510 1555T 2642 4775,CREDIT,TselfishDove2MOMA@synth.att.net,0.15,0.12,36-45,OTHER,60k-100k,1M-2M,0-500,69
91096,M,Montreal,QC,BULHOES JOHN,36,False,,White,68969.0,True,565220.0,0.0,False,False,2925,13325.64,622.0,Credit,19,9.65,False,98.24,Mortgage,False,False,0,Low,5,1,5,367-492-6260T,4510 1529T 1468 2239,CREDIT,TBULHOESJOHN@non.live.com,0.18,0.07,26-35,White,60k-100k,500k-1M,0-500,7
26224,M,Toronto,ON,BOULTON CHAS,41,False,,Asian,99614.0,True,1280547.0,0.0,True,False,4697,38263.53,745.0,Checking,4,56.0,True,3584.64,Mortgage,False,False,0,High,5,5,1,249-451-2517T,5415 9024T 9038 7466,CREDIT,TBOULTONCHAS@rand.jumo.com,0.15,0.08,36-45,OTHER,60k-100k,1M-2M,0-500,40
42990,M,Toronto,ON,BELLISSIMO BRUNO,49,True,,Asian,89067.0,True,1161213.0,0.0,True,False,5439,52697.7,793.0,Investment,37,120.0,True,2788.1,Mortgage,False,False,0,High,3,2,4,437-478-3379T,5415 9042T 5236 7550,CREDIT,TBB79060514@non.comcast.net,0.15,0.09,46-55,OTHER,60k-100k,1M-2M,0-500,9
84180,F,Montreal,QC,VIAU YOLANDE,24,False,,White,60184.0,False,0.0,558.0,True,False,2760,9028.17,499.0,Checking,15,61.0,True,1472.33,,False,False,0,High,5,1,3,873-483-1651T,4519 9246T 2037 5145,DEBIT,TVIAU_YOLANDE10@rand.zoho.com,0.18,0.07,18-25,White,60k-100k,0-200k,500-1k,9
24690,M,Toronto,ON,RICHARDS BOB,40,True,,White,115617.0,True,1154979.0,0.0,True,False,9635,25218.07,740.0,Checking,29,66.0,True,7578.85,Mortgage,True,False,0,High,4,5,1,416-169-1819T,5415 9017T 6621 4176,CREDIT,TRICHARDSBOB@synth.netZero.com,0.15,0.09,36-45,White,100k-200k,1M-2M,0-500,16
34879,M,Toronto,ON,CHEUNG FELIX,34,False,,White,111710.0,True,1359768.0,0.0,True,False,7804,23830.67,718.0,Credit,8,12.44,False,41.0,Mortgage,False,False,1,Low,6,0,5,807-989-5345T,5415 9067T 8403 0987,CREDIT,TCF6910585270@fake.outlook.com,0.15,0.09,26-35,White,100k-200k,1M-2M,0-500,16
53224,M,Toronto,ON,KINOSHITA GENE,36,False,,Asian,110643.0,True,1132580.0,0.0,True,False,9220,22216.45,711.0,Credit; Checking; Investment,4,120.0,True,5864.64,Mortgage,True,False,0,High,4,1,6,249-442-8168T,4512 2349T 6457 3104,CREDIT,TKIGEenviousPudding51967@rand.neo.com,0.15,0.13,26-35,OTHER,100k-200k,1M-2M,0-500,21
9634,M,Toronto,ON,BISIGNANO EMILIO,43,True,,Latino,100793.0,True,1185852.0,0.0,True,False,8399,15366.89,744.0,Investment; Joint; Checking; Credit,17,57.0,True,4440.63,Mortgage,True,False,0,High,4,2,4,226-440-4490T,5415 9013T 7815 5307,CREDIT,TBE63630705@synth.jumo.com,0.15,0.11,36-45,OTHER,100k-200k,1M-2M,0-500,22
38664,F,Toronto,ON,ROLFE ANNE,27,False,,Latino,78028.0,True,1072925.0,0.0,True,False,3093,45694.65,733.0,Credit,14,8.73,False,17.03,,True,False,0,Low,4,0,5,343-897-1682T,4512 2323T 3369 7957,CREDIT,TROLFE_ANNE85@rand.live.com,0.15,0.15,26-35,OTHER,60k-100k,1M-2M,0-500,63
1304,F,Toronto,ON,DIGNARD REJEAN,41,True,,Asian,89583.0,True,1279740.0,0.0,True,False,4508,14083.47,712.0,Checking; Credit; Investment; Joint,23,44.0,True,3039.48,Mortgage,True,False,0,High,3,1,5,753-805-7215T,5415 9079T 8159 3614,CREDIT,TDR0618665@fake.att.net,0.15,0.06,36-45,OTHER,60k-100k,1M-2M,0-500,36
60222,M,Toronto,ON,ROBINSON TIM,34,True,,White,117512.0,True,1271756.0,0.0,True,False,9793,14900.51,760.0,Joint,16,14.0,False,15.0,Mortgage,True,False,0,Low,6,0,6,289-401-6621T,4510 1532T 7695 3698,CREDIT,TRT40492@synth.outlook.com,0.15,0.17,26-35,White,100k-200k,1M-2M,0-500,6
126613,F,Calgary,AB,POLLOCK SHARLENE,32,False,,White,98066.0,True,562967.0,0.0,True,False,4204,7863.25,666.0,Checking,22,8.71,False,13.33,Mortgage,False,False,11,Low,6,3,2,780-394-8140T,4514 0132T 1308 4421,CREDIT,TalertCaribou8POSH@fake.yahoo.com,0.14,0.62,26-35,White,60k-100k,500k-1M,0-500,6
218687,F,Oshawa,ON,THOMPSON DEBRA,39,False,,White,77566.0,True,777542.0,0.0,True,False,4975,31229.73,710.0,Investment; Checking,19,14.72,False,32.8,Personal Loan,True,True,12,Medium,2,0,7,437-731-9354T,4512 2337T 7641 6084,CREDIT,TTD56504047@synth.cogeco.ca,0.14,0.28,36-45,White,60k-100k,500k-1M,0-500,5
98502,F,Montreal,QC,MARTEL NATHALIE,23,False,,White,48035.0,False,0.0,720.0,True,False,2121,2014.56,447.0,Savings,14,40.0,True,1409.93,,False,False,10,High,4,3,5,263-274-5763T,4510 1393T 7420 3863,CREDIT,TMARTEL_NATHALIE45@fake.hotmail.com,0.18,0.13,18-25,White,30k-60k,0-200k,500-1k,7
164231,M,Quebec City,QC,ROUGEAU JACQUES,37,True,ncbDXi6M,White,98309.56,True,352856.0,0.0,True,False,6455,31213.45,702.0,Credit,25,17.42,False,28.67,Mortgage,True,False,0,Low,6,3,2,514-299-3437T,4510 1566T 8939 0298,CREDIT,TRJ3660616852@synth.outlook.com,0.16,0.43,36-45,White,60k-100k,200k-500k,0-500,8
143136,M,Ottawa,ON,STJOHN TOYOTA,29,True,QnnLBcXX,White,67275.86,True,745114.0,0.0,True,False,4199,17310.26,673.0,Checking,3,6.2,False,214.68,Mortgage,False,False,0,High,1,3,3,807-504-7613T,4514 0173T 4386 5254,CREDIT,TSTJOHN_TOYOTA69@fake.hotmail.com,0.14,0.47,26-35,White,60k-100k,500k-1M,0-500,5
42934,M,Toronto,ON,SHOCK ROBERT,43,False,,White,92767.0,True,1243902.0,0.0,False,False,4711,26440.33,692.0,Checking,18,43.0,True,3420.64,Mortgage,False,True,12,High,4,2,5,753-469-7949T,4510 1388T 6397 8979,CREDIT,TSR6395@synth.iCloud.com,0.15,0.1,36-45,White,60k-100k,1M-2M,0-500,7
53944,F,Toronto,ON,HEAPS PATRICIA,45,False,,White,84422.0,True,1170942.0,0.0,True,False,4436,60577.18,754.0,Checking,23,102.0,True,2406.54,Mortgage,False,False,0,High,4,1,5,343-525-3717T,4512 2391T 8777 5415,CREDIT,THP289363923@non.hotmail.com,0.15,0.13,36-45,White,60k-100k,1M-2M,0-500,42
71060,M,Toronto,ON,SHELDON ERNEST,38,False,,Asian,85902.0,True,1123484.0,0.0,True,False,4575,12398.0,678.0,Checking,21,16.82,False,32.64,,True,True,4,Medium,2,0,5,742-280-8011T,4510 1366T 8536 6809,CREDIT,TSE24559@rand.netZero.com,0.15,0.12,36-45,OTHER,60k-100k,1M-2M,0-500,40
69918,M,Toronto,ON,HAUGHTON TUOMI,37,True,ecIKcVxC,Asian,75504.34,True,1009954.0,0.0,True,False,3714,31160.25,714.0,Checking; Credit,25,17.65,False,51.19,Mortgage,False,False,11,High,4,2,6,365-926-3349T,4510 1628T 7815 3852,DEBIT,THT5016@non.comcast.net,0.15,0.05,36-45,OTHER,60k-100k,1M-2M,0-500,26
8008,M,Toronto,ON,CAMPBELL JOHN,34,True,,Black,71519.0,True,917473.0,0.0,True,False,3263,35630.67,726.0,Joint; Credit; Investment; Checking,4,13.65,False,21.07,Personal Loan,True,False,1,Low,4,0,4,742-941-7427T,4510 1323T 6638 9885,CREDIT,TCAMPBELLJOHN@fake.live.com,0.15,0.04,26-35,OTHER,60k-100k,500k-1M,0-500,8
168375,F,Hamilton,ON,RICCI NICOLA,37,False,,White,71700.0,True,885277.0,0.0,True,False,4151,42826.21,739.0,Credit,26,17.39,False,68.54,Mortgage,True,True,5,Medium,2,1,5,519-169-2172T,5415 9088T 3310 0748,CREDIT,TfondOryx8RINI@test.outlook.com,0.15,0.12,36-45,White,60k-100k,500k-1M,0-500,8
4630,M,Toronto,ON,MCROBERTS FRED,31,False,,Asian,80017.0,True,1257363.0,0.0,True,False,3804,40144.99,693.0,Checking,10,7.03,False,37.71,,True,False,7,Low,5,0,5,416-133-6708T,4510 1319T 3851 8197,CREDIT,TMF3860@synth.bla.com,0.15,0.16,26-35,OTHER,60k-100k,1M-2M,0-500,39
22830,F,Toronto,ON,DEBOER JOCELYN,49,False,,Asian,83674.0,True,1333351.0,0.0,True,False,4965,61464.77,758.0,Checking,30,95.0,True,2781.71,,False,True,0,High,3,0,7,742-327-8439T,4514 0165T 5751 1217,CREDIT,TpeskyLlama2DEJO@rand.gmail.com,0.15,0.08,46-55,OTHER,60k-100k,1M-2M,0-500,23
65638,M,Toronto,ON,HARDT WILLIAM,20,False,,Asian,6528.0,False,0.0,845.0,False,False,1098,3373.41,423.0,Checking,4,8.44,False,16.18,,False,False,8,Medium,2,1,4,289-266-7837T,4519 9256T 9085 9073,DEBIT,THARDT_WILLIAM4@fake.zoho.com,0.15,0.07,18-25,OTHER,0-30k,0-200k,500-1k,11
23572,F,Toronto,ON,SUSI EMMA,35,False,,Asian,91432.0,True,986160.0,0.0,False,False,3080,9530.0,682.0,Checking; Credit,18,10.15,False,29.34,Mortgage,True,False,0,Medium,2,0,5,249-858-1455T,4510 1343T 5786 4065,CREDIT,TSE8048414377@fake.icloud.com,0.15,0.04,26-35,OTHER,60k-100k,500k-1M,0-500,6
38568,F,Toronto,ON,MICK SHELLEY,47,False,,Others,94533.0,True,1187746.0,0.0,True,False,6129,26031.94,732.0,Investment,21,98.0,True,4603.21,Mortgage,False,False,3,High,4,4,4,249-419-5403T,4510 1533T 0417 6344,CREDIT,TMS748309420@fake.mail.com,0.15,0.1,46-55,OTHER,60k-100k,1M-2M,0-500,23
23452,M,Toronto,ON,ROONEY PAUL,37,False,,White,83981.0,True,1228553.0,0.0,False,False,5469,7711.05,673.0,Investment,24,109.0,True,3117.27,Mortgage,False,False,11,High,4,6,1,365-690-1048T,4514 0161T 7651 1039,CREDIT,TROONEYPAUL@test.zoho.com,0.15,0.35,36-45,White,60k-100k,1M-2M,0-500,7
17095,F,Toronto,ON,EVANS MARIE,39,False,,Others,102829.0,True,1231204.0,0.0,True,False,8478,18900.73,741.0,Checking,2,17.03,False,19.6,Mortgage,True,False,0,Medium,2,0,6,226-108-3573T,4510 1545T 7544 8897,CREDIT,TEM3555932770@fake.bla.com,0.15,0.06,36-45,OTHER,100k-200k,1M-2M,0-500,14
94426,F,Montreal,QC,CASSISTA GINETTE,43,False,,White,80254.0,True,681028.0,0.0,False,False,4014,10005.43,653.0,Investment; Checking,31,15.78,False,90.04,Mortgage,True,False,0,Low,6,1,5,418-883-7508T,5415 9025T 1153 8878,CREDIT,TCG44655@synth.outlook.com,0.18,0.24,36-45,White,60k-100k,500k-1M,0-500,6
72007,M,Toronto,ON,ROBBINS ROBERT,28,False,,Asian,86867.0,True,1186635.0,0.0,True,True,4013,19492.39,850.0,Investment,15,11.19,False,12.1,Mortgage,False,False,0,Low,4,0,5,437-130-7461T,4510 1513T 0606 0385,CREDIT,TROBBINS_ROBERT5@test.jumo.com,0.15,0.06,26-35,OTHER,60k-100k,1M-2M,0-500,5
60077,M,Toronto,ON,AUSTIN MCDONALD,34,False,,White,81190.0,True,724054.0,0.0,True,False,3807,37055.65,676.0,Credit,4,82.0,True,2545.43,Mortgage,True,False,2,High,4,6,1,548-436-8423T,4510 1384T 6175 9079,CREDIT,TAM940037929@non.zoho.com,0.15,0.24,26-35,White,60k-100k,500k-1M,0-500,19
160295,F,Winnipeg,MB,BARTEL EVELYN,39,False,,Native,96618.0,True,459048.0,0.0,True,False,4073,28326.84,703.0,Credit,27,13.94,False,66.62,Mortgage,False,False,0,Medium,2,1,4,431-445-9749T,4519 9234T 5809 0669,DEBIT,TBE669605@non.comcast.net,0.18,0.04,36-45,OTHER,60k-100k,200k-500k,0-500,6
146369,M,Ottawa,ON,LISA HUGHES,27,False,,White,103700.0,True,765996.0,0.0,True,False,3542,35455.4,740.0,Checking; Investment; Credit,16,46.0,True,2264.66,Mortgage,True,False,0,Medium,6,0,4,753-855-4463T,4514 0153T 4802 3563,CREDIT,TLISA_HUGHES56@non.live.com,0.14,0.26,26-35,White,100k-200k,500k-1M,0-500,7
157748,F,Winnipeg,MB,MILLER DIANE,36,False,,Native,76749.0,True,401693.0,0.0,True,False,4041,29016.79,673.0,Credit,16,19.37,False,29.99,Mortgage,True,False,5,Low,6,1,4,431-738-3833T,4519 9210T 3500 1085,DEBIT,TgoofyVenison7MIDI@non.cogeco.ca,0.18,0.28,26-35,OTHER,60k-100k,200k-500k,0-500,6
36375,M,Toronto,ON,SZETO STEPHEN,45,False,,Asian,105150.0,True,1228174.0,0.0,False,False,8762,19721.58,682.0,Investment,14,98.0,True,5774.47,Mortgage,True,True,4,High,5,5,2,343-814-8700T,4510 1543T 3032 4979,CREDIT,TSS5457409144@non.mail.com,0.15,0.46,36-45,OTHER,100k-200k,1M-2M,0-500,7
60562,F,Toronto,ON,PEETERS DARLENE,47,False,,Asian,85795.0,True,1179253.0,0.0,False,False,5396,29670.96,723.0,Investment,10,113.0,True,3169.6,Mortgage,True,True,0,High,4,2,5,683-584-2007T,4519 9291T 0383 4485,DEBIT,TPD66225046@fake.att.net,0.15,0.1,46-55,OTHER,60k-100k,1M-2M,0-500,5
94516,F,Montreal,QC,BLANCHET HELEN,29,False,,White,66129.0,True,519181.0,0.0,True,False,2724,13723.48,668.0,Checking,3,89.0,True,1665.29,Mortgage,True,False,0,High,4,1,6,873-918-8176T,4510 1332T 0941 8450,CREDIT,TBH6134@non.aol.com,0.18,0.16,26-35,White,60k-100k,500k-1M,0-500,28
104324,F,Vancouver,BC,TAYLOR SARAH,32,False,,Asian,84131.0,True,1369785.0,0.0,True,False,3471,37551.4,731.0,Credit,4,9.47,False,19.45,,True,False,0,Low,6,3,2,778-256-2571T,4519 9284T 1759 8389,DEBIT,TTS086672@fake.live.com,0.13,0.48,26-35,OTHER,60k-100k,1M-2M,0-500,16
62861,M,Toronto,ON,MEISSNER FRANK,38,False,,Black,74116.0,True,1100566.0,0.0,True,False,3992,66161.31,728.0,Investment; Credit,20,17.83,False,18.26,Mortgage,True,False,0,Medium,2,1,5,753-833-4043T,4510 1687T 2588 4171,DEBIT,TMF6547497@non.iCloud.com,0.15,0.08,36-45,OTHER,60k-100k,1M-2M,0-500,40
145692,M,Ottawa,ON,TUTKA JERZY,34,True,,White,101206.0,True,835872.0,0.0,True,False,8434,17375.9,753.0,Credit,16,10.88,False,51.5,Mortgage,True,False,0,Low,5,0,5,548-299-5736T,4519 9252T 3051 5119,DEBIT,TTJ8588@rand.yahoo.com,0.14,0.07,26-35,White,100k-200k,500k-1M,0-500,7
6022,M,Toronto,ON,BLANCHETTE ARMAND,38,True,WVAdSxic,Asian,96940.0,True,1081603.0,0.0,True,False,4497,18694.54,721.0,Joint,9,11.87,False,12.11,Mortgage,False,True,0,Low,4,1,5,753-700-3382T,4512 2340T 8760 9829,CREDIT,TBA6742071@rand.yahoo.com,0.15,0.09,36-45,OTHER,60k-100k,1M-2M,0-500,26
76018,F,Montreal,QC,PELLETIER JULIE,44,True,,White,69191.0,True,565248.0,0.0,True,False,5112,41751.21,704.0,Checking,6,14.13,False,36.11,Mortgage,True,True,0,Low,4,0,7,873-586-8809T,4512 2362T 8526 7924,CREDIT,TPJ5897@test.yahoo.com,0.18,0.12,36-45,White,60k-100k,500k-1M,0-500,9
64617,M,Toronto,ON,STEEN DOUGLAS,46,True,,White,84349.0,True,1332400.0,0.0,False,False,4528,41011.02,730.0,Investment,34,110.0,True,3401.36,,True,False,8,High,3,4,1,647-854-7268T,4510 1517T 4635 6028,CREDIT,TSD2938@fake.cogeco.ca,0.15,0.25,36-45,White,60k-100k,1M-2M,0-500,8
127342,F,Calgary,AB,LENFESTY ROSANNA,39,True,,White,103352.0,True,583020.0,0.0,True,False,8613,21128.77,723.0,Credit,23,15.85,False,58.6,Mortgage,True,True,0,Medium,2,0,6,403-197-2971T,4512 2344T 3558 3748,CREDIT,TLR3663@rand.netZero.com,0.14,0.11,36-45,White,100k-200k,500k-1M,0-500,7
18041,F,Toronto,ON,LEMAY REJEAN,36,False,,Asian,62464.0,False,0.0,1818.0,True,False,4015,31386.08,595.0,Checking,4,10.48,False,2.0,,True,True,4,Low,5,0,8,226-279-2248T,4510 1622T 7633 2207,DEBIT,TLR52595@fake.zoho.com,0.15,0.08,26-35,OTHER,60k-100k,0-200k,1k-2k,7
178172,F,Mississauga,ON,DOYLE MECHEFSKE,30,True,rpU5A0fb,Asian,61894.29,True,1088825.0,0.0,True,False,3661,4192.2,715.0,Checking,4,53.0,True,2821.25,,False,True,0,High,5,1,5,683-526-3223T,4510 1537T 1103 7489,CREDIT,TDM66615@synth.cogeco.ca,0.17,0.07,26-35,OTHER,60k-100k,1M-2M,0-500,8
89469,F,Montreal,QC,ARCAND FABIOLA,24,False,,White,55785.0,False,0.0,609.0,True,False,2192,7480.81,469.0,Checking,11,13.03,False,203.81,,False,False,7,Medium,2,0,6,514-205-7422T,5415 9015T 0415 6507,CREDIT,TARCAND_FABIOLA92@synth.cogeco.ca,0.18,0.09,18-25,White,30k-60k,0-200k,500-1k,7
28455,M,Toronto,ON,RATHOD RICHARD,33,False,,White,91594.0,True,1033108.0,0.0,True,False,3424,21762.07,732.0,Credit; Investment; Checking,17,9.03,False,54.2,Mortgage,False,False,0,Low,6,1,5,548-778-1397T,4510 1618T 2676 0024,DEBIT,TRATHODRICHARD@synth.gmail.com,0.15,0.14,26-35,White,60k-100k,1M-2M,0-500,23
105746,F,Vancouver,BC,RASUMUSSEN FREYA,45,True,,White,81370.0,True,1052100.0,0.0,True,False,3999,38764.0,723.0,Joint,10,16.54,False,25.04,Mortgage,False,False,0,Low,6,2,4,778-668-8454T,4510 1313T 7306 8331,CREDIT,TpeacefulShads5RAFR@synth.zoho.com,0.13,0.1,36-45,White,60k-100k,1M-2M,0-500,9
141763,F,Edmonton,AB,PRESTON TARA,40,False,,Asian,97319.0,True,475638.0,0.0,True,False,5230,28598.8,711.0,Investment; Checking,4,10.37,False,15.62,Personal Loan,True,False,11,Medium,2,0,5,587-792-3865T,4510 1513T 4836 7672,CREDIT,TeuphoricBurritos1PRTA@test.mail.com,0.16,0.08,36-45,OTHER,60k-100k,200k-500k,0-500,5
90140,M,Montreal,QC,ANDREW CHAN,45,False,,White,88560.0,True,648323.0,0.0,True,False,3818,99849.07,719.0,Checking; Credit,26,20.37,False,34.57,,False,False,5,Medium,2,1,3,418-294-4628T,5415 9016T 0068 3244,CREDIT,TAC296076199@synth.neo.com,0.18,0.08,36-45,White,60k-100k,500k-1M,0-500,28
84551,M,Montreal,QC,CHOINIERE MAURICE,37,False,,White,64706.0,True,609786.0,0.0,True,False,4035,9229.92,646.0,Checking; Credit,4,56.0,True,2033.71,,False,False,3,High,3,3,1,579-764-2444T,4510 1394T 0552 0545,CREDIT,TCHOINIEREMAURICE@non.zoho.com,0.18,0.14,36-45,White,60k-100k,500k-1M,0-500,28
90724,M,Montreal,QC,ST-LOUIS PIERRE,44,False,,White,82522.0,True,721557.0,0.0,False,False,4575,39084.55,684.0,Credit,4,34.0,True,2630.1,Mortgage,False,False,6,Medium,5,0,6,438-835-8291T,4510 1683T 0884 5381,DEBIT,TST-LOUISPIERRE@fake.neo.com,0.18,0.1,36-45,White,60k-100k,500k-1M,0-500,11
103654,F,Vancouver,BC,RUMBLE DAWNA,46,False,,Asian,74790.0,True,1305567.0,0.0,False,False,4156,62338.63,734.0,Credit,17,71.0,True,2482.57,Mortgage,True,True,11,High,4,2,5,778-111-9418T,4510 1556T 0742 8621,CREDIT,TRD6660979252@rand.iCloud.com,0.13,0.2,36-45,OTHER,60k-100k,1M-2M,0-500,8
119174,M,Vancouver,BC,CHAN GEORGE,32,False,,Asian,98308.0,True,1399657.0,0.0,True,False,4557,11689.36,689.0,Investment,4,0.96,False,10.33,Mortgage,True,False,0,Low,5,0,5,672-700-6231T,4514 0167T 2054 6979,CREDIT,TCG2830677037@rand.jumo.com,0.13,0.33,26-35,OTHER,60k-100k,1M-2M,0-500,21
30420,F,Toronto,ON,RIQUELME MONICA,30,False,,White,80267.0,True,1125415.0,0.0,True,False,2831,11652.47,699.0,Credit; Checking; Investment,10,9.18,False,59.54,Mortgage,True,False,12,Low,5,1,6,742-895-6431T,4519 9253T 0381 3240,DEBIT,TRM9052@test.icloud.com,0.15,0.12,26-35,White,60k-100k,1M-2M,0-500,37
145236,F,Ottawa,ON,HOFFELE DOREEN,31,True,nLSheqmy,White,99636.0,True,761800.0,0.0,True,False,5361,8053.19,727.0,Joint,4,37.0,True,2940.94,Auto Loan,True,False,11,High,3,3,2,365-798-8305T,4519 9286T 4304 9469,DEBIT,TaffectedHare2HODO@synth.cogeco.ca,0.14,0.24,26-35,White,60k-100k,500k-1M,0-500,7
79682,F,Montreal,QC,DAVIDSON MICHELLE,46,False,,White,76425.0,True,600528.0,0.0,True,False,3829,88399.37,738.0,Investment,18,37.0,True,2785.29,,False,False,5,High,4,1,4,581-558-7527T,5415 9015T 1487 4847,CREDIT,TimportedSyrup9DAMI@test.comcast.net,0.18,0.06,36-45,White,60k-100k,500k-1M,0-500,21
111633,M,Vancouver,BC,KENDRICK CLAYTON,43,True,HOZkyO4V,Asian,88762.0,True,1418705.0,0.0,True,False,5441,46276.08,752.0,Checking; Credit; Investment; Joint,27,60.0,True,3443.05,Mortgage,True,False,0,High,4,0,4,250-982-6578T,4510 1667T 3081 4655,DEBIT,TKC39761171@fake.icloud.com,0.13,0.12,36-45,OTHER,60k-100k,1M-2M,0-500,7
171356,F,Hamilton,ON,RAUTH HELGA,36,False,,White,80764.0,True,818473.0,0.0,True,False,4429,38448.02,738.0,Investment; Checking,12,11.43,False,14.54,Mortgage,True,False,0,Medium,2,0,7,807-923-6093T,4512 2371T 1853 9861,CREDIT,TRH4438244297@rand.jumo.com,0.15,0.13,26-35,White,60k-100k,500k-1M,0-500,6
69208,M,Toronto,ON,CZINEGE JOE,27,False,,Asian,87309.0,True,985402.0,0.0,True,False,2972,41273.97,732.0,Credit,9,32.47,False,20.97,Mortgage,True,False,4,Medium,2,0,4,705-133-9211T,4514 0179T 9976 0826,CREDIT,TCJ9009409@fake.hotmail.com,0.15,0.07,26-35,OTHER,60k-100k,500k-1M,0-500,19
217449,M,Markham,ON,HARRISON ELLIOTT,36,True,1fkmTFoz,Others,98879.0,True,1245522.0,0.0,True,False,4598,27629.72,765.0,Checking; Joint,11,97.0,True,2994.21,Mortgage,True,False,10,High,5,3,3,548-567-4661T,4519 9292T 2488 0112,DEBIT,THARRISONELLIOTT@fake.jumo.com,0.12,0.29,26-35,OTHER,60k-100k,1M-2M,0-500,5
6272,M,Toronto,ON,LESAUX RON,36,True,,Asian,125212.0,True,1033341.0,0.0,False,False,10434,23599.26,735.0,Checking,21,18.56,False,29.89,Mortgage,True,False,0,Medium,2,0,5,548-357-4382T,4510 1366T 2758 1951,CREDIT,TLESAUXRON@fake.iCloud.com,0.15,0.11,26-35,OTHER,100k-200k,1M-2M,0-500,6
34501,F,Toronto,ON,RITCHIE MILDRED,43,True,NNvmSqeE,Asian,76455.0,True,1325117.0,0.0,True,False,4179,49379.86,741.0,Joint,4,110.0,True,2929.97,Mortgage,True,False,0,High,5,0,7,613-797-1058T,4514 0160T 9572 4762,CREDIT,TtroubledViper5RIMI@test.icloud.com,0.15,0.12,36-45,OTHER,60k-100k,1M-2M,0-500,36
46638,F,Toronto,ON,PETER GUTIERREZ,26,False,,White,75442.0,True,606242.0,0.0,True,False,3792,49439.08,720.0,Checking; Credit,10,7.67,False,27.9,Mortgage,True,False,0,Low,5,1,4,705-171-4022T,5415 9066T 0208 4255,CREDIT,TPETERF63@synth.iCloud.com,0.15,0.04,18-25,White,60k-100k,500k-1M,0-500,6
42115,M,Toronto,ON,ALVAR JOAO,38,False,,White,77202.0,True,1015306.0,0.0,True,False,3411,58816.85,732.0,Investment,13,10.2,False,59.2,Mortgage,True,False,7,Medium,2,5,1,249-387-9853T,4519 9270T 6308 4615,DEBIT,TAJ5203477@synth.cogeco.ca,0.15,0.36,36-45,White,60k-100k,1M-2M,0-500,31
95159,M,Montreal,QC,MALENFANT GUY,42,False,,White,78601.0,True,687528.0,0.0,True,False,4307,13169.3,655.0,Checking,14,45.0,True,2398.89,Personal Loan,True,False,3,Medium,7,4,1,354-770-8126T,5415 9045T 6756 3496,CREDIT,TMALENFANTGUY@rand.netZero.com,0.18,0.46,36-45,White,60k-100k,500k-1M,0-500,28
104607,F,Vancouver,BC,SCHNEIDER CYNTHIA,39,True,,Asian,91498.0,True,1308127.0,0.0,True,False,4190,42704.77,729.0,Joint; Investment; Credit; Checking,21,91.0,True,3045.74,Personal Loan,True,False,0,High,4,1,7,604-743-6553T,4514 0167T 3452 3196,CREDIT,TSC377896100@non.hotmail.com,0.13,0.09,36-45,OTHER,60k-100k,1M-2M,0-500,12
65673,M,Toronto,ON,FINLEON JAMES,38,True,,Asian,119206.0,True,1110588.0,0.0,True,False,9934,20834.53,776.0,Investment,4,15.38,False,102.99,Mortgage,False,False,1,Medium,2,6,1,437-616-3160T,5415 9084T 5092 0952,CREDIT,TFINLEONJAMES@fake.gmail.com,0.15,0.06,36-45,OTHER,100k-200k,1M-2M,0-500,22
561,F,Toronto,ON,AINSWORTH ANNE,20,False,,Black,18968.0,False,0.0,887.0,False,True,1123,6098.39,557.0,Savings,8,8.79,False,13.64,,False,False,9,Low,6,1,5,705-261-1724T,4514 0142T 2733 9168,CREDIT,TAINSWORTHF35@synth.cogeco.ca,0.15,0.4,18-25,OTHER,0-30k,0-200k,500-1k,6
1941,M,Toronto,ON,KING BRIAN,30,False,,Others,124567.0,True,1231612.0,0.0,True,False,3898,12994.78,749.0,Investment,17,11.5,False,10.52,Mortgage,True,False,8,Medium,2,1,3,613-246-8299T,4510 1577T 6561 8412,CREDIT,TKB56232231@fake.outlook.com,0.15,0.09,26-35,OTHER,100k-200k,1M-2M,0-500,21
22990,M,Toronto,ON,DELORME DONALD,23,False,,White,70326.0,False,0.0,1130.0,True,False,2039,8536.59,493.0,Investment; Checking,9,53.0,True,1315.31,Student Loan,False,False,1,High,4,0,3,226-988-9890T,4512 2396T 4250 3872,CREDIT,TDELORME_DONALD56@rand.iCloud.com,0.15,0.08,18-25,White,60k-100k,0-200k,1k-2k,10
82999,F,Montreal,QC,HOLLY KIDD,27,False,,Others,69778.0,True,519979.0,0.0,True,False,2994,21699.63,672.0,Checking; Credit,6,3.95,False,14.89,,True,False,0,Low,5,0,8,263-303-4254T,4514 0196T 0266 1743,CREDIT,THOLLY_KIDD92@rand.mail.com,0.18,0.04,26-35,OTHER,60k-100k,500k-1M,0-500,21
175604,M,Hamilton,ON,ARTS WM,28,False,,White,87360.0,True,672323.0,0.0,True,False,3004,45933.24,724.0,Investment,4,8.56,False,34.42,Personal Loan,True,False,5,Low,4,1,5,742-950-9296T,4512 2334T 0660 1868,CREDIT,TARTSjumpyCockatoo393@rand.netZero.com,0.15,0.09,26-35,White,60k-100k,500k-1M,0-500,9
50836,M,Toronto,ON,JESSICA SNYDER,34,False,,White,76219.0,True,1131874.0,0.0,True,False,2591,13990.45,704.0,Credit,1,10.98,False,48.53,Mortgage,False,True,0,Medium,2,1,4,683-440-9446T,4519 9227T 4555 3075,DEBIT,TJS7883@synth.icloud.com,0.15,0.11,26-35,White,60k-100k,1M-2M,0-500,23
67348,F,Toronto,ON,MILOVANOVIC VESNA,25,False,,Asian,93894.0,True,1049939.0,0.0,True,False,2883,49650.78,755.0,Checking,3,17.12,False,7.98,,False,True,4,Medium,2,2,3,416-210-8332T,4510 1659T 8647 5180,DEBIT,TMV7339950@test.gmail.com,0.15,0.09,18-25,OTHER,60k-100k,1M-2M,0-500,8
59411,M,Toronto,ON,CAHILL GORDON,36,False,,White,101182.0,True,1166044.0,0.0,False,False,8432,16978.92,688.0,Credit,4,14.48,False,36.75,Mortgage,True,True,0,Low,5,1,4,647-551-6825T,4510 1630T 4336 6138,DEBIT,TCG38392039@fake.bla.com,0.15,0.14,26-35,White,100k-200k,1M-2M,0-500,5
55838,M,Toronto,ON,SALENTYN JACK,27,False,,White,132007.0,True,1000035.0,0.0,True,False,4400,25893.6,753.0,Credit; Investment; Checking,17,13.29,False,32.81,Mortgage,True,False,9,Medium,2,0,5,683-363-4037T,4512 2343T 2588 3187,CREDIT,TSALENTYN_JACK34@synth.gmail.com,0.15,0.17,26-35,White,100k-200k,1M-2M,0-500,16
162609,F,Quebec City,QC,STUBBS PATRICIA,44,True,fGkBGLwD,White,87476.0,True,407416.0,0.0,True,False,5675,20319.5,703.0,Checking; Credit,30,18.21,False,66.01,Mortgage,True,False,6,Medium,2,1,5,581-914-1380T,4514 0174T 8349 7421,CREDIT,TstressedMacaw4STPA@rand.bla.com,0.16,0.08,36-45,White,60k-100k,200k-500k,0-500,7
54488,M,Toronto,ON,MCDONALD SCOTT,43,True,T0SKm3Te,Asian,62602.0,True,937971.0,0.0,True,False,4360,278.49,675.0,Credit,32,19.12,False,42.44,Mortgage,True,False,3,Medium,2,1,6,416-464-8890T,4514 0155T 4742 9968,CREDIT,TMS96450623@rand.jumo.com,0.15,0.08,36-45,OTHER,60k-100k,500k-1M,0-500,8
100884,F,Montreal,QC,LAFLAMME REINA,43,True,,Asian,81179.0,True,766609.0,0.0,True,False,3757,38932.39,735.0,Joint; Credit,4,16.13,False,56.34,Personal Loan,False,False,1,Medium,2,1,6,468-908-8407T,4510 1377T 4658 9351,CREDIT,TwornoutRelish8LARE@rand.gmail.com,0.18,0.06,36-45,OTHER,60k-100k,500k-1M,0-500,5
71591,M,Toronto,ON,GIBSON HOWARD,31,True,,Asian,104255.0,True,1086087.0,0.0,True,False,8688,11124.85,748.0,Investment; Joint; Checking; Credit,12,8.1,False,24.92,Mortgage,False,False,6,Low,5,2,2,226-925-2872T,4510 1357T 3904 8222,CREDIT,TGH05735@test.neo.com,0.15,0.09,26-35,OTHER,100k-200k,1M-2M,0-500,18
30425,M,Toronto,ON,JENNINGS MARK,34,False,,White,77537.0,True,1130253.0,0.0,True,False,3830,23713.26,686.0,Investment; Checking; Credit,4,45.0,True,2289.48,Personal Loan,False,False,11,Medium,6,4,2,416-918-4080T,4510 1647T 1449 3824,DEBIT,TJM53373@fake.neo.com,0.15,0.5,26-35,White,60k-100k,1M-2M,0-500,23
184887,F,Brampton,ON,WATERMAN FLORENCE,34,False,,Asian,64335.0,True,1242655.0,0.0,True,False,3139,4029.72,695.0,Checking,4,36.0,True,1686.45,Mortgage,True,False,0,High,5,1,5,226-790-9097T,4512 2398T 1056 6873,CREDIT,TaloofFlamingo5WAFL@non.mail.com,0.17,0.12,26-35,OTHER,60k-100k,1M-2M,0-500,6
88871,M,Montreal,QC,TOUSSAINT ERIC,42,False,,Black,72335.0,True,581041.0,0.0,False,False,3349,50633.9,685.0,Investment,4,18.54,False,14.87,Mortgage,True,False,0,Low,5,2,2,581-433-5142T,4519 9223T 1791 9515,DEBIT,TTE50119166@non.bla.com,0.18,0.16,36-45,OTHER,60k-100k,500k-1M,0-500,5
108059,M,Vancouver,BC,LONG MILO,28,False,,White,78458.0,True,1274824.0,0.0,True,False,3573,25964.61,692.0,Credit,16,9.08,False,15.73,Mortgage,False,True,0,Low,4,2,2,672-841-3076T,4510 1698T 5283 0232,DEBIT,TLONGM54@fake.comcast.net,0.13,0.27,26-35,White,60k-100k,1M-2M,0-500,9
16544,F,Toronto,ON,SEDORE HEATHER,28,False,,White,63307.0,True,951257.0,0.0,True,False,3128,14972.12,647.0,Credit,4,7.02,False,55.82,Mortgage,False,False,5,Low,4,0,7,548-765-5927T,4510 1510T 5265 7696,CREDIT,TSEDOREF97@rand.neo.com,0.15,0.11,26-35,White,60k-100k,500k-1M,0-500,14
58088,M,Toronto,ON,MULRONEY MICHEAL,49,True,,White,80401.0,True,1084580.0,0.0,True,False,3550,48416.16,771.0,Checking; Joint; Credit,4,15.37,False,107.86,Mortgage,True,False,7,Medium,2,3,2,705-120-4866T,4512 2343T 4007 2440,CREDIT,TMM941457@test.netZero.com,0.15,0.25,46-55,White,60k-100k,1M-2M,0-500,9
81125,F,Montreal,QC,BRETON ANITA,41,False,,Asian,60711.0,True,685397.0,0.0,True,False,3814,3369.83,640.0,Checking,11,97.0,True,2111.34,Mortgage,True,False,1,High,3,0,5,819-853-6288T,4510 1699T 7143 3723,DEBIT,TboredDoves0BRAN@fake.att.net,0.18,0.09,36-45,OTHER,60k-100k,500k-1M,0-500,19
41004,F,Toronto,ON,COONEY LAUREEN,45,True,,White,75943.0,True,1053739.0,0.0,True,False,4725,45908.83,726.0,Checking,7,102.0,True,2649.92,Mortgage,True,False,0,High,4,2,3,226-929-2482T,4510 1360T 2638 0186,CREDIT,TCL88498832@rand.iCloud.com,0.15,0.05,36-45,White,60k-100k,1M-2M,0-500,25
136024,F,Edmonton,AB,WALKER RUTH,39,False,,Black,85926.0,True,498545.0,0.0,True,False,4597,49239.54,697.0,Checking,13,53.0,True,3359.32,Mortgage,True,False,0,High,5,1,6,368-348-6309T,4510 1516T 4339 6842,CREDIT,TWR98064@rand.att.net,0.16,0.1,36-45,OTHER,60k-100k,200k-500k,0-500,5
146391,F,Ottawa,ON,DELINE DEBRA,27,False,,White,87869.0,True,771962.0,0.0,True,False,4063,45913.58,695.0,Credit; Investment; Checking,8,83.0,True,2281.44,Mortgage,True,False,0,High,5,1,3,683-431-4196T,4510 1678T 2646 2312,DEBIT,TDELINE_DEBRA49@test.mail.com,0.14,0.17,26-35,White,60k-100k,500k-1M,0-500,18
9674,F,Toronto,ON,IVALS IRENE,34,False,,Others,82436.0,True,941505.0,0.0,True,False,4424,11723.54,689.0,Credit; Investment,22,37.0,True,2215.96,Mortgage,True,False,10,High,4,3,2,753-803-4588T,4510 1348T 2658 1720,CREDIT,TII313639@test.live.com,0.15,0.33,26-35,OTHER,60k-100k,500k-1M,0-500,22
114204,M,Vancouver,BC,FRIESEN GREG,46,False,,Asian,89630.0,True,1481469.0,0.0,True,False,4810,94353.94,752.0,Investment,17,74.0,True,2658.94,Mortgage,True,False,5,High,4,0,5,250-542-4762T,5415 9099T 6407 4005,CREDIT,TFG1930@synth.att.net,0.13,0.07,36-45,OTHER,60k-100k,1M-2M,0-500,9
79430,M,Montreal,QC,DEMERS ROGER,42,False,,White,99117.0,True,671391.0,0.0,False,False,4231,30453.83,679.0,Credit,6,56.0,True,2511.06,Mortgage,True,False,0,High,4,2,4,468-994-7031T,4512 2388T 3263 9535,CREDIT,TDEMERSROGER@non.icloud.com,0.18,0.11,36-45,White,60k-100k,500k-1M,0-500,11
131269,M,Calgary,AB,MOREAU TONY,31,True,RkCuDx4t,White,135279.0,True,624018.0,0.0,True,False,11273,6105.8,724.0,Joint,15,9.67,False,20.37,Mortgage,True,False,11,Low,4,5,1,825-952-3696T,4510 1375T 9956 9338,CREDIT,TMT183992@synth.gmail.com,0.14,0.47,26-35,White,100k-200k,500k-1M,0-500,5
121616,M,Vancouver,BC,NEILSEN NEIL,40,False,,Asian,85905.0,True,1088822.0,0.0,True,False,4883,47706.86,739.0,Credit,4,15.86,False,33.91,Mortgage,True,False,4,Low,6,2,4,236-457-1714T,4510 1567T 3447 0213,CREDIT,TNN26745@non.mail.com,0.13,0.26,36-45,OTHER,60k-100k,1M-2M,0-500,9
21026,M,Toronto,ON,FRIESEN NEIL,29,True,,Asian,93522.0,True,1162116.0,0.0,True,False,4347,10737.04,726.0,Checking,8,10.39,False,14.03,Personal Loan,True,False,3,Low,5,2,4,416-648-7614T,5415 9016T 7043 0253,CREDIT,TFN210782908@test.hotmail.com,0.15,0.06,26-35,OTHER,60k-100k,1M-2M,0-500,19
18652,F,Toronto,ON,MOONEY MARIKA,25,False,,White,87283.0,False,0.0,1886.0,True,False,2059,13663.62,573.0,Credit,3,47.0,True,1181.14,Auto Loan,True,False,0,High,4,1,6,437-915-7353T,4510 1691T 3733 9322,DEBIT,TMOONEY_MARIKA14@test.aol.com,0.15,0.05,18-25,White,60k-100k,0-200k,1k-2k,9
139189,M,Edmonton,AB,GATZ KEN,26,False,,Black,84338.0,True,447101.0,0.0,True,False,2832,20251.01,647.0,Checking,16,7.59,False,19.77,Mortgage,False,False,0,Low,5,2,3,587-435-1547T,4512 2380T 7937 7243,CREDIT,TGK87357@rand.neo.com,0.16,0.16,18-25,OTHER,60k-100k,200k-500k,0-500,5
12479,M,Toronto,ON,BAKER ORVILLE,20,False,,Asian,29346.0,False,0.0,887.0,False,False,1341,11436.84,443.0,Savings,4,9.92,False,16.69,,False,True,1,Low,5,3,3,249-657-3832T,4510 1346T 1121 2872,CREDIT,TBAKER_ORVILLE32@synth.outlook.com,0.15,0.3,18-25,OTHER,0-30k,0-200k,500-1k,11
7081,M,Toronto,ON,HARRISON HOWARD,28,False,,White,90830.0,True,940953.0,0.0,True,False,3412,26179.18,726.0,Investment,17,6.19,False,52.37,,True,False,0,Low,6,6,1,647-226-1202T,4510 1691T 7821 7877,DEBIT,THH4644@rand.iCloud.com,0.15,0.47,26-35,White,60k-100k,500k-1M,0-500,19
42710,F,Toronto,ON,POLLARD ROXANNE,23,False,,White,65400.0,False,0.0,1053.0,True,False,2195,8243.44,508.0,Checking; Credit,13,13.02,False,8.28,,False,False,5,Medium,2,0,6,807-143-2942T,4510 1585T 5319 6801,CREDIT,TPOLLARD_ROXANNE85@fake.comcast.net,0.15,0.08,18-25,White,60k-100k,0-200k,1k-2k,9
200506,M,Kitchener,ON,CAROLYN FERGUSON,43,False,,White,87481.0,True,859715.0,0.0,True,False,4316,21757.95,705.0,Checking,4,73.0,True,3139.15,Mortgage,True,True,0,High,4,7,1,416-849-8778T,4519 9284T 9481 7634,DEBIT,TCF6867928@fake.jumo.com,0.15,0.25,36-45,White,60k-100k,500k-1M,0-500,8
200923,M,Kitchener,ON,GUTTA COSIMO,42,False,,White,78352.0,True,778315.0,0.0,True,False,4400,14953.09,681.0,Checking; Investment,11,13.61,False,60.9,Mortgage,False,True,0,Medium,2,2,2,647-446-1231T,4510 1635T 3831 8116,DEBIT,TGC360319@fake.neo.com,0.15,0.14,36-45,White,60k-100k,500k-1M,0-500,8
68849,F,Toronto,ON,CARROTHERS CAROL,22,False,,White,26079.0,False,0.0,850.0,False,False,1100,7763.82,443.0,Savings,14,72.0,True,566.45,Student Loan,False,False,0,High,3,1,7,753-207-6581T,5415 9081T 2814 3251,CREDIT,TCARROTHERS_CAROL84@rand.jumo.com,0.15,0.1,18-25,White,0-30k,0-200k,500-1k,10
27965,M,Toronto,ON,PHALEN GEO,38,False,,White,78565.0,True,1106705.0,0.0,True,False,4808,47330.42,729.0,Credit,15,18.54,False,2.39,,True,False,2,Medium,2,1,4,807-462-4834T,4510 1347T 5159 5947,CREDIT,TPHALENGEO@fake.bla.com,0.15,0.07,36-45,White,60k-100k,1M-2M,0-500,31
101230,M,Montreal,QC,ROBERGE BERNARD,37,False,,White,73812.0,True,688980.0,0.0,True,False,3688,32068.09,696.0,Credit,12,95.0,True,2133.42,Mortgage,True,False,0,High,4,0,6,367-980-8601T,4510 1561T 0685 6033,CREDIT,TROBERGEBERNARD@fake.mail.com,0.18,0.06,36-45,White,60k-100k,500k-1M,0-500,28
88663,M,Montreal,QC,CHAPDELAINE GILLES,41,False,,Others,62988.0,True,676844.0,0.0,False,False,2920,20051.5,624.0,Credit,4,12.49,False,11.93,,False,True,7,Medium,2,1,5,418-384-4322T,4510 1629T 5578 5931,DEBIT,TCHGIselfishSnail61997@synth.gmail.com,0.18,0.12,36-45,OTHER,60k-100k,500k-1M,0-500,5
15848,F,Toronto,ON,MURRAY ANNA,32,False,,White,104089.0,True,1286887.0,0.0,True,False,8674,13463.46,703.0,Credit,3,12.05,False,86.89,Mortgage,False,True,7,Low,4,1,6,548-281-7704T,4519 9237T 1775 1186,DEBIT,TMA492840@test.iCloud.com,0.15,0.1,26-35,White,100k-200k,1M-2M,0-500,9
48561,M,Toronto,ON,PERRY KENNETH,40,False,,Asian,112160.0,True,1408316.0,0.0,True,False,9034,7789.2,694.0,Credit,15,94.0,True,5319.01,Mortgage,False,False,8,High,5,2,3,683-397-3868T,4510 1388T 5541 8652,CREDIT,TPK325092@rand.zoho.com,0.15,0.1,36-45,OTHER,100k-200k,1M-2M,0-500,29
18834,F,Toronto,ON,BERTRAND SUE,37,False,,Asian,94589.0,True,982957.0,0.0,True,False,4305,27542.79,713.0,Checking,13,9.02,False,54.92,Auto Loan,False,False,2,Low,5,0,7,289-666-2439T,4512 2378T 6787 6610,CREDIT,TaboardCod6BESU@rand.neo.com,0.15,0.13,36-45,OTHER,60k-100k,500k-1M,0-500,9
179698,M,Mississauga,ON,FISHER BRIAN,37,True,,Asian,114081.0,True,1183664.0,0.0,True,False,9507,8890.77,754.0,Investment; Credit; Checking,20,14.02,False,22.32,Mortgage,True,False,5,Medium,2,3,2,705-746-3573T,4510 1556T 6375 2590,CREDIT,TFISHERBRIAN@rand.yahoo.com,0.17,0.2,36-45,OTHER,100k-200k,1M-2M,0-500,5
79374,F,Montreal,QC,BELANGER PATRICE,35,False,,White,70121.0,True,558610.0,0.0,True,False,3413,62133.39,687.0,Credit; Investment,18,88.0,True,2672.12,Mortgage,False,False,11,High,4,1,6,514-727-4182T,4519 9212T 0503 1689,DEBIT,TBP8790551597@rand.jumo.com,0.18,0.11,26-35,White,60k-100k,500k-1M,0-500,28
16952,M,Toronto,ON,TAMMY DAY,22,False,,Asian,29832.0,False,0.0,875.0,True,False,1447,13208.14,447.0,Savings,12,9.42,False,10.62,,False,False,12,Low,5,1,4,226-455-7115T,4510 1616T 5318 7690,DEBIT,TTAMMY_DAY60@test.proton.com,0.15,0.08,18-25,OTHER,0-30k,0-200k,500-1k,9
108581,F,Vancouver,BC,CLARKE KAETHE,38,False,,White,74114.0,True,1471389.0,0.0,True,False,3660,22077.38,686.0,Credit,18,32.67,False,19.73,Mortgage,True,False,4,Medium,2,1,5,778-433-6001T,4512 2329T 8038 6272,CREDIT,TpacifiedDunbird2CLKA@synth.gmail.com,0.13,0.23,36-45,White,60k-100k,1M-2M,0-500,14
37087,F,Toronto,ON,LEDUC MIRIAM,46,False,,White,81605.0,True,1357018.0,0.0,False,False,5189,28564.02,694.0,Credit,1,107.0,True,3575.43,Mortgage,False,False,0,High,5,1,4,647-986-7454T,5415 9059T 6732 6469,CREDIT,TtrustingSardines9LEMI@synth.live.com,0.15,0.06,36-45,White,60k-100k,1M-2M,0-500,9
79877,M,Montreal,QC,FAFARD PIERRE,41,False,,Latino,74519.0,True,831160.0,0.0,True,False,4708,14033.17,677.0,Investment,29,17.25,False,31.3,Mortgage,True,False,0,Medium,2,2,4,468-440-2818T,4519 9268T 0603 3300,DEBIT,TFAPIecstaticEagle91953@synth.att.net,0.18,0.16,36-45,OTHER,60k-100k,500k-1M,0-500,18
151903,M,Ottawa,ON,MONICA WALTERS,27,True,BaWf3yu2,White,111735.0,True,860810.0,0.0,True,False,6732,15724.46,760.0,Checking,7,55.0,True,5010.19,Mortgage,True,False,1,High,3,1,4,905-108-6249T,4519 9238T 9435 7430,DEBIT,TMONICA_WALTERS1@rand.bla.com,0.14,0.15,26-35,White,100k-200k,500k-1M,0-500,7
11872,F,Toronto,ON,BECKETT LISA,30,False,,Asian,100097.0,True,1247245.0,0.0,True,False,2701,24270.96,724.0,Credit,8,11.02,False,14.88,Personal Loan,False,False,2,Low,6,2,3,249-255-9622T,5415 9045T 1422 6399,CREDIT,TBL99027@non.yahoo.com,0.15,0.09,26-35,OTHER,100k-200k,1M-2M,0-500,13
90733,F,Montreal,QC,DUHAMEL SYLVIE,40,False,,White,56856.0,True,649967.0,0.0,True,False,3664,10201.11,651.0,Checking,21,9.69,False,15.34,Mortgage,True,False,0,Low,5,0,7,418-778-3901T,4510 1640T 3040 5976,DEBIT,TtautCaribou3DUSY@test.iCloud.com,0.18,0.12,36-45,White,30k-60k,500k-1M,0-500,8
35431,F,Toronto,ON,ORTIZ ESPERANZA,37,False,,Asian,70365.0,True,974085.0,0.0,True,False,3479,40134.48,693.0,Credit; Investment; Checking,4,19.31,False,53.58,Mortgage,True,False,11,Medium,2,0,6,365-882-2601T,4510 1626T 3489 8895,DEBIT,TimportedChamois3ORES@test.live.com,0.15,0.16,36-45,OTHER,60k-100k,500k-1M,0-500,9
70545,M,Toronto,ON,DANA FOSTER,45,False,,Latino,95482.0,True,1086320.0,0.0,True,False,4428,54882.17,758.0,Investment; Credit,8,116.0,True,2449.69,Mortgage,True,False,0,High,5,1,3,807-823-1696T,4514 0112T 9324 1299,CREDIT,TDANAFOSTER@non.netZero.com,0.15,0.06,36-45,OTHER,60k-100k,1M-2M,0-500,40
152752,M,Ottawa,ON,JURITSCH STEVE,46,False,,White,67859.0,True,739996.0,0.0,True,False,3252,20120.53,719.0,Credit,34,13.46,False,17.01,Mortgage,True,False,5,Low,5,0,6,437-180-4935T,4514 0169T 7826 3472,CREDIT,TJUSTmurkyStork61988@non.icloud.com,0.14,0.08,36-45,White,60k-100k,500k-1M,0-500,5
85081,M,Montreal,QC,CAMMISANO GIUSEPPE,44,False,,Others,83380.0,True,606809.0,0.0,True,False,4953,34872.87,677.0,Checking,4,72.0,True,3153.54,Mortgage,True,False,0,High,5,3,3,581-598-5309T,5415 9059T 8004 1561,CREDIT,TCG6348160953@fake.live.com,0.18,0.21,36-45,OTHER,60k-100k,500k-1M,0-500,18
119381,F,Vancouver,BC,ROBILLARD DEBORAH,32,False,,Asian,86812.0,True,1188578.0,0.0,True,False,4277,9258.82,689.0,Credit,19,6.6,False,21.6,Mortgage,True,True,0,Low,4,0,6,672-314-5067T,4512 2355T 6282 6353,CREDIT,TRD3317@test.mail.com,0.13,0.21,26-35,OTHER,60k-100k,1M-2M,0-500,16
6280,F,Toronto,ON,HIEBERT MICHELLE,39,False,,Asian,85086.0,True,1056224.0,0.0,True,False,4263,28090.94,730.0,Investment,8,60.0,True,3056.35,Mortgage,True,False,0,High,5,1,6,807-447-2871T,4519 9283T 1044 4520,DEBIT,THM580675823@non.bla.com,0.15,0.08,36-45,OTHER,60k-100k,1M-2M,0-500,69
122519,M,Calgary,AB,FABIEN CLEMENT,37,False,,Asian,128075.0,True,720033.0,0.0,True,False,7641,26043.26,757.0,Checking; Credit,8,12.63,False,43.26,Mortgage,True,False,8,Low,5,1,4,368-871-9610T,4519 9257T 1581 0353,DEBIT,TFC4881790@test.iCloud.com,0.14,0.16,36-45,OTHER,100k-200k,500k-1M,0-500,6
60361,M,Toronto,ON,BURNS DOUGLAS,34,True,1EPTXZXJ,Asian,102847.0,True,1304339.0,0.0,True,False,8571,22497.53,736.0,Credit; Investment; Joint; Checking,4,115.0,True,5291.12,Mortgage,True,False,9,High,4,0,6,548-853-5402T,4510 1685T 6083 6210,DEBIT,TBUDOpeacefulMagpie71974@synth.gmail.com,0.15,0.14,26-35,OTHER,100k-200k,1M-2M,0-500,18
145340,M,Ottawa,ON,HEASLEY ERNIE,40,False,,White,122484.0,True,814898.0,0.0,True,False,8781,9697.35,732.0,Credit; Investment,15,0.52,False,41.52,Mortgage,True,False,0,Low,5,0,5,437-220-3416T,4512 2380T 0123 8780,CREDIT,THE607697@fake.att.net,0.14,0.13,36-45,White,100k-200k,500k-1M,0-500,11
94338,M,Montreal,QC,TETU FRANCOIS,41,False,,White,77748.0,True,561395.0,0.0,False,False,3375,24408.91,647.0,Credit,15,12.4,False,73.34,Mortgage,False,True,4,Medium,2,0,4,819-707-7618T,4514 0136T 3457 1734,CREDIT,TTETUFRANCOIS@fake.comcast.net,0.18,0.11,36-45,White,60k-100k,500k-1M,0-500,11
176282,F,Mississauga,ON,ROBERTS ELIZ,27,True,,Asian,84002.0,True,1210514.0,0.0,True,False,4925,22399.42,759.0,Credit,3,7.52,False,12.56,Mortgage,True,True,0,Low,5,0,5,249-352-2226T,4519 9253T 4802 5820,DEBIT,TROBERTS_ELIZ17@non.icloud.com,0.17,0.15,26-35,OTHER,60k-100k,1M-2M,0-500,8
2867,M,Toronto,ON,CYNTHIA SMITH,22,False,,Asian,18159.0,False,0.0,975.0,False,False,870,10103.54,399.0,Checking; Savings,8,7.43,False,14.52,Student Loan,False,True,0,Medium,2,1,5,289-291-2312T,4519 9273T 9635 8080,DEBIT,TCS1743239@test.outlook.com,0.15,0.06,18-25,OTHER,0-30k,0-200k,500-1k,11
209325,F,London,ON,SZABO KATIE,44,False,,White,89217.0,True,796438.0,0.0,True,False,3983,55845.73,734.0,Investment,10,111.0,True,2515.7,,True,False,7,High,5,1,5,437-416-1454T,4512 2358T 2155 8183,CREDIT,TcontentCaviar7SZKA@fake.mail.com,0.17,0.04,36-45,White,60k-100k,500k-1M,0-500,8
45536,F,Toronto,ON,OAKLEY BONNIE,48,True,,White,94127.0,True,1224497.0,0.0,True,False,5953,80044.28,811.0,Joint,18,16.3,False,54.66,Personal Loan,True,False,5,Medium,2,0,6,807-476-2743T,4519 9231T 7918 8498,DEBIT,TtruthfulFalcon2OABO@rand.gmail.com,0.15,0.08,46-55,White,60k-100k,1M-2M,0-500,10
31955,F,Toronto,ON,CAROSELLA NORMA,24,False,,White,55435.0,False,0.0,1297.0,True,False,2609,10414.25,498.0,Checking,18,18.05,False,11.89,,False,True,7,Medium,2,1,5,905-421-4937T,5415 9031T 6972 5187,CREDIT,TCAROSELLA_NORMA62@non.comcast.net,0.15,0.17,18-25,White,30k-60k,0-200k,1k-2k,5
16610,F,Toronto,ON,CROTTS TONYA,30,False,,White,93744.0,True,1051470.0,0.0,True,False,3021,10739.69,679.0,Investment; Credit,18,91.0,True,2404.68,Mortgage,True,False,0,High,3,2,5,249-206-7563T,4519 9258T 2971 5877,DEBIT,TCT855174509@rand.iCloud.com,0.15,0.14,26-35,White,60k-100k,1M-2M,0-500,37
7085,F,Toronto,ON,MORRISSETTE LISE,40,False,,Black,98383.0,True,1020120.0,0.0,True,False,5468,19934.95,713.0,Credit; Investment; Checking,17,17.72,False,53.22,Mortgage,True,False,7,Medium,2,2,5,613-292-8753T,4510 1514T 6098 1749,CREDIT,TML0562616197@fake.aol.com,0.15,0.16,36-45,OTHER,60k-100k,1M-2M,0-500,69
5385,M,Toronto,ON,HANS RAJ,29,True,,White,74863.0,True,681146.0,0.0,True,False,3685,38825.91,698.0,Investment; Joint; Credit; Checking,14,73.0,True,2133.67,Personal Loan,False,False,1,High,5,4,1,437-752-5004T,5415 9038T 6103 6179,CREDIT,THANSshyGnu623@test.outlook.com,0.15,0.21,26-35,White,60k-100k,500k-1M,0-500,8
133359,F,Edmonton,AB,PALMER KATHERINE,31,False,,White,80923.0,True,432692.0,0.0,True,False,4578,47386.35,688.0,Credit,10,86.0,True,2779.03,Mortgage,False,False,0,High,4,1,5,825-169-6287T,4510 1584T 2842 5349,CREDIT,TPK2163896340@non.icloud.com,0.16,0.07,26-35,White,60k-100k,200k-500k,0-500,6
113797,F,Vancouver,BC,EDWARD FREY,42,False,,Asian,72806.0,True,1350695.0,0.0,True,False,3846,17914.97,699.0,Investment; Checking; Credit,4,38.0,True,3003.14,Mortgage,True,False,0,High,4,2,4,236-151-4690T,4510 1576T 1285 6535,CREDIT,TEF2766@test.yahoo.com,0.13,0.1,36-45,OTHER,60k-100k,1M-2M,0-500,17
122316,F,Calgary,AB,SHEA CARRIE,32,True,v9ixlTcP,White,88509.0,True,579553.0,0.0,True,False,5017,41070.91,716.0,Checking,15,15.79,False,49.52,Mortgage,True,False,2,Medium,2,0,7,780-767-5374T,4514 0186T 9008 9137,CREDIT,TSC0553@test.iCloud.com,0.14,0.08,26-35,White,60k-100k,500k-1M,0-500,5
23734,F,Toronto,ON,KLOOSTERMAN JANE,32,False,,Others,79392.0,True,1072221.0,0.0,True,False,3331,12678.95,697.0,Credit; Checking,20,11.23,False,16.72,Mortgage,False,True,0,Medium,2,1,6,705-175-6373T,4519 9218T 2216 8020,DEBIT,TinnocentBuzzard1KLJA@synth.neo.com,0.15,0.08,26-35,OTHER,60k-100k,1M-2M,0-500,63
43950,M,Toronto,ON,GAGNE JACQUES,30,False,,White,64831.0,True,1040382.0,0.0,True,False,3085,9245.94,659.0,Checking,17,114.0,True,2362.66,Mortgage,False,True,10,High,3,0,5,416-559-4327T,4510 1678T 4945 3692,DEBIT,TGJ4114510@non.hotmail.com,0.15,0.06,26-35,White,60k-100k,1M-2M,0-500,23
64492,F,Toronto,ON,KELEHER LISA,31,False,,White,102789.0,True,1087101.0,0.0,True,False,8566,14509.49,723.0,Investment; Credit; Checking,9,7.59,False,37.27,Mortgage,False,False,11,Low,5,1,5,613-662-6432T,4512 2337T 0820 6212,CREDIT,TKL7745@synth.yahoo.com,0.15,0.13,26-35,White,100k-200k,1M-2M,0-500,9
141483,M,Edmonton,AB,WOLFE JARED,46,False,,White,102518.0,True,542942.0,0.0,True,False,8543,27971.04,744.0,Investment; Checking; Credit,3,15.92,False,55.01,Mortgage,False,True,12,Medium,2,1,5,780-199-3870T,4514 0169T 2407 8664,CREDIT,TWJ1413691@test.comcast.net,0.16,0.16,36-45,White,100k-200k,500k-1M,0-500,6
79075,F,Montreal,QC,SAGALA MARCELLE,42,False,,Asian,60735.0,True,627678.0,0.0,True,False,3568,9563.85,657.0,Credit,4,21.93,False,59.93,Mortgage,True,False,0,Medium,2,0,7,438-233-7009T,4510 1347T 3979 9571,CREDIT,TmereLapwing6SAMA@fake.hotmail.com,0.18,0.09,36-45,OTHER,60k-100k,500k-1M,0-500,19
190826,F,Brampton,ON,BARRETTE CAROL,39,False,,Black,126280.0,True,1108416.0,0.0,True,False,7583,31927.71,788.0,Credit,15,21.36,False,14.72,Mortgage,False,False,0,Medium,2,2,4,226-847-8836T,4510 1313T 1476 6308,CREDIT,TfinickyIguana1BACA@non.gmail.com,0.17,0.07,36-45,OTHER,100k-200k,1M-2M,0-500,6
49354,M,Toronto,ON,DONALD SANDERS,30,True,O4DW5KsW,Asian,104657.0,True,1132129.0,0.0,True,False,4362,7144.11,726.0,Investment,18,54.0,True,2980.72,Auto Loan,False,False,0,High,3,3,2,416-781-7248T,4510 1588T 1283 0452,CREDIT,TDS010386@rand.icloud.com,0.15,0.1,26-35,OTHER,100k-200k,1M-2M,0-500,18
36175,F,Toronto,ON,FLEMING DIANNE,42,False,,Asian,89491.0,True,1183744.0,0.0,True,False,4006,37213.87,729.0,Checking,4,108.0,True,2834.27,Mortgage,True,False,0,High,4,0,6,613-309-7507T,4510 1370T 5238 5443,CREDIT,TFD587021704@rand.iCloud.com,0.15,0.09,36-45,OTHER,60k-100k,1M-2M,0-500,69
4454,F,Toronto,ON,AMANDA POWELL,32,False,,Asian,96807.0,True,1152093.0,0.0,True,False,3633,26989.23,718.0,Credit,6,8.59,False,48.51,Mortgage,False,False,0,Low,4,0,6,742-933-3650T,4510 1661T 1142 1607,DEBIT,TAP71229206@non.icloud.com,0.15,0.06,26-35,OTHER,60k-100k,1M-2M,0-500,63
58296,F,Toronto,ON,CRETES JOELLE,36,False,,White,78309.0,True,1090027.0,0.0,True,False,3542,35836.83,729.0,Credit,4,13.89,False,56.61,Mortgage,False,False,1,Medium,2,0,5,416-943-5179T,4512 2331T 0067 1613,CREDIT,TthrilledMuesli2CRJO@fake.jumo.com,0.15,0.05,26-35,White,60k-100k,1M-2M,0-500,37
35416,F,Toronto,ON,MAILHOT MANON,43,True,,Asian,63418.0,True,1145127.0,0.0,True,False,4162,12471.55,701.0,Checking,12,19.74,False,26.78,Mortgage,False,False,0,Low,5,0,7,289-144-5192T,4510 1353T 7023 1000,CREDIT,TMM82905985@synth.proton.com,0.15,0.07,36-45,OTHER,60k-100k,1M-2M,0-500,36
126016,F,Calgary,AB,ROSE SYLVIA,34,True,,White,68410.0,True,500233.0,0.0,True,False,3028,22523.21,663.0,Joint,9,102.0,True,1733.92,Mortgage,True,False,12,High,4,0,7,825-320-3276T,4510 1676T 1147 0181,DEBIT,TRS36341006@fake.hotmail.com,0.14,0.1,26-35,White,60k-100k,500k-1M,0-500,5
22426,F,Toronto,ON,GAUTHIER JENNIFER,45,True,iOpgUBVb,Asian,105082.0,True,1168294.0,0.0,True,False,8757,26021.4,745.0,Investment; Joint; Credit; Checking,17,20.02,False,35.16,Mortgage,True,False,0,Medium,2,0,6,249-927-6188T,4510 1699T 8467 1368,DEBIT,TGJ246295362@rand.aol.com,0.15,0.12,36-45,OTHER,100k-200k,1M-2M,0-500,16
62946,F,Toronto,ON,HUNTER CHARMAINE,33,False,,Asian,98031.0,True,1147877.0,0.0,True,False,2850,42567.1,747.0,Investment; Credit,12,9.97,False,58.28,Auto Loan,True,False,0,Low,5,1,5,416-315-2887T,4510 1555T 3993 6348,CREDIT,TadoringHeron1HUCH@test.aol.com,0.15,0.11,26-35,OTHER,60k-100k,1M-2M,0-500,63
117922,F,Vancouver,BC,MASON MARY,38,False,,Asian,76097.0,True,1097080.0,0.0,True,False,4503,54066.65,743.0,Credit,13,12.83,False,43.04,Mortgage,False,False,0,Medium,2,0,6,236-678-8700T,4510 1390T 2328 2308,CREDIT,TMM63300028@test.yahoo.com,0.13,0.13,36-45,OTHER,60k-100k,1M-2M,0-500,17
23207,F,Toronto,ON,DOYLE HELEN,44,False,,Latino,110712.0,True,1280832.0,0.0,True,False,9226,39948.46,753.0,Credit,19,13.83,False,34.13,Mortgage,True,False,9,Medium,2,0,6,289-533-1761T,4510 1582T 9199 4444,CREDIT,TgutturalMallard1DOHE@fake.neo.com,0.15,0.24,36-45,OTHER,100k-200k,1M-2M,0-500,14
9128,M,Toronto,ON,GOSSELIN ANDY,28,False,,Asian,70776.0,True,1192239.0,0.0,True,False,3832,38085.27,687.0,Checking,4,7.3,False,13.99,Mortgage,False,False,0,Low,6,2,3,683-286-7943T,4514 0179T 9797 6030,CREDIT,TGA5975@test.jumo.com,0.15,0.25,26-35,OTHER,60k-100k,1M-2M,0-500,39
54963,F,Toronto,ON,LIDDELL DIANA,32,False,,Asian,102932.0,True,1172260.0,0.0,True,False,7473,6276.06,692.0,Investment,17,9.15,False,11.18,Mortgage,True,False,11,Low,5,0,6,807-770-2405T,4514 0140T 8567 2311,CREDIT,TLD5538204665@test.aol.com,0.15,0.16,26-35,OTHER,100k-200k,1M-2M,0-500,13
26918,M,Toronto,ON,CHAMBERS GARY,37,True,fMr5ePFi,Asian,76846.7,True,1202747.0,0.0,True,False,3769,32503.66,744.0,Credit,4,53.0,True,2882.44,Mortgage,False,True,9,Medium,2,1,3,548-228-6565T,4510 1568T 7425 3483,CREDIT,TCG1546092385@non.bla.com,0.15,0.08,36-45,OTHER,60k-100k,1M-2M,0-500,26
8942,M,Toronto,ON,BOYCHUK TED,36,False,,Black,93570.0,True,883332.0,0.0,True,False,3942,39704.21,727.0,Checking; Credit,18,13.06,False,30.5,Mortgage,True,False,0,Medium,2,0,5,683-788-3924T,4519 9251T 9076 7670,DEBIT,TBT1429074@synth.mail.com,0.15,0.07,26-35,OTHER,60k-100k,500k-1M,0-500,19
190199,M,Brampton,ON,REID ART,39,False,,Asian,66263.0,True,1072318.0,0.0,True,False,3204,13776.72,674.0,Checking; Credit,29,12.72,False,23.12,Mortgage,True,False,0,Medium,2,0,6,226-728-9218T,4510 1635T 1764 1098,DEBIT,TRA8156@fake.jumo.com,0.17,0.11,36-45,OTHER,60k-100k,1M-2M,0-500,5
1939,F,Toronto,ON,MORGAN TONIA,43,False,,White,89458.0,True,1194713.0,0.0,True,False,4295,30012.85,712.0,Checking,4,52.0,True,2289.75,Mortgage,True,False,7,High,4,0,7,705-282-6285T,4514 0113T 1496 2780,CREDIT,TMT30827@fake.att.net,0.15,0.04,36-45,White,60k-100k,1M-2M,0-500,42
19024,M,Toronto,ON,CLOTHIER ROBT,31,False,,White,61296.0,True,1026024.0,0.0,True,False,2951,6412.91,684.0,Credit,17,100.0,True,2151.98,Mortgage,False,True,4,High,4,1,5,742-769-6357T,5415 9051T 7940 4842,CREDIT,TCLOTHIERROBT@non.icloud.com,0.15,0.05,26-35,White,60k-100k,1M-2M,0-500,23
95544,F,Montreal,QC,LATOUR MICHELE,45,False,,Asian,64862.0,True,501145.0,0.0,True,False,4110,58387.67,686.0,Credit,19,101.0,True,2204.47,Mortgage,False,False,11,High,4,0,8,367-492-4222T,5415 9035T 3738 7773,CREDIT,TLM6139636227@rand.zoho.com,0.18,0.07,36-45,OTHER,60k-100k,500k-1M,0-500,19
12533,M,Toronto,ON,NATHAN MONTGOMERY,48,True,,White,74173.0,True,1054076.0,0.0,True,False,4432,68446.11,748.0,Joint,14,80.0,True,2279.97,Mortgage,True,False,3,High,4,1,4,647-548-4704T,4519 9286T 6538 4461,DEBIT,TNM3686@synth.cogeco.ca,0.15,0.12,46-55,White,60k-100k,1M-2M,0-500,9
60993,M,Toronto,ON,YORKE DAVE,29,True,,Asian,76992.0,True,1067741.0,0.0,True,False,3694,20378.37,733.0,Credit,12,7.3,False,22.16,Mortgage,False,False,0,Low,5,1,4,905-134-6013T,4519 9290T 7242 0516,DEBIT,TYD909309@fake.att.net,0.15,0.1,26-35,OTHER,60k-100k,1M-2M,0-500,19
82810,M,Montreal,QC,DESSUREAULT LAURENT,43,True,,Latino,74206.0,True,609425.0,0.0,True,False,4537,22336.63,710.0,Joint,4,100.0,True,2676.13,Mortgage,False,False,0,High,3,2,3,819-421-9800T,4512 2359T 7312 6900,CREDIT,TDESSUREAULTLAURENT@non.gmail.com,0.18,0.06,36-45,OTHER,60k-100k,500k-1M,0-500,17
108094,F,Vancouver,BC,PENNEY BETTY,32,False,,Asian,72986.0,True,1092260.0,0.0,True,False,3681,37450.08,702.0,Checking; Investment,15,14.68,False,63.54,,True,False,10,Medium,2,1,6,604-733-9571T,4510 1397T 9808 5410,CREDIT,TPB5129703199@rand.outlook.com,0.13,0.13,26-35,OTHER,60k-100k,1M-2M,0-500,16
112678,F,Vancouver,BC,MCHENRY NORMA,39,False,,White,75174.0,True,1085825.0,0.0,True,False,4222,55297.16,740.0,Checking,14,41.0,True,2172.69,Mortgage,True,True,0,Medium,6,4,3,250-759-5345T,4510 1593T 4263 6612,CREDIT,TMN4404@non.comcast.net,0.13,0.56,36-45,White,60k-100k,1M-2M,0-500,14
188666,M,Brampton,ON,SWORT STEPHEN,44,False,,Asian,96230.0,True,1233937.0,0.0,True,False,4638,21789.29,735.0,Checking; Credit; Investment,3,104.0,True,2710.09,Mortgage,False,True,0,High,4,2,3,705-981-1359T,5415 9043T 2486 5142,CREDIT,TSWORTSTEPHEN@fake.icloud.com,0.17,0.12,36-45,OTHER,60k-100k,1M-2M,0-500,5
23039,F,Toronto,ON,LACKEY SUSAN,37,True,,White,128282.0,True,1165829.0,0.0,True,False,8766,10337.57,757.0,Checking,13,13.94,False,2.82,Personal Loan,True,False,0,Low,5,1,4,807-700-2770T,4519 9298T 0806 8446,DEBIT,TLS39463@rand.outlook.com,0.15,0.08,36-45,White,100k-200k,1M-2M,0-500,9
218232,F,Markham,ON,MORA-HUNT MARIA,30,True,DQHEGiMz,Asian,79529.83,True,1336528.0,0.0,True,False,3330,19219.73,719.0,Joint; Credit,6,91.0,True,2326.3,Mortgage,False,False,7,High,3,4,2,647-412-3217T,4514 0149T 6340 6619,CREDIT,TMM13265861@test.cogeco.ca,0.12,0.29,26-35,OTHER,60k-100k,1M-2M,0-500,5
208120,F,London,ON,LOCOCO SUZANNE,41,True,,White,81456.0,True,689860.0,0.0,True,False,3960,26544.37,709.0,Checking,16,105.0,True,2483.31,Mortgage,False,False,0,High,3,2,3,705-787-8910T,4510 1696T 2766 0529,DEBIT,TLS2566447442@non.netZero.com,0.17,0.06,36-45,White,60k-100k,500k-1M,0-500,6
59323,F,Toronto,ON,TILSTON VIVIAN,45,False,,White,75733.0,True,1140957.0,0.0,False,False,3549,26716.63,667.0,Investment,29,87.0,True,1807.12,Mortgage,False,False,8,High,4,1,7,705-437-6345T,4519 9235T 1564 0271,DEBIT,TTV268480624@fake.cogeco.ca,0.15,0.16,36-45,White,60k-100k,1M-2M,0-500,9
84617,M,Montreal,QC,GROLEAU GASTON,29,False,,Latino,63683.0,True,544405.0,0.0,True,False,2558,5214.15,619.0,Credit; Checking,18,34.0,True,1942.64,Mortgage,True,True,0,High,5,0,8,581-889-6597T,4514 0192T 1685 7353,CREDIT,TGG3934@rand.neo.com,0.18,0.08,26-35,OTHER,60k-100k,500k-1M,0-500,20
26551,M,Toronto,ON,CAMERON STEPHEN,36,True,,White,99675.0,True,995095.0,0.0,True,False,5747,18548.54,746.0,Credit; Joint; Investment; Checking,23,12.71,False,51.43,Mortgage,True,False,12,Medium,2,0,4,343-717-7658T,4510 1648T 0043 9629,DEBIT,TCS9823906468@synth.live.com,0.15,0.09,26-35,White,60k-100k,500k-1M,0-500,8
24744,M,Toronto,ON,PAGAN ED,44,False,,Asian,106904.0,True,1149610.0,0.0,False,False,8909,41237.31,700.0,Credit,32,62.0,True,5260.46,Mortgage,True,True,6,High,5,0,3,613-702-1315T,4519 9271T 1210 7353,DEBIT,TPAGANED@synth.netZero.com,0.15,0.27,36-45,OTHER,100k-200k,1M-2M,0-500,7
35720,M,Toronto,ON,REDMOND CRAIG,42,False,,Asian,87861.0,True,1118411.0,0.0,False,False,4566,18228.33,664.0,Checking,4,18.95,False,8.46,Mortgage,False,False,7,Medium,2,1,5,437-428-7513T,4519 9259T 9643 5432,DEBIT,TRC58699@rand.iCloud.com,0.15,0.07,36-45,OTHER,60k-100k,1M-2M,0-500,7
209618,M,London,ON,PENTLAND MARK,45,True,,Native,76727.0,True,865683.0,0.0,True,False,4491,24417.87,743.0,Joint; Checking; Investment,13,47.0,True,2492.35,Mortgage,True,False,0,High,5,2,3,683-694-8423T,4512 2316T 6986 4208,CREDIT,TPEMAbubblyZebra41989@synth.gmail.com,0.17,0.04,36-45,OTHER,60k-100k,500k-1M,0-500,5
49406,M,Toronto,ON,HADDAD JOHN,45,False,,Asian,67667.0,True,1089454.0,0.0,True,False,4069,27001.49,691.0,Checking,35,39.0,True,2941.58,Mortgage,False,False,0,Medium,6,0,5,365-741-2008T,4510 1622T 6162 0493,DEBIT,THJ05588@non.yahoo.com,0.15,0.11,36-45,OTHER,60k-100k,1M-2M,0-500,40
77495,M,Montreal,QC,BEAUDOIN JACQUES,35,False,,White,75209.0,True,598324.0,0.0,True,False,3221,46980.87,677.0,Checking,4,15.04,False,10.72,,False,False,4,Medium,2,1,4,367-799-9047T,4510 1580T 2863 2775,CREDIT,TBJ2432227675@test.gmail.com,0.18,0.08,26-35,White,60k-100k,500k-1M,0-500,30
56723,M,Toronto,ON,MASSCHAELE PAUL,47,True,,Asian,102497.0,True,1269074.0,0.0,True,False,8541,33358.82,793.0,Investment,4,81.0,True,5665.11,,True,True,7,High,4,3,2,548-548-7846T,4519 9229T 7633 3498,DEBIT,TMASSCHAELEPAUL@rand.yahoo.com,0.15,0.45,46-55,OTHER,100k-200k,1M-2M,0-500,10
184937,M,Brampton,ON,DOUPE HENRY,37,True,,Asian,131308.0,True,1297633.0,0.0,True,False,10942,28866.55,770.0,Joint,2,34.0,True,7796.78,Mortgage,True,False,0,Medium,5,4,1,647-501-2075T,4512 2337T 2945 1779,CREDIT,TDOUPEHENRY@rand.proton.com,0.17,0.13,36-45,OTHER,100k-200k,1M-2M,0-500,6
13696,M,Toronto,ON,PASCHE ALEX,35,True,TNTTbSxY,Asian,77220.0,True,1076001.0,0.0,True,False,4538,20029.43,719.0,Checking,4,100.0,True,2382.99,Mortgage,True,False,0,High,4,5,1,905-325-1081T,4510 1544T 8527 9418,CREDIT,TPA6144997@test.outlook.com,0.15,0.16,26-35,OTHER,60k-100k,1M-2M,0-500,19
92740,F,Montreal,QC,PROVENCHER LOUISE,36,False,,White,75900.0,True,573702.0,0.0,True,False,4442,27292.07,673.0,Investment; Checking; Credit,4,76.0,True,2974.02,Mortgage,True,False,0,High,5,2,3,579-320-1720T,4519 9292T 3818 5102,DEBIT,TPL30664@rand.att.net,0.18,0.05,26-35,White,60k-100k,500k-1M,0-500,28
68056,M,Toronto,ON,DUMOUCHEL DANIEL,33,False,,Asian,61235.0,True,900947.0,0.0,True,False,2641,9181.64,646.0,Credit,19,10.7,False,18.12,Mortgage,True,False,6,Medium,2,1,5,519-641-4565T,5415 9073T 9520 4610,CREDIT,TDD73280120@synth.netZero.com,0.15,0.14,26-35,OTHER,60k-100k,500k-1M,0-500,19
128511,F,Calgary,AB,RACHAR HAZEL,42,True,PkSDLZGm,White,124806.0,True,744891.0,0.0,True,False,10400,20243.32,748.0,Credit,25,14.85,False,31.76,Mortgage,False,False,0,Medium,2,2,4,825-199-4365T,4514 0126T 8441 2150,CREDIT,ToutlyingCoconut3RAHA@non.iCloud.com,0.14,0.06,36-45,White,100k-200k,500k-1M,0-500,7
29054,F,Toronto,ON,JOHNSON ANNE,48,False,,Latino,82851.0,True,1192649.0,0.0,True,False,3990,71573.01,732.0,Credit,23,15.54,False,15.59,,True,True,7,Medium,2,2,3,365-300-2648T,4519 9259T 3707 3549,DEBIT,TJA42031009@rand.neo.com,0.15,0.25,46-55,OTHER,60k-100k,1M-2M,0-500,23
17104,F,Toronto,ON,MARCHAND BRENDA,37,True,R2E5XdZ5,White,106937.0,True,1222494.0,0.0,True,False,8911,16144.33,753.0,Checking,18,97.0,True,6455.7,Mortgage,True,True,3,High,5,1,5,705-646-8161T,4510 1387T 6934 9310,CREDIT,TMB223746057@fake.icloud.com,0.15,0.13,36-45,White,100k-200k,1M-2M,0-500,9
88966,M,Montreal,QC,BRISEBOIS MARC,42,False,,White,95695.0,True,603477.0,0.0,True,False,4039,8963.96,696.0,Checking; Credit,23,13.63,False,22.46,,False,False,0,Low,5,1,4,354-750-3839T,4510 1516T 4152 1907,CREDIT,TBRISEBOISMARC@test.proton.com,0.18,0.1,36-45,White,60k-100k,500k-1M,0-500,28
56056,M,Toronto,ON,MASTIN DAN,30,False,,Black,84050.0,True,1083332.0,0.0,True,False,3713,36964.92,732.0,Investment,18,82.0,True,2180.52,Mortgage,True,False,2,High,3,3,3,905-215-6365T,4510 1329T 3805 8454,CREDIT,TMD677089@synth.neo.com,0.15,0.24,26-35,OTHER,60k-100k,1M-2M,0-500,39
73476,F,Montreal,QC,BOUNSALL ELLEN,29,False,,White,82213.0,True,619441.0,0.0,True,False,3642,8775.84,665.0,Investment,18,93.0,True,2583.62,,False,False,6,High,4,0,6,450-421-9368T,5415 9056T 4646 5599,CREDIT,TBOUNSALL_ELLEN26@synth.gmail.com,0.18,0.13,26-35,White,60k-100k,500k-1M,0-500,28
46367,F,Toronto,ON,MARIA DAVIS,30,False,,White,108642.0,True,1086704.0,0.0,True,False,3471,17314.89,740.0,Credit,15,13.85,False,22.48,Mortgage,False,False,0,Medium,2,2,3,742-154-9369T,4510 1543T 4941 9020,CREDIT,TMD6408@rand.cogeco.ca,0.15,0.11,26-35,White,100k-200k,1M-2M,0-500,9
142814,M,Ottawa,ON,BLAIN MICHAEL,39,False,,White,89649.0,True,787383.0,0.0,True,False,3987,41229.78,731.0,Credit; Investment,23,15.5,False,33.51,,True,False,0,Medium,2,3,1,647-851-9643T,4510 1553T 8867 9604,CREDIT,TBLMIshamefulMoth21957@fake.icloud.com,0.14,0.28,36-45,White,60k-100k,500k-1M,0-500,5
157849,F,Winnipeg,MB,MURRAY WENDY,30,False,,Native,72076.0,True,334540.0,0.0,True,False,3854,19441.03,650.0,Investment; Credit; Checking,15,62.0,True,2882.67,Mortgage,False,False,0,High,4,0,5,431-954-4065T,4512 2321T 5360 2370,CREDIT,TMW168614326@synth.att.net,0.18,0.07,26-35,OTHER,60k-100k,200k-500k,0-500,6
167987,M,Hamilton,ON,MILLER DAVID,29,False,,White,61166.0,True,929882.0,0.0,True,False,3443,3534.05,648.0,Checking; Credit,17,11.6,False,27.72,,True,False,0,Medium,2,0,5,416-254-1323T,4519 9247T 0865 3685,DEBIT,TMILLERM29@non.netZero.com,0.15,0.14,26-35,White,60k-100k,500k-1M,0-500,9
66079,F,Toronto,ON,JACKLYN MARILYN,39,False,,Asian,81609.0,True,1094833.0,0.0,True,False,3941,13125.99,696.0,Credit,4,16.97,False,34.32,Mortgage,False,False,0,Low,6,1,6,705-547-6360T,4514 0130T 5283 1380,CREDIT,TrelievedOwl4JAMA@test.aol.com,0.15,0.12,36-45,OTHER,60k-100k,1M-2M,0-500,69
117834,M,Vancouver,BC,CHERNEY HARRY,43,False,,Asian,105417.0,True,1205260.0,0.0,True,False,8785,17199.36,716.0,Investment; Checking,6,94.0,True,6958.24,Mortgage,True,False,11,High,3,7,1,672-388-5481T,4519 9261T 5374 7555,DEBIT,TCH48236@non.comcast.net,0.13,0.4,36-45,OTHER,100k-200k,1M-2M,0-500,8
31899,F,Toronto,ON,MOLLER KAREN,39,False,,Asian,66287.0,True,1079451.0,0.0,True,False,4119,22033.63,669.0,Checking,10,9.99,False,29.69,Mortgage,True,False,10,Low,5,0,7,437-617-1238T,4510 1361T 0447 6403,CREDIT,TMK069507@synth.live.com,0.15,0.15,36-45,OTHER,60k-100k,1M-2M,0-500,69
34843,M,Toronto,ON,PALMER RICHARD,31,False,,White,94687.0,True,1192954.0,0.0,False,False,4648,43627.27,716.0,Checking,8,8.68,False,25.99,Mortgage,True,False,0,Low,5,5,1,613-366-5125T,4510 1395T 1343 6099,CREDIT,TPALMERRICHARD@synth.netZero.com,0.15,0.25,26-35,White,60k-100k,1M-2M,0-500,8
20704,F,Toronto,ON,JENINGS KRISTEN,30,True,31AUk2Uc,Native,77095.0,True,1132628.0,0.0,False,False,3966,19741.17,687.0,Investment,18,69.0,True,2112.52,Auto Loan,True,False,0,High,4,0,8,249-100-3304T,4510 1643T 8190 9215,DEBIT,TJK62614@synth.iCloud.com,0.15,0.1,26-35,OTHER,60k-100k,1M-2M,0-500,6
89525,M,Montreal,QC,ROY VINCENT,20,False,,White,24972.0,False,0.0,698.0,False,False,1390,2536.65,418.0,Savings; Checking,5,95.0,True,986.58,Student Loan,False,False,9,High,5,0,6,579-579-2898T,4514 0123T 4283 7304,CREDIT,TRV87440@fake.cogeco.ca,0.18,0.09,18-25,White,0-30k,0-200k,500-1k,11
112460,M,Vancouver,BC,MELIS MAX,31,False,,Asian,90564.0,True,1396761.0,0.0,True,False,3768,43252.25,746.0,Investment,13,7.32,False,38.09,Mortgage,True,False,9,Low,6,2,3,250-762-9653T,4510 1598T 7198 5034,CREDIT,TMM880889@fake.hotmail.com,0.13,0.44,26-35,OTHER,60k-100k,1M-2M,0-500,21
101699,F,Montreal,QC,ROULEAU YOLANDE,44,False,,Others,60432.0,True,680134.0,0.0,True,True,3934,33441.26,838.0,Credit,20,118.0,True,2786.01,Mortgage,True,True,0,High,3,1,5,354-880-5668T,4510 1396T 4474 8107,CREDIT,TRY309496655@fake.proton.com,0.18,0.09,36-45,OTHER,60k-100k,500k-1M,0-500,5
44209,F,Toronto,ON,SWIFT MARY,34,False,,Asian,89216.0,True,1301414.0,0.0,True,False,3556,28673.07,718.0,Checking,13,14.27,False,13.71,Mortgage,False,True,5,Medium,2,1,5,647-757-4623T,4510 1620T 8841 4283,DEBIT,TSM68539949@non.netZero.com,0.15,0.13,26-35,OTHER,60k-100k,1M-2M,0-500,63
41701,M,Toronto,ON,FROST CLIFFORD,37,False,,White,87968.0,True,1107203.0,0.0,False,False,4827,12529.43,667.0,Credit; Investment,20,17.14,False,28.5,Mortgage,True,False,5,Medium,2,2,4,548-634-9082T,5415 9051T 4644 9291,CREDIT,TFC99111@non.live.com,0.15,0.11,36-45,White,60k-100k,1M-2M,0-500,7
115323,M,Vancouver,BC,RONALD JOHN,33,False,,Asian,62566.0,True,1128975.0,0.0,True,False,2956,13119.59,673.0,Credit; Checking,14,12.94,False,35.28,Mortgage,False,True,6,Low,5,1,5,236-124-7344T,4510 1357T 6436 5400,CREDIT,TRJ13796776@non.mail.com,0.13,0.28,26-35,OTHER,60k-100k,1M-2M,0-500,21
53739,M,Toronto,ON,CURLEY RICHARD,30,False,,White,100685.0,True,1262075.0,0.0,True,False,2805,3895.42,693.0,Credit,4,14.49,False,2.5,Auto Loan,True,False,0,Low,5,1,4,416-132-3673T,5415 9057T 6732 7766,CREDIT,TCR11436313@rand.proton.com,0.15,0.11,26-35,White,100k-200k,1M-2M,0-500,16
101232,F,Montreal,QC,COURTENEY JOYCE,22,False,,White,8661.0,False,0.0,596.0,False,False,828,2780.0,384.0,Checking,13,75.0,True,651.88,,False,False,0,High,3,4,3,581-355-8118T,4514 0198T 5559 9783,CREDIT,TCOURTENEY_JOYCE58@fake.neo.com,0.18,0.15,18-25,White,0-30k,0-200k,500-1k,6
85859,F,Montreal,QC,PAUL WALKER,41,False,,Others,69850.0,True,558261.0,0.0,True,False,3677,18238.7,646.0,Checking; Credit,17,16.22,False,40.17,Mortgage,True,False,0,Low,5,0,6,367-864-9827T,4512 2366T 3376 2730,CREDIT,TcockyBustard0PAWA@rand.aol.com,0.18,0.07,36-45,OTHER,60k-100k,500k-1M,0-500,19
46902,F,Toronto,ON,DIONNE MARIE,20,True,,Latino,15411.0,False,0.0,885.0,False,False,1296,2831.66,417.0,Savings,1,8.57,False,7.94,Student Loan,False,True,0,Medium,2,0,7,437-785-6502T,4510 1345T 1118 3149,CREDIT,TDIONNE_MARIE28@fake.yahoo.com,0.15,0.08,18-25,OTHER,0-30k,0-200k,500-1k,5
94009,F,Montreal,QC,WAWRZETZ HELEN,45,False,,Native,60387.0,True,635659.0,0.0,True,False,3683,23470.47,676.0,Credit; Checking,24,10.26,False,23.0,Mortgage,True,True,0,Low,6,2,6,579-224-7218T,4519 9297T 3617 7775,DEBIT,TgiddySeahorse0WAHE@non.att.net,0.18,0.35,36-45,OTHER,60k-100k,500k-1M,0-500,19
66783,F,Toronto,ON,JENKIN NANCY,21,False,,Black,22526.0,False,0.0,731.0,False,False,1019,10365.34,432.0,Savings,8,9.07,False,4.52,Student Loan,False,False,0,Medium,2,0,6,647-921-3913T,4510 1352T 4098 1264,CREDIT,TJN4692428@test.bla.com,0.15,0.08,18-25,OTHER,0-30k,0-200k,500-1k,15
12844,M,Toronto,ON,MURRAY BRIAN,44,True,nraTVpat,White,78819.36,True,1200191.0,0.0,True,False,4817,57757.88,754.0,Checking; Joint; Credit; Investment,16,76.0,True,3489.69,Mortgage,True,False,0,High,5,1,5,647-988-1474T,4512 2335T 6484 7129,CREDIT,TMB8146@rand.outlook.com,0.15,0.07,36-45,White,60k-100k,1M-2M,0-500,21
31159,M,Toronto,ON,DALE CHAPPELL,43,True,4ZmwWqqq,White,108936.54,True,1375868.0,0.0,True,False,9078,15339.27,768.0,Investment,17,58.0,True,5906.74,Mortgage,True,True,0,Medium,5,3,1,226-889-6593T,4510 1561T 5465 0358,CREDIT,TDACHpuzzledMackerel01975@rand.outlook.com,0.15,0.35,36-45,White,100k-200k,1M-2M,0-500,16
39845,F,Toronto,ON,MCDOUGALL JERRI,25,False,,Asian,71008.0,True,973500.0,0.0,True,False,2521,55773.89,691.0,Credit; Investment,8,20.69,False,10.59,Mortgage,True,False,0,Medium,2,0,7,613-331-3472T,5415 9047T 4989 2000,CREDIT,TMCDOUGALL_JERRI70@rand.outlook.com,0.15,0.13,18-25,OTHER,60k-100k,500k-1M,0-500,8
72914,F,Toronto,ON,BOBBY COMBS,41,True,,White,101996.0,True,1192143.0,0.0,True,False,8500,21092.04,733.0,Checking,4,99.0,True,5874.2,,True,False,0,High,5,1,6,683-843-1724T,4510 1355T 0557 3318,CREDIT,TlyingPear3BOCO@test.cogeco.ca,0.15,0.09,36-45,White,100k-200k,1M-2M,0-500,9
96840,M,Montreal,QC,GARCIN GARRY,40,False,,White,66397.0,True,631843.0,0.0,True,False,2902,13176.89,660.0,Credit,4,8.35,False,82.78,Mortgage,True,True,2,Low,5,0,6,468-225-8590T,4510 1352T 0592 0699,CREDIT,TGG4161670@non.iCloud.com,0.18,0.15,36-45,White,60k-100k,500k-1M,0-500,28
143058,F,Ottawa,ON,JONES JODI,33,False,,White,97377.0,True,776294.0,0.0,True,False,4635,18512.76,690.0,Investment,4,57.0,True,3065.9,Mortgage,True,False,0,High,3,3,3,416-172-5256T,5415 9023T 5398 2886,CREDIT,TcrummyLlama0JOJO@rand.cogeco.ca,0.14,0.4,26-35,White,60k-100k,500k-1M,0-500,18
96814,M,Montreal,QC,FOREST ERIC,41,False,,Black,95800.0,True,712025.0,0.0,False,False,4604,28498.8,674.0,Credit; Investment; Checking,15,72.0,True,2643.31,Personal Loan,False,True,0,High,4,0,4,579-369-4739T,4510 1672T 4513 9108,DEBIT,TFOERtautAbalone61989@synth.live.com,0.18,0.14,36-45,OTHER,60k-100k,500k-1M,0-500,5
19474,F,Toronto,ON,DAVIDSON JULIE,37,True,,White,99915.0,True,1228350.0,0.0,True,False,4511,40125.91,763.0,Checking,3,0.33,False,53.94,Personal Loan,False,True,0,Low,5,0,6,437-418-7065T,4510 1380T 4339 7581,CREDIT,TDJ851993@synth.att.net,0.15,0.14,36-45,White,60k-100k,1M-2M,0-500,25
124522,M,Calgary,AB,CHAMBERS BARRY,36,False,,Asian,119725.0,True,977817.0,0.0,True,False,7913,14359.82,703.0,Checking,4,14.56,False,34.99,Mortgage,True,True,9,Medium,2,3,1,780-759-8125T,5415 9096T 7811 9325,CREDIT,TCB01775180@fake.live.com,0.14,0.45,26-35,OTHER,100k-200k,500k-1M,0-500,5
45370,F,Toronto,ON,RACHEL SMITH,33,False,,Black,66152.0,True,973664.0,0.0,True,False,3386,17777.07,661.0,Checking; Credit,5,11.1,False,12.73,Personal Loan,False,False,0,Medium,2,0,7,343-443-9636T,4510 1324T 2354 2052,CREDIT,TRS8824526201@test.bla.com,0.15,0.09,26-35,OTHER,60k-100k,500k-1M,0-500,22
40829,F,Toronto,ON,CAMERON MONIQUE,42,False,,Asian,96880.0,True,1366885.0,0.0,False,False,5401,65370.87,719.0,Investment; Credit; Checking,16,14.66,False,21.36,Mortgage,True,False,0,Medium,2,0,7,807-520-2771T,4510 1529T 4139 9732,CREDIT,TCM388883@fake.gmail.com,0.15,0.08,36-45,OTHER,60k-100k,1M-2M,0-500,23
37377,M,Toronto,ON,WONG SIMON,36,True,,Asian,85185.0,True,1064654.0,0.0,True,False,5125,46840.11,741.0,Investment,24,47.0,True,3344.79,Mortgage,True,False,0,High,3,2,2,807-346-3083T,4510 1621T 1148 0049,DEBIT,TWOSIpanickySalt81998@rand.neo.com,0.15,0.11,26-35,OTHER,60k-100k,1M-2M,0-500,19
210692,F,London,ON,ELIZABETH BOWEN,41,True,,White,80357.0,True,723500.0,0.0,True,False,3731,40977.95,763.0,Investment; Checking; Joint; Credit,18,12.08,False,55.92,Mortgage,False,False,11,Medium,2,3,2,249-928-4959T,4514 0132T 6865 2505,CREDIT,TEB4044285@synth.zoho.com,0.17,0.22,36-45,White,60k-100k,500k-1M,0-500,6
99996,M,Montreal,QC,PROULX PAUL,42,False,,White,67296.0,True,530289.0,0.0,True,False,3613,15459.69,661.0,Credit,4,12.7,False,39.81,Mortgage,False,True,0,Low,6,2,3,873-357-6364T,4510 1325T 8547 9383,CREDIT,TPROULXPAUL@fake.comcast.net,0.18,0.24,36-45,White,60k-100k,500k-1M,0-500,28
123756,M,Calgary,AB,GRASBY STEPHEN,32,False,,Asian,114330.0,True,638136.0,0.0,True,False,7819,18613.3,701.0,Credit,13,33.14,False,9.21,Personal Loan,True,True,0,Medium,2,3,2,368-734-7835T,4510 1677T 7703 7724,DEBIT,TGS860997331@test.comcast.net,0.14,0.46,26-35,OTHER,100k-200k,500k-1M,0-500,5
72592,M,Toronto,ON,MONSEN PETER,47,False,,Asian,113145.0,True,1273368.0,0.0,True,False,9429,35696.7,779.0,Investment,22,14.89,False,27.66,Mortgage,True,False,8,Medium,2,2,4,683-604-4239T,4519 9278T 0403 6297,DEBIT,TMP851693@rand.icloud.com,0.15,0.2,46-55,OTHER,100k-200k,1M-2M,0-500,13
217576,F,Markham,ON,MILLETTE LIZ,42,False,,Asian,77932.0,True,1347649.0,0.0,True,False,3871,18837.15,727.0,Credit,23,17.32,False,49.75,Mortgage,False,True,2,Medium,2,0,6,343-889-5780T,4510 1669T 4758 9816,DEBIT,TashamedFlamingo7MILI@rand.yahoo.com,0.12,0.11,36-45,OTHER,60k-100k,1M-2M,0-500,5
80147,M,Montreal,QC,DOUCET PAUL,48,True,,White,70346.0,True,805313.0,0.0,True,False,4722,46454.88,741.0,Credit,12,10.94,False,34.33,Auto Loan,False,False,0,Medium,2,0,4,418-201-6297T,4512 2384T 2629 0267,CREDIT,TDOPAoffendedLollies01974@test.jumo.com,0.18,0.09,46-55,White,60k-100k,500k-1M,0-500,6
68260,M,Toronto,ON,ALMEIDA NORBERT,45,False,,White,100800.0,True,1079204.0,0.0,True,False,8400,37598.43,720.0,Credit,8,41.0,True,6241.8,Mortgage,True,True,9,High,4,4,2,343-307-4826T,4519 9218T 3973 3347,DEBIT,TAN912105557@fake.aol.com,0.15,0.48,36-45,White,100k-200k,1M-2M,0-500,19
9419,F,Toronto,ON,ANDRE PERRY,29,True,,Asian,92334.0,True,1019756.0,0.0,True,False,4347,10970.66,739.0,Checking; Investment; Joint,17,10.38,False,58.09,Mortgage,True,True,0,Medium,2,1,6,683-658-8431T,4510 1695T 9928 9470,DEBIT,TAP468588970@synth.outlook.com,0.15,0.11,26-35,OTHER,60k-100k,1M-2M,0-500,11
55036,M,Toronto,ON,MEGRAW DAN,44,False,,Asian,117610.0,True,1951657.0,0.0,True,False,9801,30558.07,749.0,Checking,21,80.0,True,6317.09,Mortgage,True,False,7,High,5,2,3,753-138-2529T,4510 1512T 9145 4147,CREDIT,TMEDApleasedPoultry41952@rand.bla.com,0.15,0.11,36-45,OTHER,100k-200k,1M-2M,0-500,29
171527,M,Hamilton,ON,LISKA JOHN,38,False,,Black,81479.0,True,905504.0,0.0,True,False,4069,53436.58,736.0,Credit,21,11.45,False,18.85,Mortgage,True,False,0,Medium,2,0,4,807-359-7713T,4519 9291T 4414 1271,DEBIT,TLISKAJOHN@rand.live.com,0.15,0.12,36-45,OTHER,60k-100k,500k-1M,0-500,5
16013,M,Toronto,ON,DOWNS JOHNSTON,46,False,,Asian,80100.0,True,1131189.0,0.0,True,False,4384,27098.49,724.0,Checking,10,19.19,False,25.23,Mortgage,True,False,0,Medium,2,0,6,753-101-4422T,5415 9091T 2470 6483,CREDIT,TDJ28525485@test.zoho.com,0.15,0.06,36-45,OTHER,60k-100k,1M-2M,0-500,40
65832,F,Toronto,ON,WILMOT JUDI,24,False,,Others,96063.0,False,0.0,1153.0,True,False,2292,9123.41,510.0,Investment,11,18.0,False,16.02,,False,False,4,Medium,2,1,4,519-972-6593T,5415 9024T 1475 4604,CREDIT,TWILMOT_JUDI5@fake.att.net,0.15,0.08,18-25,OTHER,60k-100k,0-200k,1k-2k,8
184472,M,Brampton,ON,BERRY BYRON,45,False,,Asian,104759.0,True,1139130.0,0.0,True,False,8730,26802.65,713.0,Investment,4,11.47,False,23.55,Mortgage,True,False,0,Medium,2,0,4,683-427-7854T,4512 2389T 1879 3066,CREDIT,TBEBYsomberBittern31963@synth.comcast.net,0.17,0.12,36-45,OTHER,100k-200k,1M-2M,0-500,7
99183,F,Montreal,QC,FITZPATRICK ROXANE,32,False,,Others,49532.0,True,567220.0,0.0,True,False,2320,7524.61,623.0,Checking,4,0.0,False,19.55,Mortgage,False,False,3,Low,4,0,7,354-403-2767T,5415 9083T 9465 7141,CREDIT,TgrumpyCaviar4FIRO@synth.aol.com,0.18,0.07,26-35,OTHER,30k-60k,500k-1M,0-500,8
106695,M,Vancouver,BC,CHAPMAN PAUL,28,False,,Asian,119142.0,True,1286836.0,0.0,True,False,3847,8290.94,720.0,Credit,4,81.0,True,1926.51,Mortgage,True,False,10,High,4,4,1,778-173-1776T,4510 1672T 6296 2413,DEBIT,TCHAPMAN_PAUL61@rand.netZero.com,0.13,0.46,26-35,OTHER,100k-200k,1M-2M,0-500,8
4764,M,Toronto,ON,PAVELIN FRED,24,False,,White,86833.0,False,0.0,1364.0,True,False,1720,7902.31,534.0,Investment,16,69.0,True,982.69,,False,False,0,High,3,0,3,365-756-2972T,4510 1660T 4648 1159,DEBIT,TPF1661@test.live.com,0.15,0.11,18-25,White,60k-100k,0-200k,1k-2k,10
25700,M,Toronto,ON,JOHNSTON TREVOR,47,False,,Asian,127591.0,True,1254775.0,0.0,True,False,10481,32726.87,788.0,Credit; Investment; Checking,37,62.0,True,8258.76,Personal Loan,False,True,0,High,5,5,1,613-176-8274T,4519 9210T 0500 6622,DEBIT,TJT8099@synth.iCloud.com,0.15,0.33,46-55,OTHER,100k-200k,1M-2M,0-500,13
66678,F,Toronto,ON,EVERS MARY,25,False,,White,78890.0,True,510061.0,0.0,True,False,2169,26153.88,665.0,Checking,12,19.08,False,12.01,Mortgage,True,True,3,Medium,2,1,5,705-548-5383T,5415 9010T 8547 1764,CREDIT,TEM141947@non.att.net,0.15,0.28,18-25,White,60k-100k,500k-1M,0-500,6
134130,F,Edmonton,AB,FLECK JAIMIE,33,False,,Asian,95446.0,True,448342.0,0.0,True,False,3405,57313.99,708.0,Investment,16,6.45,False,19.08,Mortgage,True,False,0,Low,6,0,7,403-504-1925T,4510 1350T 5706 4041,CREDIT,TFJ332830@non.outlook.com,0.16,0.14,26-35,OTHER,60k-100k,200k-500k,0-500,7
14222,M,Toronto,ON,APRIL JENKINS,39,True,,Asian,85837.0,True,934672.0,0.0,True,False,3988,34808.3,742.0,Joint,4,62.0,True,3166.38,Mortgage,True,False,0,High,4,3,2,613-363-6593T,4512 2349T 3089 3007,CREDIT,TAJ384537660@test.live.com,0.15,0.14,36-45,OTHER,60k-100k,500k-1M,0-500,8
118405,M,Vancouver,BC,ORR AXEL,39,False,,White,74534.0,True,1223574.0,0.0,True,False,4896,46415.73,716.0,Checking; Investment; Credit,8,17.48,False,38.69,Mortgage,True,False,0,Medium,2,4,1,778-555-9463T,4514 0144T 0508 9272,CREDIT,TORRAXEL@synth.comcast.net,0.13,0.38,36-45,White,60k-100k,1M-2M,0-500,12
210523,F,London,ON,DEIR ILA,40,False,,White,87716.0,True,835570.0,0.0,True,False,4943,8532.5,695.0,Checking; Investment,4,19.77,False,25.52,Mortgage,True,True,0,Low,5,2,4,548-829-2494T,5415 9041T 3745 4283,CREDIT,TDI4204799@test.netZero.com,0.17,0.16,36-45,White,60k-100k,500k-1M,0-500,8
23655,F,Toronto,ON,AITKEN FRAN,44,True,,Others,64216.0,True,1010692.0,0.0,True,False,4289,21505.0,682.0,Credit,12,97.0,True,2451.37,,True,False,0,High,4,1,7,742-125-8223T,4510 1347T 1271 7516,CREDIT,TAF462995@synth.netZero.com,0.15,0.1,36-45,OTHER,60k-100k,1M-2M,0-500,36
61177,F,Toronto,ON,FRANCIS ELISE,27,False,,White,82528.0,True,957357.0,0.0,True,False,3605,30623.48,706.0,Credit; Checking,10,6.08,False,25.3,,True,True,9,Low,4,1,5,289-412-6840T,4510 1379T 8534 9680,CREDIT,TFRANCIS_ELISE24@test.neo.com,0.15,0.2,26-35,White,60k-100k,500k-1M,0-500,14
17091,F,Toronto,ON,FORBES LISA,31,False,,White,77234.0,True,1150726.0,0.0,True,False,4043,45396.67,723.0,Checking; Credit,20,112.0,True,2374.79,Mortgage,True,False,0,High,4,1,3,226-500-5723T,4519 9246T 2530 4534,DEBIT,TFL11550566@synth.icloud.com,0.15,0.1,26-35,White,60k-100k,1M-2M,0-500,37
86711,M,Montreal,QC,CHAMALE JOSE,27,False,,White,77439.0,True,582816.0,0.0,True,False,3614,23964.11,685.0,Checking,4,73.0,True,2083.77,Mortgage,True,False,7,High,4,2,4,873-810-8587T,4512 2396T 1847 2690,CREDIT,TCJ3671014@test.aol.com,0.18,0.15,26-35,White,60k-100k,500k-1M,0-500,30
70255,M,Toronto,ON,DANIEL JOHNSON,31,True,,Others,124267.0,True,1259375.0,0.0,True,False,10356,11204.29,731.0,Credit,6,72.0,True,5236.28,Personal Loan,False,False,0,High,3,0,5,343-316-8177T,4512 2332T 5109 1216,CREDIT,TDJ3456850729@fake.outlook.com,0.15,0.06,26-35,OTHER,100k-200k,1M-2M,0-500,18
37519,M,Toronto,ON,EMILY DAVIS,31,False,,Asian,94932.0,True,970381.0,0.0,True,False,3864,7538.06,691.0,Investment,4,100.0,True,2044.01,Mortgage,False,False,0,High,4,2,4,249-568-4524T,4514 0157T 5646 4389,CREDIT,TEMILYDAVIS@rand.outlook.com,0.15,0.12,26-35,OTHER,60k-100k,500k-1M,0-500,19
92406,F,Montreal,QC,OUEDRAOGO BEATRICE,23,False,,White,61383.0,False,0.0,646.0,True,False,2587,2440.16,502.0,Checking; Credit; Savings,14,50.0,True,2027.79,Student Loan,False,False,0,High,4,1,6,450-982-4825T,4519 9225T 2879 1903,DEBIT,TOUEDRAOGO_BEATRICE52@test.att.net,0.18,0.07,18-25,White,60k-100k,0-200k,500-1k,9
1057,M,Toronto,ON,PHILIP DAVID,40,False,,White,76804.0,True,1051915.0,0.0,True,False,5024,12129.96,676.0,Checking,22,10.88,False,34.41,Mortgage,False,False,3,Low,5,3,2,548-379-6281T,4510 1324T 5331 8094,CREDIT,TPHILIPDAVID@fake.gmail.com,0.15,0.29,36-45,White,60k-100k,1M-2M,0-500,31
60455,M,Toronto,ON,BOUDREAULT BERNARD,28,False,,White,64166.0,True,960835.0,0.0,False,False,3159,5699.1,621.0,Credit; Checking,4,6.86,False,21.77,,False,False,0,Low,6,3,3,519-197-8227T,4510 1584T 0769 6424,CREDIT,TBOUDREAULT_BERNARD1@fake.aol.com,0.15,0.47,26-35,White,60k-100k,500k-1M,0-500,6
203773,M,Halifax,NS,WHEBBY ERIC,28,False,,White,76147.0,True,423379.0,0.0,True,False,3622,26823.63,648.0,Credit; Checking,14,8.59,False,41.44,,True,False,0,Low,6,4,1,902-106-4005T,4514 0195T 8773 9112,CREDIT,TWE273422277@non.cogeco.ca,0.14,0.87,26-35,White,60k-100k,200k-500k,0-500,5
181493,F,Mississauga,ON,PRINCE BARB,34,True,,Native,70860.0,True,1134541.0,0.0,True,False,3372,11954.99,699.0,Checking,14,11.32,False,25.28,Mortgage,True,False,6,Low,5,2,5,753-714-3800T,4510 1656T 4156 2169,DEBIT,TpacifiedOwl6PRBA@fake.comcast.net,0.17,0.08,26-35,OTHER,60k-100k,1M-2M,0-500,8
22413,F,Toronto,ON,STEPHANIE HANSEN,34,False,,Asian,90174.0,True,971109.0,0.0,True,False,3812,6443.02,688.0,Credit,4,8.42,False,15.72,Mortgage,False,False,1,Low,5,0,6,683-999-8135T,4510 1574T 6005 3178,CREDIT,TSH19367280@non.jumo.com,0.15,0.11,26-35,OTHER,60k-100k,500k-1M,0-500,22
7070,M,Toronto,ON,MORRISON ROBERT,22,False,,Asian,18662.0,False,0.0,964.0,False,False,1168,1813.47,436.0,Checking; Savings,3,30.0,True,697.02,,False,True,9,High,4,1,5,226-740-1021T,4519 9217T 9901 5990,DEBIT,TMORRISONsomberPoultry269@non.yahoo.com,0.15,0.09,18-25,OTHER,0-30k,0-200k,500-1k,11
189530,M,Brampton,ON,CANTELMI ANTHONY,45,False,,Asian,119348.0,True,1360840.0,0.0,True,False,9946,22278.28,725.0,Credit,27,13.96,False,51.18,Mortgage,False,True,0,Low,6,0,5,548-254-5432T,5415 9084T 1964 3541,CREDIT,TCA458059@test.comcast.net,0.17,0.29,36-45,OTHER,100k-200k,1M-2M,0-500,7
106294,F,Vancouver,BC,CANNON DEBRA,43,False,,Asian,66182.0,True,1140338.0,0.0,True,False,3511,3927.59,674.0,Checking; Credit,9,8.94,False,28.53,Mortgage,False,True,6,Low,4,0,6,236-105-5954T,4510 1370T 4017 9778,CREDIT,TCD11538118@test.bla.com,0.13,0.22,36-45,OTHER,60k-100k,1M-2M,0-500,17
77148,F,Montreal,QC,LANDRY MARTINE,44,False,,Black,67565.0,True,592097.0,0.0,True,True,3663,19062.39,826.0,Credit,17,7.59,False,48.34,,True,False,12,Low,4,0,7,263-629-3505T,4510 1681T 0407 2293,DEBIT,TLM1418105@non.comcast.net,0.18,0.13,36-45,OTHER,60k-100k,500k-1M,0-500,5
188862,M,Brampton,ON,IHASZ DYCK,41,True,elS0BbjK,Asian,172795.1,True,1166808.0,0.0,True,False,13432,16881.06,793.0,Joint,11,16.0,False,21.48,Mortgage,True,False,5,High,4,3,5,905-749-5663T,4512 2359T 1249 8970,CREDIT,TID69370@test.aol.com,0.17,0.3,36-45,OTHER,100k-200k,1M-2M,0-500,6
6155,F,Toronto,ON,HAMILTON JACQUELINE,43,False,,Asian,91186.0,True,1394219.0,0.0,True,True,3868,17606.48,850.0,Investment,4,40.0,True,2515.61,Personal Loan,True,False,1,High,5,1,6,416-518-4068T,4514 0113T 8752 4696,CREDIT,TculturedEagle2HAJA@fake.icloud.com,0.15,0.08,36-45,OTHER,60k-100k,1M-2M,0-500,12
106134,F,Vancouver,BC,ANDERSON ISLA,44,False,,Asian,88785.0,True,1231845.0,0.0,True,False,4535,77670.52,712.0,Checking; Credit,4,114.0,True,2838.39,Mortgage,False,False,0,High,4,2,3,604-117-5794T,5415 9074T 3708 0975,CREDIT,TdecimalCockatoo8ANIS@non.icloud.com,0.13,0.11,36-45,OTHER,60k-100k,1M-2M,0-500,17
83232,M,Montreal,QC,COTE LUC,46,True,,Black,90456.0,True,635848.0,0.0,True,False,5049,78037.19,775.0,Joint,30,18.46,False,33.56,Mortgage,True,False,0,Medium,2,0,5,581-550-2870T,4510 1518T 7004 2161,CREDIT,TCL718888450@fake.bla.com,0.18,0.11,36-45,OTHER,60k-100k,500k-1M,0-500,17
35284,F,Toronto,ON,COUTURE CAROLE,31,False,,Others,78233.0,True,1155467.0,0.0,True,False,3712,16621.21,689.0,Investment,13,11.97,False,33.47,Mortgage,True,False,0,Medium,2,0,7,613-458-7657T,4510 1614T 0791 9456,DEBIT,TCC462776675@rand.gmail.com,0.15,0.12,26-35,OTHER,60k-100k,1M-2M,0-500,63
84534,M,Montreal,QC,LAVOIE ANDRE,28,False,,Asian,79603.0,True,629667.0,0.0,True,True,3296,29342.57,847.0,Credit; Checking; Investment,4,48.0,True,1896.9,Personal Loan,True,False,5,High,4,6,1,579-838-7698T,4510 1692T 2330 4160,DEBIT,TLA0866011@synth.cogeco.ca,0.18,0.26,26-35,OTHER,60k-100k,500k-1M,0-500,5
25911,F,Toronto,ON,MCKEE SANDRA,49,True,,Asian,80476.0,True,1141000.0,0.0,True,False,5012,52273.94,776.0,Checking; Credit; Investment; Joint,13,106.0,True,3989.69,Personal Loan,True,True,11,High,4,3,4,705-860-8009T,4514 0149T 8578 2924,CREDIT,TMS941662@test.gmail.com,0.15,0.33,46-55,OTHER,60k-100k,1M-2M,0-500,11
58675,F,Toronto,ON,MCKITRICK JANET,48,True,,Black,82962.0,True,1201073.0,0.0,True,False,5384,58992.65,796.0,Investment; Checking,31,38.0,True,3201.63,Mortgage,False,False,8,High,5,1,5,437-643-9260T,4519 9269T 6039 7040,DEBIT,TMJ42658081@test.proton.com,0.15,0.13,46-55,OTHER,60k-100k,1M-2M,0-500,11
52865,F,Toronto,ON,RUTTLE LAUREN,43,False,,Latino,83938.0,True,1084841.0,0.0,False,False,3543,14629.73,691.0,Credit,30,13.35,False,55.51,Mortgage,False,False,0,Medium,2,0,7,613-374-4467T,4519 9298T 8083 4985,DEBIT,TRL4669108416@rand.netZero.com,0.15,0.09,36-45,OTHER,60k-100k,1M-2M,0-500,23
104964,F,Vancouver,BC,SINCLAIR AMANDA,31,False,,Asian,80047.0,True,1407442.0,0.0,True,False,3604,23499.51,687.0,Investment; Credit; Checking,8,15.19,False,17.44,Mortgage,True,True,0,Medium,2,0,6,778-450-6239T,4510 1661T 1389 6287,DEBIT,TSA47588@rand.iCloud.com,0.13,0.31,26-35,OTHER,60k-100k,1M-2M,0-500,16
1173,F,Toronto,ON,KEVIN HARRIS,24,False,,White,61078.0,False,0.0,1193.0,True,False,2345,9444.07,488.0,Savings,13,14.45,False,16.23,,False,False,12,Medium,2,0,7,249-983-2479T,4514 0155T 0545 3363,CREDIT,TKH93063899@synth.mail.com,0.15,0.06,18-25,White,60k-100k,0-200k,1k-2k,9
77688,F,Montreal,QC,CHATEAUNEUF NATHALIE,38,True,LmS34YaO,Others,66957.0,True,621228.0,0.0,True,False,5119,33135.39,692.0,Joint,24,54.0,True,3239.84,Mortgage,True,True,2,High,4,0,8,418-131-9204T,4519 9213T 5723 9685,DEBIT,TculturedClam8CHNA@rand.comcast.net,0.18,0.09,36-45,OTHER,60k-100k,500k-1M,0-500,5
27394,M,Toronto,ON,YOUNG DOUG,49,False,,White,86800.0,True,1163554.0,0.0,True,False,4613,113887.95,733.0,Checking,22,118.0,True,2746.81,Mortgage,False,True,2,High,4,3,3,742-464-4495T,5415 9033T 5877 4251,CREDIT,TYOUNGDOUG@fake.netZero.com,0.15,0.14,46-55,White,60k-100k,1M-2M,0-500,11
91825,F,Montreal,QC,GUIMOND STEPHANE,41,False,,White,74726.0,True,760395.0,0.0,False,False,4660,40349.61,670.0,Investment,21,55.0,True,3514.56,Mortgage,True,True,0,High,4,0,5,468-158-7054T,4514 0131T 7277 9036,CREDIT,TGS6553@synth.hotmail.com,0.18,0.15,36-45,White,60k-100k,500k-1M,0-500,6
154596,M,Ottawa,ON,ROSS JOHN,37,True,DbJYJt39,White,141605.0,True,957869.0,0.0,True,False,9034,9374.17,775.0,Credit,20,56.0,True,6141.03,Mortgage,False,False,12,High,5,4,1,343-210-8655T,5415 9021T 8660 4862,CREDIT,TROJOblissfulCrane11992@fake.comcast.net,0.14,0.18,36-45,White,100k-200k,500k-1M,0-500,5
76043,F,Montreal,QC,CALABRESE MICHELINE,45,False,,White,59828.0,True,706584.0,0.0,True,False,2654,34250.71,655.0,Credit,23,115.0,True,1368.52,Mortgage,True,False,0,Medium,6,1,7,579-208-9847T,5415 9028T 4838 3127,CREDIT,TemptyChough3CAMI@fake.aol.com,0.18,0.16,36-45,White,30k-60k,500k-1M,0-500,8
163197,M,Quebec City,QC,ROBITAILLE ROGER,40,False,,White,98759.0,True,402816.0,0.0,True,False,5872,16022.85,700.0,Investment,26,19.2,False,56.89,Auto Loan,False,False,12,Medium,2,1,5,263-651-9773T,4510 1311T 9755 7059,CREDIT,TRR6085@rand.comcast.net,0.16,0.09,36-45,White,60k-100k,200k-500k,0-500,7
1066,F,Toronto,ON,BAUTISTA JENIFER,29,False,,Asian,77707.0,True,1128556.0,0.0,False,False,4365,26187.2,697.0,Investment,15,8.24,False,36.04,Auto Loan,False,False,0,Low,6,0,5,613-251-7293T,4510 1667T 4404 2408,DEBIT,TBAUTISTAwearyOwl397@non.hotmail.com,0.15,0.23,26-35,OTHER,60k-100k,1M-2M,0-500,11
87880,F,Montreal,QC,OSTROWIECKI JADWIGA,24,False,,White,61154.0,False,0.0,668.0,True,False,1799,6062.39,506.0,Checking,4,74.0,True,928.44,,False,True,0,High,5,2,5,579-261-9144T,4514 0121T 5942 0471,CREDIT,TOJ9179493@non.netZero.com,0.18,0.05,18-25,White,60k-100k,0-200k,500-1k,9
16260,M,Toronto,ON,RIORDAN THOMAS,49,True,,White,124084.0,True,1373536.0,0.0,True,False,10340,40943.76,794.0,Joint; Investment,38,110.0,True,5431.21,Mortgage,True,False,4,High,4,1,3,807-434-4521T,4510 1679T 3511 4421,DEBIT,TRT15311946@non.comcast.net,0.15,0.11,46-55,White,100k-200k,1M-2M,0-500,7
61683,F,Toronto,ON,LEPAGE ALICE,34,True,,Asian,95584.0,True,1140091.0,0.0,True,False,4478,21178.76,721.0,Investment,10,11.8,False,35.21,Mortgage,True,False,0,Low,5,2,5,249-716-5426T,4510 1343T 9400 8779,CREDIT,TthrilledBoa6LEAL@non.hotmail.com,0.15,0.07,26-35,OTHER,60k-100k,1M-2M,0-500,11
94715,M,Montreal,QC,DENIS SERGE,41,False,,Black,91793.0,True,659220.0,0.0,True,False,4638,40720.88,735.0,Checking,4,14.23,False,26.89,Mortgage,True,True,8,Medium,2,4,1,418-630-6436T,5415 9013T 1488 3275,CREDIT,TDS334868@fake.netZero.com,0.18,0.5,36-45,OTHER,60k-100k,500k-1M,0-500,18
69668,F,Toronto,ON,MARCOTTE CELINE,22,False,,Others,25362.0,False,0.0,1148.0,False,False,1467,4117.34,421.0,Checking; Savings,6,47.0,True,917.54,,False,True,0,High,4,1,3,613-965-3706T,5415 9083T 5662 5700,CREDIT,TMARCOTTEF92@test.mail.com,0.15,0.06,18-25,OTHER,0-30k,0-200k,1k-2k,11
53809,M,Toronto,ON,WIDEMAN PAUL,25,False,,Asian,81068.0,True,1275001.0,0.0,True,False,1763,8044.38,673.0,Checking; Credit,13,17.13,False,14.01,Mortgage,False,True,0,Medium,2,2,4,753-582-3700T,4514 0113T 2242 9471,CREDIT,TWIDEMANM5@fake.cogeco.ca,0.15,0.17,18-25,OTHER,60k-100k,1M-2M,0-500,5
20090,M,Toronto,ON,JOHNSTON GEOFFREY,49,False,,Asian,90257.0,True,1237679.0,0.0,True,False,4344,52417.31,737.0,Investment,25,12.04,False,36.3,Mortgage,True,False,0,Low,5,1,4,705-143-4035T,5415 9037T 1835 3441,CREDIT,TJG8413389@synth.outlook.com,0.15,0.13,46-55,OTHER,60k-100k,1M-2M,0-500,12
71084,M,Toronto,ON,LAVALLEE PAUL,49,False,,Asian,90935.0,True,1307549.0,0.0,True,False,4493,48986.01,742.0,Investment,9,60.0,True,2603.39,Mortgage,False,True,6,High,4,3,3,548-634-1991T,4514 0180T 3510 0823,CREDIT,TLAPApleasedRhino61995@synth.neo.com,0.15,0.24,46-55,OTHER,60k-100k,1M-2M,0-500,12
17391,F,Toronto,ON,HUGGINS MARLENE,29,False,,Asian,88454.0,True,1132166.0,0.0,False,False,3780,23010.66,703.0,Checking,7,12.85,False,22.18,Personal Loan,False,False,5,Medium,2,1,5,807-420-3790T,4514 0175T 4403 7662,CREDIT,THM1954788@rand.gmail.com,0.15,0.07,26-35,OTHER,60k-100k,1M-2M,0-500,11
98709,M,Montreal,QC,MORRIER DAVID,34,False,,Black,62662.0,True,538326.0,0.0,True,True,3172,15774.96,819.0,Credit,22,10.24,False,23.03,Mortgage,True,False,10,Low,5,2,4,354-735-9675T,4510 1635T 8443 3386,DEBIT,TMODAcautiousSeagull71972@test.yahoo.com,0.18,0.13,26-35,OTHER,60k-100k,500k-1M,0-500,5
36953,F,Toronto,ON,BRANDT ANTHEA,30,False,,Asian,81047.0,True,1282703.0,0.0,True,False,2576,35230.24,711.0,Investment,6,7.45,False,11.71,Mortgage,True,False,3,Low,4,0,6,807-418-3960T,4512 2311T 9714 6196,CREDIT,TBA853693@rand.live.com,0.15,0.09,26-35,OTHER,60k-100k,1M-2M,0-500,63
104042,F,Vancouver,BC,KENNEDY KAREN,37,True,,White,72734.0,True,1128082.0,0.0,True,False,4969,32113.19,730.0,Joint,12,17.14,False,19.73,Mortgage,False,False,0,Medium,2,2,5,604-502-8436T,4510 1541T 6884 9207,CREDIT,TecstaticCoconut5KEKA@non.jumo.com,0.13,0.1,36-45,White,60k-100k,1M-2M,0-500,9
74725,M,Montreal,QC,PARE FERNAND,29,False,,White,72043.0,True,363468.0,0.0,True,False,3826,28387.16,688.0,Investment,7,9.31,False,60.07,Mortgage,True,False,0,Low,6,2,3,263-969-1790T,4510 1523T 9237 3081,CREDIT,TPARE_FERNAND46@synth.zoho.com,0.18,0.3,26-35,White,60k-100k,200k-500k,0-500,7
99068,M,Montreal,QC,GOUDREAULT ANDRE,24,False,,Asian,38367.0,False,0.0,740.0,True,False,1896,7845.1,448.0,Checking; Savings,3,10.14,False,6.79,,False,False,0,Medium,2,2,2,579-541-2449T,4510 1645T 7294 1040,DEBIT,TGA956910108@non.mail.com,0.18,0.07,18-25,OTHER,30k-60k,0-200k,500-1k,6
36928,F,Toronto,ON,PENNER MARGARET,20,False,,Asian,23814.0,False,0.0,835.0,False,False,1160,4574.66,419.0,Savings,9,7.99,False,10.26,,False,False,7,Medium,2,3,2,437-864-6408T,4514 0168T 7763 6038,CREDIT,TPENNER_MARGARET81@non.jumo.com,0.15,0.3,18-25,OTHER,0-30k,0-200k,500-1k,15
49575,F,Toronto,ON,COLLINS VIRGINIA,32,True,6PYhFnQl,Latino,83252.1,True,1291920.0,0.0,True,False,5288,26433.12,725.0,Credit,18,75.0,True,3492.16,Mortgage,True,False,0,Low,10,0,2,343-781-8501T,5415 9088T 8320 7956,CREDIT,TwornoutEggs6COVI@fake.icloud.com,0.15,0.14,26-35,OTHER,60k-100k,1M-2M,0-500,11
52152,M,Toronto,ON,THOMAS DANIEL,21,False,,Black,22274.0,False,0.0,981.0,True,False,1029,3908.36,437.0,Savings,4,89.0,True,778.7,,False,True,0,High,4,0,3,249-515-2651T,4510 1526T 4006 5557,CREDIT,TTHOMAS_DANIEL95@synth.cogeco.ca,0.15,0.04,18-25,OTHER,0-30k,0-200k,500-1k,9
131783,F,Calgary,AB,SIMPSON KATE,31,False,,White,89025.0,True,555249.0,0.0,True,False,4297,22938.98,684.0,Credit; Checking,14,12.03,False,30.16,Mortgage,False,False,10,Low,4,1,4,780-207-3161T,4510 1380T 2327 9932,CREDIT,TdopeySmelt9SIKA@rand.yahoo.com,0.14,0.17,26-35,White,60k-100k,500k-1M,0-500,6
67397,F,Toronto,ON,TARGATT LORI,21,False,,Black,17790.0,False,0.0,1035.0,False,False,1069,7075.63,396.0,Savings,4,8.26,False,11.33,,False,False,0,Low,4,0,7,249-130-1031T,4510 1528T 8875 1077,CREDIT,TTL3473214@test.icloud.com,0.15,0.13,18-25,OTHER,0-30k,0-200k,1k-2k,11
77283,M,Montreal,QC,ARCHAMBAULT CLAUDE,32,False,,White,69222.0,True,584266.0,0.0,False,False,2994,12181.66,647.0,Checking,21,8.76,False,13.8,Mortgage,True,False,9,Low,4,0,7,418-827-5925T,4519 9235T 2785 6822,DEBIT,TAC22585@rand.bla.com,0.18,0.12,26-35,White,60k-100k,500k-1M,0-500,7
55290,M,Toronto,ON,DEGRANO DOMENICO,44,False,,White,106311.0,True,1310595.0,0.0,True,False,8859,14028.05,723.0,Checking,33,19.37,False,39.26,Personal Loan,True,False,0,Medium,2,2,2,519-752-6982T,4510 1615T 6163 7331,DEBIT,TDD142359@synth.netZero.com,0.15,0.08,36-45,White,100k-200k,1M-2M,0-500,19
64246,F,Toronto,ON,HAUS MELANIE,44,False,,White,87957.0,True,1378271.0,0.0,True,False,4545,65157.75,735.0,Checking,4,36.0,True,3472.23,Mortgage,True,False,3,High,3,1,5,519-905-7943T,4519 9222T 8767 9118,DEBIT,THM73436783@non.cogeco.ca,0.15,0.1,36-45,White,60k-100k,1M-2M,0-500,42
72360,M,Toronto,ON,VANHOOF RON,37,False,,Asian,112057.0,True,1291547.0,0.0,True,False,9338,43380.25,768.0,Investment,4,37.0,True,5227.73,Mortgage,True,False,12,High,3,5,1,343-906-3484T,4510 1647T 5805 8964,DEBIT,TVR132864250@rand.outlook.com,0.15,0.27,36-45,OTHER,100k-200k,1M-2M,0-500,29
94702,M,Montreal,QC,WARREN FREDERIC,27,True,,White,72544.0,True,564498.0,0.0,True,False,4817,36282.3,720.0,Joint,6,50.0,True,3410.34,Mortgage,False,False,0,Medium,7,2,3,450-309-1144T,4519 9219T 8217 1071,DEBIT,TWF9969706675@test.icloud.com,0.18,0.16,26-35,White,60k-100k,500k-1M,0-500,6
43567,F,Toronto,ON,RODIK VERONIKA,27,False,,Asian,72418.0,True,1018614.0,0.0,False,False,3063,21612.8,664.0,Credit,12,10.25,False,22.1,Mortgage,True,False,1,Medium,2,1,4,416-759-3658T,4514 0190T 3847 1932,CREDIT,TRODIK_VERONIKA99@synth.yahoo.com,0.15,0.16,26-35,OTHER,60k-100k,1M-2M,0-500,11
134511,F,Edmonton,AB,FITZPATRICK COLEEN,32,False,,Asian,75909.0,True,461251.0,0.0,True,False,2815,19215.23,671.0,Credit; Investment,18,9.5,False,7.9,Mortgage,True,False,0,Low,5,0,7,780-726-6102T,4514 0115T 5099 2016,CREDIT,TFC59614587@non.mail.com,0.16,0.16,26-35,OTHER,60k-100k,200k-500k,0-500,7
210547,M,London,ON,FRANCES MALDONADO,42,False,,White,92333.0,True,834307.0,0.0,True,False,5672,26091.48,712.0,Checking,25,60.0,True,3593.46,Mortgage,False,False,0,High,3,3,1,416-805-2359T,4512 2378T 0172 8191,CREDIT,TFM8152440@rand.mail.com,0.17,0.11,36-45,White,60k-100k,500k-1M,0-500,5
158393,F,Winnipeg,MB,LEGARY SHERRY,36,False,,White,65186.0,True,395422.0,0.0,True,False,3192,26603.74,647.0,Credit,19,11.52,False,24.43,Mortgage,True,True,0,Low,6,3,4,204-257-6909T,4512 2313T 8294 7733,CREDIT,TLS380363346@fake.yahoo.com,0.18,0.71,26-35,White,60k-100k,200k-500k,0-500,5
103495,F,Vancouver,BC,ADIE LAWANA,44,False,,Asian,83867.0,True,1136111.0,0.0,True,False,3994,53478.51,745.0,Investment; Checking,20,12.2,False,10.17,,True,False,5,Medium,2,0,6,604-329-3110T,4519 9264T 0682 6130,DEBIT,TdreadfulCur5ADLA@test.hotmail.com,0.13,0.07,36-45,OTHER,60k-100k,1M-2M,0-500,17
77364,M,Montreal,QC,BILODEAU SIMON,45,False,,White,77487.0,True,723244.0,0.0,True,False,3285,90275.85,701.0,Credit,24,109.0,True,2614.74,Mortgage,False,False,0,High,5,3,4,581-710-8748T,4512 2324T 2230 9578,CREDIT,TBS2615566584@fake.hotmail.com,0.18,0.11,36-45,White,60k-100k,500k-1M,0-500,28
80639,F,Montreal,QC,CARIGNAN DIANE,30,False,,White,83820.0,True,573140.0,0.0,True,False,3413,6263.66,670.0,Investment,10,7.6,False,42.38,Mortgage,True,False,0,Low,5,2,3,819-375-1497T,5415 9049T 9044 0751,CREDIT,TCD612077@test.yahoo.com,0.18,0.06,26-35,White,60k-100k,500k-1M,0-500,28
67422,M,Toronto,ON,MRS. LISA SHEPHERD,39,False,,Native,98549.0,True,959898.0,0.0,True,False,4120,50475.96,733.0,Investment,15,47.0,True,2109.23,Mortgage,False,False,2,High,4,3,1,807-680-6369T,4510 1552T 1195 5751,CREDIT,TMRLIrelievedBuzzard51956@rand.neo.com,0.15,0.06,36-45,OTHER,60k-100k,500k-1M,0-500,5
56879,F,Toronto,ON,BROWN TAMMY,42,True,,White,99871.0,True,1091122.0,0.0,True,False,5566,28644.91,772.0,Joint,31,56.0,True,3064.54,Mortgage,True,False,5,High,4,1,5,416-772-2814T,4510 1686T 0519 8824,DEBIT,TjubilantMallard3BRTA@rand.iCloud.com,0.15,0.14,36-45,White,60k-100k,1M-2M,0-500,25
859,F,Toronto,ON,LAMBRINOS SHEILA,30,False,,Black,87669.0,True,1069652.0,0.0,True,False,3517,33393.95,724.0,Credit,3,13.94,False,17.01,Mortgage,False,False,8,Medium,2,3,3,437-946-6475T,5415 9080T 1399 4608,CREDIT,TLS48529394@synth.netZero.com,0.15,0.32,26-35,OTHER,60k-100k,1M-2M,0-500,63
166345,M,Quebec City,QC,BOISVERT ALAIN,41,False,,White,70982.0,True,422617.0,0.0,True,False,3962,15196.56,673.0,Investment,8,13.57,False,55.26,Personal Loan,False,False,12,Medium,2,0,5,468-537-3567T,4510 1580T 9000 0708,CREDIT,TBOALmadFalcon51953@synth.outlook.com,0.16,0.07,36-45,White,60k-100k,200k-500k,0-500,7
5673,M,Toronto,ON,JUSTIN MILLER,48,True,,Asian,99304.0,True,1056815.0,0.0,True,False,5933,14379.14,773.0,Credit; Investment,36,14.0,False,64.8,Mortgage,True,False,3,Low,4,1,4,683-684-3996T,5415 9045T 2829 4736,CREDIT,TJM6864@rand.netZero.com,0.15,0.12,46-55,OTHER,60k-100k,1M-2M,0-500,9
26113,M,Toronto,ON,BENNEWIES ERIC,44,False,,White,66749.0,True,897161.0,0.0,True,False,3904,43812.56,715.0,Credit,16,11.78,False,19.25,Personal Loan,True,False,8,Low,5,1,5,905-874-5502T,4514 0130T 6389 9131,CREDIT,TBE91804@fake.bla.com,0.15,0.1,36-45,White,60k-100k,500k-1M,0-500,7
29851,F,Toronto,ON,JACKOWSKI DONNA,44,True,,Latino,108056.0,True,1243012.0,0.0,True,False,9005,62791.45,802.0,Checking,34,41.0,True,5978.19,Mortgage,True,True,11,Medium,5,0,5,249-751-9694T,4510 1396T 2946 5758,CREDIT,TneedyGarlic3JADO@synth.gmail.com,0.15,0.29,36-45,OTHER,100k-200k,1M-2M,0-500,16
85149,M,Montreal,QC,CLOUTIER MARC,45,True,,White,70327.0,True,694830.0,0.0,True,False,4498,79999.55,744.0,Checking,34,17.19,False,22.16,Mortgage,True,False,9,Medium,2,3,2,514-887-7676T,5415 9012T 7523 2181,CREDIT,TCLOUTIERMARC@fake.neo.com,0.18,0.26,36-45,White,60k-100k,500k-1M,0-500,10
189199,F,Brampton,ON,SMITH CAROL,45,True,,Asian,103841.0,True,1154672.0,0.0,True,False,8653,28473.54,747.0,Joint,4,47.0,True,6403.43,Personal Loan,False,False,10,High,4,0,8,343-284-2284T,4510 1635T 4134 8607,DEBIT,TSC409343@non.yahoo.com,0.17,0.14,36-45,OTHER,100k-200k,1M-2M,0-500,8
131914,M,Calgary,AB,BJORNSON JOHN,44,False,,Asian,145139.0,True,667581.0,0.0,True,False,7572,35681.09,735.0,Credit; Investment; Checking,9,66.0,True,5400.73,Mortgage,True,False,0,High,5,4,1,825-599-8447T,4519 9281T 6665 5284,DEBIT,TBJ5514516201@test.jumo.com,0.14,0.36,36-45,OTHER,100k-200k,500k-1M,0-500,6
5165,M,Toronto,ON,DONALD FRAZIER,46,True,,White,93471.0,True,1262839.0,0.0,True,False,4722,72724.51,807.0,Credit; Checking,5,44.0,True,2612.82,Mortgage,False,False,4,High,4,3,1,249-881-3257T,4510 1390T 9117 0439,CREDIT,TDF393615@fake.yahoo.com,0.15,0.1,36-45,White,60k-100k,1M-2M,0-500,21
128999,M,Calgary,AB,LEMA EMILE,46,False,,Native,91172.0,True,552626.0,0.0,True,False,5152,85153.3,738.0,Checking,11,77.0,True,2949.11,Auto Loan,False,True,0,High,4,3,1,368-289-6520T,4510 1394T 1830 5021,CREDIT,TLE6594@test.cogeco.ca,0.14,0.23,36-45,OTHER,60k-100k,500k-1M,0-500,5
56750,F,Toronto,ON,KHAN SAIMA,25,False,,White,78821.0,True,1129606.0,0.0,True,False,2404,16187.34,703.0,Credit,6,45.0,True,1288.31,Mortgage,True,False,0,High,3,3,5,807-502-5391T,4512 2378T 2344 6133,CREDIT,TKS590956964@non.cogeco.ca,0.15,0.21,18-25,White,60k-100k,1M-2M,0-500,5
171923,F,Hamilton,ON,WAYMOUTH GWEN,46,False,,White,86177.0,True,822958.0,0.0,True,False,3640,57514.2,778.0,Credit,17,13.82,False,14.83,Mortgage,True,False,1,Low,5,1,5,905-555-5814T,5415 9080T 7010 2527,CREDIT,TecstaticRuffs6WAGW@synth.yahoo.com,0.15,0.13,36-45,White,60k-100k,500k-1M,0-500,8
55297,F,Toronto,ON,FURTADO HELMER,30,True,JZosNxKt,Asian,100499.47,True,1135631.0,0.0,True,False,5584,15615.2,746.0,Joint,9,41.0,True,3878.96,,False,False,8,Low,11,2,3,289-703-5100T,4510 1337T 7476 7547,CREDIT,TFH884335@rand.gmail.com,0.15,0.12,26-35,OTHER,100k-200k,1M-2M,0-500,5
37244,F,Toronto,ON,FREE WILMA,49,False,,Asian,95174.0,True,1221847.0,0.0,False,False,4742,33101.17,706.0,Credit; Investment,4,11.9,False,34.87,Mortgage,False,False,7,Low,4,1,4,365-441-6577T,4510 1592T 0474 0932,CREDIT,TpleasedCardinal1FRWI@test.zoho.com,0.15,0.11,46-55,OTHER,60k-100k,1M-2M,0-500,5
146997,F,Ottawa,ON,WHORPOLE MICHELE,31,True,G8ZnMM6w,White,84618.0,True,765864.0,0.0,True,False,4050,25509.82,725.0,Investment,3,68.0,True,2092.29,Auto Loan,False,False,0,High,3,1,5,365-925-8983T,4510 1667T 5927 6382,DEBIT,TWM935670258@non.gmail.com,0.14,0.08,26-35,White,60k-100k,500k-1M,0-500,7
70909,M,Toronto,ON,SHIRLEY PEARSON,49,False,,Asian,119759.0,True,1391250.0,0.0,True,False,7971,18889.29,738.0,Investment,4,80.0,True,4813.21,Personal Loan,False,False,0,High,4,2,2,249-343-1913T,4510 1371T 4284 6875,CREDIT,TSP6333@test.gmail.com,0.15,0.11,46-55,OTHER,100k-200k,1M-2M,0-500,13
32774,F,Toronto,ON,FIELD LARISSA,43,False,,White,83024.0,True,1134456.0,0.0,True,False,5236,47007.32,744.0,Credit; Investment; Checking,4,78.0,True,3589.42,Mortgage,True,False,2,High,4,3,4,249-183-8061T,4510 1690T 0604 0851,DEBIT,TFL4464879604@synth.jumo.com,0.15,0.16,36-45,White,60k-100k,1M-2M,0-500,42
208989,M,London,ON,STACEY DURHAM,40,True,,Asian,78848.0,True,647256.0,0.0,True,False,4286,10087.42,716.0,Joint,28,17.07,False,32.52,Mortgage,False,False,4,Medium,2,0,4,249-689-6078T,4519 9215T 5902 2773,DEBIT,TSTACEYDURHAM@non.gmail.com,0.17,0.11,36-45,OTHER,60k-100k,500k-1M,0-500,5
31642,F,Toronto,ON,ARSENAULT MAUREEN,27,False,,White,86460.0,True,1208357.0,0.0,True,False,3647,38556.87,724.0,Credit,5,8.68,False,22.37,,True,True,0,Low,5,2,4,753-413-4957T,5415 9083T 5355 5272,CREDIT,TARSENAULT_MAUREEN98@synth.hotmail.com,0.15,0.21,26-35,White,60k-100k,1M-2M,0-500,37
34782,F,Toronto,ON,BERTRAM SONJA,38,True,,Asian,65358.0,True,1018492.0,0.0,False,False,4434,6467.15,683.0,Checking,21,77.0,True,2901.83,Personal Loan,False,False,0,High,3,1,4,683-712-8824T,4514 0176T 7927 9505,CREDIT,TBS24455@synth.proton.com,0.15,0.06,36-45,OTHER,60k-100k,1M-2M,0-500,6
9752,M,Toronto,ON,COLLIER DANIEL,39,False,,Asian,110832.0,True,1176868.0,0.0,True,False,9236,7688.22,705.0,Checking,17,15.66,False,18.13,Personal Loan,False,False,0,Medium,2,2,4,437-465-9958T,4512 2386T 3911 2632,CREDIT,TCOLLIERDANIEL@fake.bla.com,0.15,0.07,36-45,OTHER,100k-200k,1M-2M,0-500,29
53982,F,Toronto,ON,METE MARGARET,39,True,,White,81108.0,True,1221944.0,0.0,True,False,4822,30738.87,757.0,Credit,6,15.95,False,56.0,,True,True,11,Medium,2,0,6,807-100-8753T,4510 1673T 8379 7801,DEBIT,TpanickyLapwing5MEMA@test.att.net,0.15,0.13,36-45,White,60k-100k,1M-2M,0-500,25
92561,M,Montreal,QC,RAOUL ERIC,43,False,,White,98062.0,True,647821.0,0.0,False,False,4419,40947.25,703.0,Investment; Credit,8,65.0,True,2861.38,Personal Loan,False,False,0,High,4,2,3,438-841-3590T,5415 9012T 3643 6214,CREDIT,TRE55185@synth.netZero.com,0.18,0.14,36-45,White,60k-100k,500k-1M,0-500,11
70304,M,Toronto,ON,TRUDGEON BRIAN,33,False,,Black,81521.0,True,1266232.0,0.0,True,False,3199,29789.27,700.0,Investment,13,14.55,False,15.51,Mortgage,True,False,0,Medium,2,0,4,705-690-4139T,5415 9099T 1597 5586,CREDIT,TTB288331044@test.jumo.com,0.15,0.21,26-35,OTHER,60k-100k,1M-2M,0-500,39
25587,F,Toronto,ON,RICHMOND HEATHER,43,False,,White,92854.0,True,1100506.0,0.0,True,False,3998,31587.41,741.0,Checking; Investment,28,10.21,False,2.0,Mortgage,False,False,7,Medium,2,0,7,683-621-5997T,4519 9291T 8581 4458,DEBIT,TjoyfulDotterel2RIHE@non.neo.com,0.15,0.05,36-45,White,60k-100k,1M-2M,0-500,42
23420,F,Toronto,ON,MYETTE ERIN,41,False,,White,101774.0,True,1349346.0,0.0,True,False,7847,25952.48,739.0,Credit,4,43.0,True,4026.37,Mortgage,False,False,0,High,4,4,3,365-583-9222T,4510 1377T 6014 2643,CREDIT,TmellowDingo6MYER@test.iCloud.com,0.15,0.16,36-45,White,100k-200k,1M-2M,0-500,7
25992,F,Toronto,ON,WALKER CORRINE,40,False,,Others,72585.0,True,1293099.0,0.0,True,False,4118,277.24,682.0,Investment,15,18.73,False,62.86,Mortgage,False,False,0,Medium,2,0,6,343-571-6707T,4510 1334T 7509 8939,CREDIT,TWC85067@test.aol.com,0.15,0.14,36-45,OTHER,60k-100k,1M-2M,0-500,69
14593,M,Toronto,ON,ENGLEHART RICKY,27,False,,White,95398.0,True,1212160.0,0.0,True,False,2704,14588.21,727.0,Credit,16,60.0,True,1760.63,Mortgage,False,False,0,High,5,6,1,226-769-8979T,4514 0199T 0247 2908,CREDIT,TER43037461@test.aol.com,0.15,0.22,26-35,White,60k-100k,1M-2M,0-500,23
19272,M,Toronto,ON,TURNBULL WM,22,False,,Black,28842.0,False,0.0,965.0,False,False,1785,11225.15,455.0,Checking; Savings,3,9.69,False,14.24,Student Loan,False,True,3,Medium,2,1,3,683-909-7295T,4514 0112T 0279 1056,CREDIT,TTURNBULL_WM46@rand.outlook.com,0.15,0.14,18-25,OTHER,0-30k,0-200k,500-1k,11
15013,F,Toronto,ON,ZASTAVNA IRINA,43,False,,Asian,88827.0,True,1241812.0,0.0,True,False,4265,18060.35,681.0,Investment,3,36.0,True,3039.28,Mortgage,True,False,3,High,5,3,4,548-878-1384T,5415 9087T 3048 6075,CREDIT,TZI97888159@non.jumo.com,0.15,0.31,36-45,OTHER,60k-100k,1M-2M,0-500,69
59312,M,Toronto,ON,CAREY JOSEPH,30,True,,Asian,74636.0,True,1091329.0,0.0,True,False,3183,21961.27,739.0,Checking,16,7.84,False,9.74,Mortgage,False,False,7,Low,5,1,5,289-890-9972T,4510 1329T 9904 6631,CREDIT,TCJ0387145@test.jumo.com,0.15,0.06,26-35,OTHER,60k-100k,1M-2M,0-500,19
149070,M,Ottawa,ON,FIRTH WILLIAM,36,True,l7lxbKBv,White,103102.0,True,796986.0,0.0,True,False,8592,27162.36,752.0,Investment,18,33.0,True,4385.49,Mortgage,True,False,6,High,5,3,4,705-486-9801T,5415 9070T 9574 5158,CREDIT,TFIRTHWILLIAM@rand.att.net,0.14,0.27,26-35,White,100k-200k,500k-1M,0-500,7
45263,M,Toronto,ON,TAYLOR ANTHONY,23,False,,White,94118.0,False,0.0,1155.0,True,False,1886,4253.25,540.0,Checking; Investment,8,17.66,False,16.86,,False,True,0,Medium,2,4,1,548-480-1349T,4519 9287T 9946 7218,DEBIT,TTA4761749023@rand.mail.com,0.15,0.36,18-25,White,60k-100k,0-200k,1k-2k,10
78796,F,Montreal,QC,LUSSIER KATIE,48,False,,White,67201.0,True,608816.0,0.0,True,False,3885,25860.56,672.0,Credit,4,13.32,False,23.02,Mortgage,False,False,7,Medium,2,0,7,579-690-1779T,4510 1598T 2974 5213,CREDIT,TLK816442197@fake.icloud.com,0.18,0.12,46-55,White,60k-100k,500k-1M,0-500,7
25521,M,Toronto,ON,SHARON GOODWIN,25,False,,Others,86614.0,False,0.0,1911.0,True,False,1730,25202.57,624.0,Credit,8,67.0,True,1114.97,,False,False,1,High,5,0,7,416-479-3492T,4519 9243T 4937 0609,DEBIT,TSG4566217472@non.gmail.com,0.15,0.04,18-25,OTHER,60k-100k,0-200k,1k-2k,8
83562,M,Montreal,QC,BABINSKI TONY,36,False,,White,65690.0,True,516647.0,0.0,True,False,3243,20950.24,649.0,Checking,6,36.0,True,2089.08,Mortgage,True,True,10,High,4,1,3,468-227-4639T,5415 9021T 9128 0453,CREDIT,TBT7631759@fake.bla.com,0.18,0.12,26-35,White,60k-100k,500k-1M,0-500,30
109230,F,Vancouver,BC,WELP-ELLIS PAMELA,34,False,,White,80152.0,True,1158357.0,0.0,False,False,3231,16766.25,689.0,Credit,15,11.17,False,17.27,Personal Loan,False,True,0,Medium,2,2,4,236-193-8643T,4519 9292T 3458 1573,DEBIT,TresolvedPup8WEPA@test.jumo.com,0.13,0.16,26-35,White,60k-100k,1M-2M,0-500,5
133232,M,Edmonton,AB,JON YOUNG,27,False,,White,74574.0,True,446346.0,0.0,True,False,3130,48663.24,684.0,Checking,7,60.0,True,2246.55,Mortgage,False,False,8,High,4,2,3,587-707-1050T,4514 0157T 7926 6741,CREDIT,TJON_YOUNG42@rand.aol.com,0.16,0.13,26-35,White,60k-100k,200k-500k,0-500,16
52449,F,Toronto,ON,BURNS NORA,24,False,,Asian,71579.0,False,0.0,1401.0,True,False,2753,16361.69,496.0,Checking; Credit,2,20.69,False,11.16,,False,False,0,Medium,2,0,5,807-955-5662T,4514 0157T 3938 7376,CREDIT,TBURNS_NORA43@synth.comcast.net,0.15,0.07,18-25,OTHER,60k-100k,0-200k,1k-2k,8
138942,M,Edmonton,AB,FLECK HUBERT,27,False,,White,78432.0,True,443002.0,0.0,True,False,3570,21757.18,658.0,Credit,4,9.57,False,14.03,Mortgage,False,False,9,Low,6,3,2,403-701-6101T,4519 9247T 4027 6977,DEBIT,TFLECK_HUBERT33@non.neo.com,0.16,0.75,26-35,White,60k-100k,200k-500k,0-500,16
57874,F,Toronto,ON,MINTY SUZANNE,32,False,,White,69539.0,True,1182343.0,0.0,True,False,3281,14250.75,704.0,Credit,11,49.0,True,2506.87,Mortgage,True,True,3,High,5,1,5,705-738-5158T,4512 2386T 0380 4879,CREDIT,TMS4768262086@fake.icloud.com,0.15,0.09,26-35,White,60k-100k,1M-2M,0-500,37
164926,F,Quebec City,QC,PARENT HELENE,43,False,,White,70910.0,True,392777.0,0.0,True,False,4235,37533.22,657.0,Investment,4,32.0,True,3387.32,Mortgage,False,False,2,High,4,1,3,581-223-5110T,4512 2372T 0072 1695,CREDIT,TPH91438@rand.live.com,0.16,0.11,36-45,White,60k-100k,200k-500k,0-500,8
75792,M,Montreal,QC,FRENETTE MAURICE,37,True,,White,69541.0,True,536455.0,0.0,True,False,4327,18454.22,694.0,Credit,20,9.83,False,48.45,Mortgage,True,False,0,Low,4,0,5,579-361-5229T,4514 0176T 7645 4572,CREDIT,TFRENETTEMAURICE@non.proton.com,0.18,0.15,36-45,White,60k-100k,500k-1M,0-500,10
30044,F,Toronto,ON,PURDY LINDA,39,False,,White,94362.0,True,935548.0,0.0,True,False,4042,36864.94,706.0,Checking; Investment; Credit,7,11.42,False,47.58,Mortgage,False,False,0,Medium,2,0,7,742-895-6810T,4519 9255T 6315 8763,DEBIT,TjealousFlamingo6PULI@fake.netZero.com,0.15,0.07,36-45,White,60k-100k,500k-1M,0-500,10
21606,F,Toronto,ON,JOHN STEIN,40,False,,Asian,76379.0,True,1195107.0,0.0,True,False,4294,34813.85,696.0,Credit,17,15.87,False,24.4,Mortgage,False,True,0,Medium,2,3,3,807-278-5015T,4512 2316T 2587 3382,CREDIT,TJS47231658@test.proton.com,0.15,0.39,36-45,OTHER,60k-100k,1M-2M,0-500,69
38997,M,Toronto,ON,POSEHN RICHARD,45,False,,White,85299.0,True,1146866.0,0.0,True,False,3906,54657.71,741.0,Checking,13,47.0,True,2944.59,,False,False,0,High,4,0,6,647-784-5656T,4514 0142T 3012 5339,CREDIT,TPORIlovesickMuesli91981@fake.icloud.com,0.15,0.11,36-45,White,60k-100k,1M-2M,0-500,31
102785,F,Montreal,QC,MARTINEAU ROSE,43,False,,White,81284.0,True,727955.0,0.0,True,False,4345,57662.89,722.0,Credit,6,59.0,True,2816.71,Personal Loan,True,False,0,High,3,1,7,581-878-7842T,4510 1587T 5981 7220,CREDIT,TrelievedCoati9MARO@synth.netZero.com,0.18,0.08,36-45,White,60k-100k,500k-1M,0-500,21
10399,F,Toronto,ON,GAUTHIER ROBYN,37,False,,Asian,77008.0,True,1008559.0,0.0,True,True,3727,61539.95,850.0,Checking; Investment,22,12.51,False,49.72,Mortgage,False,True,0,Low,5,1,5,683-625-6545T,4510 1695T 6612 8345,DEBIT,TGR4267@rand.cogeco.ca,0.15,0.1,36-45,OTHER,60k-100k,1M-2M,0-500,12
186325,F,Brampton,ON,MAISONNEUVE STEPHANE,38,True,WTwqjq9R,Asian,103331.0,True,1096307.0,0.0,True,False,7746,26342.14,747.0,Checking,19,13.61,False,60.35,Mortgage,True,False,0,Medium,2,1,5,226-665-2302T,4510 1538T 7646 8029,CREDIT,TMS1018916@fake.mail.com,0.17,0.11,36-45,OTHER,100k-200k,1M-2M,0-500,8
88298,M,Montreal,QC,BRETON MARC,28,False,,Others,62234.0,True,519401.0,0.0,False,False,2778,27466.07,618.0,Credit; Checking,15,5.55,False,24.15,Mortgage,True,False,0,Low,6,2,4,581-321-8094T,4510 1673T 7337 5915,DEBIT,TBRETONM83@rand.bla.com,0.18,0.35,26-35,OTHER,60k-100k,500k-1M,0-500,7
69071,F,Toronto,ON,WOLFE BARBARA,31,False,,White,56879.0,True,997052.0,0.0,True,False,2709,12375.96,659.0,Checking,10,6.47,False,237.6,Personal Loan,False,False,2,Low,5,0,7,249-237-7292T,4519 9294T 2017 3764,DEBIT,TWB00185@non.bla.com,0.15,0.12,26-35,White,30k-60k,500k-1M,0-500,5
490,F,Toronto,ON,MULLER IRENE,22,False,,Asian,10157.0,False,0.0,1144.0,False,False,952,4038.21,394.0,Savings,9,54.0,True,554.66,,False,True,0,High,4,0,6,437-597-1433T,4519 9274T 1609 8545,DEBIT,TMULLER_IRENE91@rand.yahoo.com,0.15,0.05,18-25,OTHER,0-30k,0-200k,1k-2k,11
122875,F,Calgary,AB,CASE JENICE,37,False,,White,87412.0,True,569327.0,0.0,True,False,3788,31658.8,710.0,Investment; Checking; Credit,19,14.81,False,51.38,Mortgage,False,False,7,Medium,2,1,6,780-945-5567T,4510 1633T 1422 5804,DEBIT,TCJ20017@rand.zoho.com,0.14,0.09,36-45,White,60k-100k,500k-1M,0-500,8
57768,M,Toronto,ON,HADAD LEON,44,True,,Asian,109722.0,True,1208805.0,0.0,True,False,9144,54224.87,801.0,Joint,7,54.0,True,6593.6,,False,False,0,High,4,0,3,365-977-6026T,4519 9274T 3729 4025,DEBIT,THL1698524933@non.icloud.com,0.15,0.12,36-45,OTHER,100k-200k,1M-2M,0-500,22
116,M,Toronto,ON,BRUNET RAYMOND,28,True,,Black,104894.0,True,1197693.0,0.0,True,False,5664,21295.38,770.0,Investment,10,61.0,True,3502.99,Auto Loan,False,False,8,High,4,2,5,226-623-3129T,4510 1390T 8083 1658,CREDIT,TBR391296@test.outlook.com,0.15,0.04,26-35,OTHER,100k-200k,1M-2M,0-500,18
38641,F,Toronto,ON,NAGY HARRIET,45,False,,Asian,87966.0,True,1362972.0,0.0,False,False,4080,56153.55,716.0,Investment,19,94.0,True,2731.61,Mortgage,True,True,9,High,3,1,5,705-299-8147T,4512 2338T 7348 2498,CREDIT,TtrustingPoultry8NAHA@non.zoho.com,0.15,0.09,36-45,OTHER,60k-100k,1M-2M,0-500,23
95474,M,Montreal,QC,BILODEAU ROBERT,27,False,,Latino,76392.0,True,651439.0,0.0,True,True,3444,45672.13,834.0,Credit,13,9.95,False,33.22,Mortgage,True,False,11,Low,5,2,2,418-372-6873T,4512 2339T 1070 1381,CREDIT,TBILODEAU_ROBERT3@synth.jumo.com,0.18,0.22,26-35,OTHER,60k-100k,500k-1M,0-500,5
47560,M,Toronto,ON,BAILLARGEON MARCEL,30,False,,Asian,102381.0,True,1280845.0,0.0,True,False,4516,9338.46,712.0,Credit,4,12.57,False,54.38,Mortgage,False,False,9,Low,4,5,1,905-886-3177T,4519 9230T 1819 6593,DEBIT,TBM849061044@synth.outlook.com,0.15,0.25,26-35,OTHER,100k-200k,1M-2M,0-500,21
21,M,Toronto,ON,PAAJANEN ROBERT,47,False,,Asian,145149.0,True,1238768.0,0.0,True,False,12096,58504.47,815.0,Investment; Checking,15,71.0,True,6139.32,Mortgage,True,False,10,High,3,2,4,613-180-6775T,4510 1325T 5055 2035,CREDIT,TPAROabjectGarlic11968@synth.outlook.com,0.15,0.1,46-55,OTHER,100k-200k,1M-2M,0-500,13
104740,F,Vancouver,BC,MAKELKI PAM,44,False,,Asian,85955.0,True,1368624.0,0.0,True,False,4123,72618.62,720.0,Credit; Investment; Checking,16,49.0,True,2942.93,Mortgage,True,True,7,Medium,5,2,3,236-478-5684T,4519 9232T 8105 5238,DEBIT,TMP842729680@non.live.com,0.13,0.22,36-45,OTHER,60k-100k,1M-2M,0-500,17
174852,M,Hamilton,ON,MICHAEL RODGERS,30,False,,Latino,63263.0,True,681375.0,0.0,True,False,3399,2952.49,659.0,Checking,13,84.0,True,2048.16,Mortgage,False,False,0,High,5,2,5,613-982-5445T,4510 1366T 7145 8451,CREDIT,TMR691961@test.iCloud.com,0.15,0.1,26-35,OTHER,60k-100k,500k-1M,0-500,5
102191,M,Montreal,QC,SAVARD CHARLES,35,False,,Asian,94989.0,True,567150.0,0.0,True,False,3890,63037.42,700.0,Checking; Credit,4,8.37,False,29.07,Mortgage,True,False,0,Low,6,5,1,450-190-1086T,4510 1555T 4048 2081,CREDIT,TSC602340@synth.att.net,0.18,0.51,26-35,OTHER,60k-100k,500k-1M,0-500,20
163272,F,Quebec City,QC,CARDINAL LUCIE,44,True,Ru5gEU3Q,White,76537.0,True,401961.0,0.0,True,False,3304,95559.83,737.0,Checking,22,57.0,True,1805.47,Mortgage,True,False,0,High,4,4,2,354-971-1209T,4510 1519T 7103 0324,CREDIT,TCL4176@synth.neo.com,0.16,0.08,36-45,White,60k-100k,200k-500k,0-500,7
164465,F,Quebec City,QC,ORE SUSAN,43,False,,White,85249.0,True,379268.0,0.0,True,False,4668,11625.58,669.0,Credit,8,76.0,True,3691.81,Mortgage,True,False,1,High,4,2,4,579-121-6759T,5415 9015T 8569 0458,CREDIT,TOS294657568@non.gmail.com,0.16,0.09,36-45,White,60k-100k,200k-500k,0-500,8
163114,F,Quebec City,QC,LEBLANC LAURETTE,28,False,,White,70381.0,True,372158.0,0.0,True,False,3137,16521.53,663.0,Credit,17,9.16,False,41.2,Mortgage,True,False,0,Low,4,0,5,468-455-7475T,4510 1613T 9744 6959,DEBIT,TLL6593159200@test.netZero.com,0.16,0.15,26-35,White,60k-100k,200k-500k,0-500,11
27341,F,Toronto,ON,TURNER JENNIFER,43,False,,Others,76899.0,True,1023104.0,0.0,True,False,3382,77648.0,723.0,Investment,20,12.89,False,23.56,Mortgage,False,True,0,Medium,2,0,6,753-109-1907T,4510 1538T 9125 2202,CREDIT,TTJ8172249739@rand.proton.com,0.15,0.12,36-45,OTHER,60k-100k,1M-2M,0-500,69
9297,M,Toronto,ON,HULL JOHN,26,False,,Asian,86271.0,True,1176297.0,0.0,True,False,2717,32575.34,698.0,Checking; Investment; Credit,11,10.26,False,31.28,Mortgage,False,True,3,Medium,2,0,4,613-362-1453T,4510 1680T 4655 1271,DEBIT,THJ80034951@non.zoho.com,0.15,0.13,18-25,OTHER,60k-100k,1M-2M,0-500,5
52551,M,Toronto,ON,PLONKA MORLEY,34,True,,Black,81787.0,True,1103598.0,0.0,True,False,4207,33179.9,736.0,Checking,16,8.57,False,23.33,Mortgage,True,False,2,Low,6,0,5,365-275-3439T,5415 9091T 5107 6606,CREDIT,TPLMOwornoutSheep61981@fake.neo.com,0.15,0.19,26-35,OTHER,60k-100k,1M-2M,0-500,19
6014,M,Toronto,ON,MCGAW DAVID,45,True,DMFksXCh,Asian,73982.32,True,1261567.0,0.0,True,False,4532,61046.09,720.0,Checking,13,72.0,True,2957.94,Mortgage,False,False,3,High,4,0,6,742-188-1925T,4510 1537T 5792 4289,CREDIT,TMD128064120@synth.bla.com,0.15,0.1,36-45,OTHER,60k-100k,1M-2M,0-500,26
178384,M,Mississauga,ON,AMBER STOKES,39,True,gmUP6wW6,Asian,109660.0,True,1133978.0,0.0,True,False,9138,12191.68,738.0,Joint,6,13.09,False,65.02,Mortgage,False,True,0,Medium,2,3,1,437-692-3512T,4514 0128T 2402 0538,CREDIT,TAS15505@rand.att.net,0.17,0.22,36-45,OTHER,100k-200k,1M-2M,0-500,5
241790,M,Oakville,ON,VANSTONE WM,38,False,,White,119449.0,True,1393509.0,0.0,True,False,9667,53775.22,751.0,Credit; Investment; Checking,2,21.5,False,18.96,Mortgage,False,False,0,Medium,2,2,4,548-966-7943T,5415 9060T 9436 7803,CREDIT,TVW142096465@non.comcast.net,0.16,0.14,36-45,White,100k-200k,1M-2M,0-500,5
75541,M,Montreal,QC,LACASSE CLAUDE,42,False,,Others,73324.0,True,569955.0,0.0,True,False,3908,32595.78,655.0,Checking,4,20.53,False,26.67,,True,False,0,Low,4,2,4,579-775-9025T,4510 1658T 7212 9133,DEBIT,TLC7834@synth.comcast.net,0.18,0.05,36-45,OTHER,60k-100k,500k-1M,0-500,18
114565,M,Vancouver,BC,SHAPRAY MICHAEL,37,False,,Asian,106946.0,True,1059615.0,0.0,True,False,8912,11889.4,733.0,Checking,19,22.81,False,22.25,Mortgage,False,False,0,Medium,2,0,5,672-452-9700T,4510 1369T 8901 1822,CREDIT,TSM0175@synth.netZero.com,0.13,0.06,36-45,OTHER,100k-200k,1M-2M,0-500,8
94182,M,Montreal,QC,ANGELA LYNCH,48,True,,White,89351.0,True,621996.0,0.0,True,False,4790,54963.53,754.0,Credit,25,90.0,True,3554.81,Mortgage,True,False,0,High,4,0,6,450-552-8989T,4510 1560T 9442 7922,CREDIT,TANGELALYNCH@non.iCloud.com,0.18,0.05,46-55,White,60k-100k,500k-1M,0-500,6
2009,M,Toronto,ON,SCHWANZ CARL,40,True,,Asian,106754.0,True,1318244.0,0.0,True,False,8896,13670.11,756.0,Investment,26,19.65,False,31.99,Personal Loan,False,False,0,Medium,2,3,2,226-478-5240T,4510 1690T 1656 2318,DEBIT,TSCCAfondHeron61962@rand.hotmail.com,0.15,0.12,36-45,OTHER,100k-200k,1M-2M,0-500,22
97147,M,Montreal,QC,ST-CYR PIERRE,34,False,,White,65587.0,True,683612.0,0.0,True,False,4147,17321.34,678.0,Credit; Checking,15,9.5,False,20.32,Mortgage,True,False,10,Low,5,1,5,819-257-1928T,4514 0122T 4805 8159,CREDIT,TST-CYRPIERRE@synth.icloud.com,0.18,0.12,26-35,White,60k-100k,500k-1M,0-500,30
69525,M,Toronto,ON,NICOLE MATA,27,False,,Asian,100071.0,True,1086330.0,0.0,True,False,4069,17174.13,692.0,Investment,12,8.56,False,36.3,Mortgage,False,False,0,Low,4,4,1,647-429-9104T,4510 1357T 7882 0732,CREDIT,TNICOLE_MATA8@test.hotmail.com,0.15,0.34,26-35,OTHER,100k-200k,1M-2M,0-500,21
10897,M,Toronto,ON,NICHOLAS CUMMINGS,48,False,,Black,100495.0,True,1179751.0,0.0,True,False,8375,36752.09,735.0,Credit; Investment,4,81.0,True,4856.25,,True,True,3,High,4,3,2,365-104-5873T,4510 1536T 2203 0987,CREDIT,TNC2027@synth.mail.com,0.15,0.51,46-55,OTHER,100k-200k,1M-2M,0-500,13
90329,F,Montreal,QC,PELLETIER MICHELLE,31,False,,Asian,63996.0,True,554297.0,0.0,True,False,3116,16382.78,633.0,Checking,12,7.68,False,16.75,,True,True,11,Low,5,0,7,450-969-9911T,4510 1363T 1033 6611,CREDIT,TPM140450205@fake.iCloud.com,0.18,0.26,26-35,OTHER,60k-100k,500k-1M,0-500,21
4560,M,Toronto,ON,MARTINS RENATO,33,True,,Latino,72372.0,True,1031828.0,0.0,True,False,3463,53690.09,742.0,Investment,19,11.65,False,50.9,Mortgage,True,False,2,Medium,2,1,4,705-149-2304T,4519 9282T 5003 3200,DEBIT,TMR312743906@fake.att.net,0.15,0.1,26-35,OTHER,60k-100k,1M-2M,0-500,19
162095,M,Quebec City,QC,GELINAS SERGE,36,False,,White,64434.0,True,333105.0,0.0,True,False,3324,21482.0,629.0,Checking,8,10.31,False,14.77,Mortgage,True,False,1,Medium,2,0,5,468-786-3386T,4510 1627T 3629 9614,DEBIT,TGESEspiritedStork31985@fake.neo.com,0.16,0.06,26-35,White,60k-100k,200k-500k,0-500,6
69188,M,Toronto,ON,BLAIR RON,21,False,,Asian,20335.0,False,0.0,872.0,True,False,1016,3131.48,435.0,Savings,4,112.0,True,542.26,,False,False,0,High,4,0,4,647-988-3085T,4519 9285T 1399 0817,DEBIT,TBLAIR_RON67@test.comcast.net,0.15,0.09,18-25,OTHER,0-30k,0-200k,500-1k,9
45803,F,Toronto,ON,BRAHAM JA,31,False,,Asian,89572.0,True,1142666.0,0.0,True,True,3459,20855.87,850.0,Investment; Credit; Checking,4,12.28,False,21.51,Mortgage,False,False,0,Low,5,0,6,226-339-3908T,4514 0113T 5514 1825,CREDIT,TBJ54609@test.att.net,0.15,0.11,26-35,OTHER,60k-100k,1M-2M,0-500,7
42771,M,Toronto,ON,GEROW RAY,24,False,,Asian,97528.0,False,0.0,1295.0,True,True,2078,15265.73,671.0,Savings; Investment; Checking; Credit,4,17.46,False,34.06,,False,False,12,Medium,2,3,1,437-232-2412T,5415 9067T 4901 6149,CREDIT,TGEROW_RAY68@fake.iCloud.com,0.15,0.33,18-25,OTHER,60k-100k,0-200k,1k-2k,6
12834,F,Toronto,ON,PERRIN YVETTE,42,True,,White,80602.0,True,1165537.0,0.0,True,False,5034,44077.64,729.0,Joint,7,69.0,True,2582.59,Mortgage,False,False,0,High,5,1,3,519-610-9833T,4519 9246T 0811 7816,DEBIT,TPY1146@synth.att.net,0.15,0.08,36-45,White,60k-100k,1M-2M,0-500,25
516,F,Toronto,ON,HAYES PHYLLIS,39,True,,Asian,126201.0,True,1214668.0,0.0,True,False,10517,15296.02,775.0,Investment; Checking; Credit; Joint,24,77.0,True,7125.82,Mortgage,True,False,3,High,4,3,2,437-513-3281T,5415 9060T 6064 0430,CREDIT,THP953324@non.neo.com,0.15,0.15,36-45,OTHER,100k-200k,1M-2M,0-500,16
43466,F,Toronto,ON,BYRNE UNA,39,True,,Asian,103649.0,True,1165532.0,0.0,True,False,8637,40308.77,752.0,Investment,10,11.65,False,61.57,,False,False,10,Medium,2,0,7,548-973-5763T,4510 1392T 1130 6653,CREDIT,TBU36244@synth.jumo.com,0.15,0.15,36-45,OTHER,100k-200k,1M-2M,0-500,16
62816,F,Toronto,ON,SAMANTHA COHEN,35,False,,Black,81913.0,True,1079140.0,0.0,False,False,3689,35849.35,712.0,Credit; Investment,17,8.74,False,17.73,Personal Loan,True,False,0,Low,5,0,6,613-178-7411T,4510 1636T 7553 4686,DEBIT,TforsakenDunbird6SACO@synth.icloud.com,0.15,0.06,26-35,OTHER,60k-100k,1M-2M,0-500,11
63082,F,Toronto,ON,JONES ALISON,45,True,,Asian,91051.0,True,1158398.0,0.0,False,False,4853,103317.6,752.0,Credit; Joint; Investment; Checking,4,17.43,False,26.63,Mortgage,True,False,0,Medium,2,1,5,753-204-1178T,5415 9048T 5389 7487,CREDIT,TJA2330@non.hotmail.com,0.15,0.08,36-45,OTHER,60k-100k,1M-2M,0-500,6
149945,F,Ottawa,ON,PARCIAK CATHY,28,False,,White,96170.0,True,786528.0,0.0,True,False,3626,49545.34,719.0,Credit,9,9.2,False,30.88,Mortgage,False,False,0,Low,5,0,7,416-425-1934T,5415 9056T 9075 7689,CREDIT,TPC2826@non.zoho.com,0.14,0.1,26-35,White,60k-100k,500k-1M,0-500,18
94736,M,Montreal,QC,JUSTIN CHUNG,30,False,,Latino,68248.0,True,607523.0,0.0,False,False,3554,15732.29,609.0,Credit,18,50.0,True,1955.43,Mortgage,True,False,11,High,3,2,5,367-559-3800T,5415 9013T 6691 9604,CREDIT,TJC38743@non.att.net,0.18,0.12,26-35,OTHER,60k-100k,500k-1M,0-500,7
27814,M,Toronto,ON,BLACK GREG,28,True,,Asian,105853.0,True,1389062.0,0.0,True,False,4671,18421.56,768.0,Checking,18,10.33,False,28.22,Mortgage,False,False,0,Medium,2,1,4,905-915-8339T,4510 1520T 4330 1894,CREDIT,TBG8020775178@non.proton.com,0.15,0.05,26-35,OTHER,100k-200k,1M-2M,0-500,18
83905,F,Montreal,QC,LAFRENIERE JULIE,37,False,,White,83817.0,True,516882.0,0.0,True,True,3839,48673.27,850.0,Credit,26,37.0,True,2486.09,Mortgage,False,True,12,Medium,6,1,4,468-245-6541T,4519 9240T 6514 6836,DEBIT,TLJ0723992970@rand.hotmail.com,0.18,0.12,36-45,White,60k-100k,500k-1M,0-500,7
66103,M,Toronto,ON,LARABIE KEN,33,False,,White,84602.0,True,1289804.0,0.0,True,False,3692,32102.39,704.0,Credit; Checking; Investment,16,9.1,False,42.39,Mortgage,False,False,2,Low,5,2,4,705-419-8839T,4514 0136T 6992 8734,CREDIT,TLK7301525@synth.outlook.com,0.15,0.1,26-35,White,60k-100k,1M-2M,0-500,23
31003,F,Toronto,ON,TAIT LORRAINE,33,False,,White,89919.0,True,1199023.0,0.0,True,False,4234,34064.97,703.0,Checking,16,97.0,True,2180.21,,True,False,10,High,4,1,6,613-580-6253T,4510 1346T 6872 1143,CREDIT,TTL1463@test.bla.com,0.15,0.06,26-35,White,60k-100k,1M-2M,0-500,37
102195,F,Montreal,QC,BOULET NATHALIE,44,False,,White,66898.0,True,674078.0,0.0,False,False,3842,18892.96,656.0,Checking,20,8.41,False,29.42,Mortgage,False,True,0,Low,5,0,7,438-766-5539T,4512 2356T 7480 7643,CREDIT,TpanickySmelt8BONA@synth.iCloud.com,0.18,0.09,36-45,White,60k-100k,500k-1M,0-500,6
146772,M,Ottawa,ON,DUNDAS CORDNER,34,True,wyQba9xQ,White,75079.53,True,745466.0,0.0,True,False,4687,15746.41,687.0,Investment,12,66.0,True,2494.76,Mortgage,True,True,0,High,2,4,6,365-331-6617T,4510 1621T 0778 9605,DEBIT,TDUNDASCORDNER@test.zoho.com,0.14,0.37,26-35,White,60k-100k,500k-1M,0-500,5
142963,M,Ottawa,ON,JOHNSON BRIAN,28,False,,White,125669.0,True,920300.0,0.0,True,False,3819,31187.74,737.0,Credit,12,12.72,False,32.41,Mortgage,True,False,5,Medium,2,0,4,647-983-4762T,4512 2317T 4767 9013,CREDIT,TJOHNSONM40@fake.cogeco.ca,0.14,0.16,26-35,White,100k-200k,500k-1M,0-500,7
74697,F,Montreal,QC,LAJOIE MARGUERITE,28,False,,Others,65590.0,True,593706.0,0.0,True,False,2941,7082.5,661.0,Checking,15,109.0,True,1503.65,Mortgage,True,False,0,High,4,1,6,418-210-5164T,4512 2354T 6116 8683,CREDIT,TLM8428@fake.icloud.com,0.18,0.11,26-35,OTHER,60k-100k,500k-1M,0-500,21
55405,M,Toronto,ON,JUDY STEWART,27,False,,White,71969.0,True,1052226.0,0.0,True,False,3814,39150.26,704.0,Checking,3,11.65,False,32.63,Mortgage,False,False,6,Medium,2,0,4,742-393-9248T,4510 1628T 9665 0878,DEBIT,TJUDY_STEWART28@rand.hotmail.com,0.15,0.04,26-35,White,60k-100k,1M-2M,0-500,23
95898,M,Montreal,QC,CASABON SYLVAIN,45,False,,White,70822.0,True,709339.0,0.0,False,False,4149,73891.61,697.0,Checking; Investment; Credit,15,11.2,False,25.22,Mortgage,False,True,7,Medium,2,1,3,438-538-1984T,4510 1620T 9553 1482,DEBIT,TCS0205185666@rand.gmail.com,0.18,0.13,36-45,White,60k-100k,500k-1M,0-500,11
33971,M,Toronto,ON,EVERATT CLIFF,36,False,,White,65006.0,True,1056340.0,0.0,True,False,2728,17551.9,691.0,Checking,3,13.93,False,58.88,Mortgage,False,False,0,Low,6,2,4,519-640-8699T,4510 1556T 0608 7294,CREDIT,TEVERATTCLIFF@rand.netZero.com,0.15,0.12,26-35,White,60k-100k,1M-2M,0-500,23
91010,M,Montreal,QC,MELOCHE ANDRE,34,False,,White,72703.0,True,629548.0,0.0,True,False,3112,23067.33,683.0,Credit,16,59.0,True,2028.01,Mortgage,True,False,0,High,4,0,4,263-310-8500T,4510 1378T 1766 5628,CREDIT,TMEANpeskyCod21965@fake.netZero.com,0.18,0.08,26-35,White,60k-100k,500k-1M,0-500,30
58540,M,Toronto,ON,CONNOLLY DAVID,44,False,,White,73719.0,True,1300683.0,0.0,True,False,3672,29513.2,682.0,Checking; Investment; Credit,29,35.0,True,2780.07,Mortgage,True,False,11,High,5,3,3,365-192-8611T,4514 0150T 1165 2578,CREDIT,TCD42445@test.iCloud.com,0.15,0.44,36-45,White,60k-100k,1M-2M,0-500,31
209091,F,London,ON,GENZ LAUREN,41,True,,White,86481.0,True,753784.0,0.0,True,False,4911,39606.85,750.0,Investment,12,41.0,True,3059.88,Mortgage,True,False,2,High,4,4,3,705-844-5006T,4519 9281T 2047 4416,DEBIT,TGL900568@fake.gmail.com,0.17,0.05,36-45,White,60k-100k,500k-1M,0-500,6
46008,F,Toronto,ON,GUINTA BARB,40,False,,Asian,68543.0,True,1029790.0,0.0,True,False,4056,6232.02,673.0,Checking; Credit,17,17.9,False,27.25,Mortgage,False,False,2,Low,4,0,7,289-626-1683T,4510 1551T 6318 3218,CREDIT,TGB969546@synth.jumo.com,0.15,0.1,36-45,OTHER,60k-100k,1M-2M,0-500,69
114557,M,Vancouver,BC,MUNEZ MATEO,45,False,,White,82199.0,True,1345867.0,0.0,True,False,3944,83569.71,706.0,Credit,4,42.0,True,2580.69,Mortgage,False,False,5,High,4,3,1,250-588-3897T,4510 1633T 4281 0924,DEBIT,TMUNEZMATEO@rand.live.com,0.13,0.19,36-45,White,60k-100k,1M-2M,0-500,12
57875,F,Toronto,ON,SHARP CAROL,48,False,,Others,80878.0,True,1110396.0,0.0,False,False,3556,32538.32,726.0,Investment; Checking; Credit,2,99.0,True,2768.57,Mortgage,True,True,0,High,4,2,5,705-922-1039T,5415 9017T 2443 6448,CREDIT,TSC5246@test.gmail.com,0.15,0.1,46-55,OTHER,60k-100k,1M-2M,0-500,5
36866,F,Toronto,ON,STASIUK OLGA,35,False,,Latino,65380.0,True,857687.0,0.0,False,False,3412,26090.01,632.0,Checking,19,8.72,False,30.49,Mortgage,True,False,0,Low,5,0,8,753-439-6344T,4519 9250T 8107 3769,DEBIT,TSO0429@synth.aol.com,0.15,0.09,26-35,OTHER,60k-100k,500k-1M,0-500,6
174029,M,Hamilton,ON,HAWLEY MURRAY,31,False,,White,99473.0,True,956653.0,0.0,True,False,3265,15151.65,734.0,Investment,4,37.0,True,2555.38,Mortgage,True,True,0,Medium,7,0,5,365-123-3860T,4514 0185T 8119 8689,CREDIT,THAWLEYMURRAY@synth.icloud.com,0.15,0.13,26-35,White,60k-100k,500k-1M,0-500,9
210417,M,London,ON,GOUGH ARTHUR,46,True,,Asian,85829.0,True,799293.0,0.0,True,False,5204,27088.87,774.0,Joint; Credit,4,9.13,False,34.31,Mortgage,True,False,0,Low,5,2,4,416-281-3818T,4510 1370T 2641 7552,CREDIT,TGOUGHARTHUR@non.gmail.com,0.17,0.07,36-45,OTHER,60k-100k,500k-1M,0-500,5
27021,M,Toronto,ON,BLAIR SCOTT,42,False,,Asian,117182.0,True,1330017.0,0.0,True,False,9765,23369.53,747.0,Checking,4,105.0,True,7495.2,,True,False,0,High,4,0,6,548-165-4745T,4519 9275T 0192 4789,DEBIT,TBLAIRSCOTT@non.gmail.com,0.15,0.12,36-45,OTHER,100k-200k,1M-2M,0-500,29
6421,M,Toronto,ON,JENKINS CHAN,40,True,9lsbBTye,Black,117526.77,True,1019879.0,0.0,True,False,9794,20446.79,736.0,Joint,29,94.0,True,6653.55,Mortgage,False,False,12,High,4,3,2,365-379-8396T,5415 9091T 5648 8315,CREDIT,TJC64674780@rand.icloud.com,0.15,0.2,36-45,OTHER,100k-200k,1M-2M,0-500,22
48094,F,Toronto,ON,RUMPH RITA,20,False,,White,13643.0,False,0.0,878.0,False,True,1114,2824.39,578.0,Savings; Checking,9,7.44,False,12.3,Student Loan,False,False,7,Medium,2,2,4,548-244-7434T,4510 1690T 6054 6927,DEBIT,TRR817092328@non.yahoo.com,0.15,0.06,18-25,White,0-30k,0-200k,500-1k,5
80256,M,Montreal,QC,BERNIER ERIC,44,False,,White,71225.0,True,629137.0,0.0,True,True,3724,86181.98,850.0,Credit,21,12.83,False,32.02,Auto Loan,False,False,0,Medium,2,0,6,873-834-7980T,4510 1367T 2574 4875,CREDIT,TBE0513347436@fake.iCloud.com,0.18,0.11,36-45,White,60k-100k,500k-1M,0-500,6
54152,M,Toronto,ON,BAILEY CHARLES,44,True,,Black,104359.0,True,1220539.0,0.0,True,False,8697,14485.52,745.0,Joint,18,21.89,False,35.78,Mortgage,True,False,0,Low,5,1,5,289-143-4293T,4512 2362T 5966 9600,CREDIT,TBAILEYCHARLES@non.att.net,0.15,0.17,36-45,OTHER,100k-200k,1M-2M,0-500,22
157,M,Toronto,ON,KOVACS JOHN,38,False,,Asian,71112.0,True,1189268.0,0.0,True,False,3147,56120.24,718.0,Investment,4,117.0,True,2328.46,Mortgage,True,False,7,High,3,4,1,742-570-5096T,4510 1599T 2716 8041,CREDIT,TKOVACSJOHN@fake.netZero.com,0.15,0.27,36-45,OTHER,60k-100k,1M-2M,0-500,40
5591,F,Toronto,ON,KOLAKOWSKI MARGARET,44,True,,White,76898.0,True,1187375.0,0.0,True,False,4682,67342.67,727.0,Credit,7,19.17,False,2.17,Mortgage,True,False,0,Medium,2,0,5,807-310-8465T,4510 1658T 3742 2922,DEBIT,TKM4311@synth.icloud.com,0.15,0.12,36-45,White,60k-100k,1M-2M,0-500,25
115923,F,Vancouver,BC,KIMBERLY MILLER,42,False,,Asian,78684.0,True,1079481.0,0.0,True,False,4658,16411.93,667.0,Checking,4,10.97,False,10.47,Mortgage,True,False,2,Low,4,0,5,236-820-6024T,4512 2342T 0778 7534,CREDIT,TKM0516675281@non.aol.com,0.13,0.12,36-45,OTHER,60k-100k,1M-2M,0-500,17
659,M,Toronto,ON,SHANNON TOWNSEND,46,False,,Asian,104733.0,True,1352780.0,0.0,True,False,8728,46673.34,778.0,Checking,4,59.0,True,5452.25,Mortgage,False,False,0,High,4,2,5,742-470-8753T,5415 9079T 2666 0151,CREDIT,TSHANNONTOWNSEND@test.comcast.net,0.15,0.05,36-45,OTHER,100k-200k,1M-2M,0-500,29
47568,M,Toronto,ON,SAWYERS JOEL,43,False,,Asian,90713.0,True,1258078.0,0.0,True,False,4581,30580.31,722.0,Checking,30,56.0,True,3234.63,Mortgage,True,False,0,High,4,5,1,683-901-8095T,4519 9263T 4109 7636,DEBIT,TSJ0556@rand.proton.com,0.15,0.23,36-45,OTHER,60k-100k,1M-2M,0-500,40
186284,M,Brampton,ON,CONNAUGHAN VINCE,42,False,,Asian,144022.0,True,1000356.0,0.0,True,False,12002,5391.9,741.0,Credit,3,14.95,False,22.98,Mortgage,True,False,0,Low,4,0,4,289-383-6363T,4510 1348T 9823 1433,CREDIT,TCONNAUGHANVINCE@rand.comcast.net,0.17,0.04,36-45,OTHER,100k-200k,1M-2M,0-500,7
94457,M,Montreal,QC,HYNES BRUCE,31,False,,Latino,87506.0,True,718989.0,0.0,True,False,3401,12058.48,691.0,Credit,19,8.24,False,29.61,Mortgage,False,False,0,Low,6,0,5,438-215-9398T,4519 9273T 9586 0981,DEBIT,THB6675310852@non.bla.com,0.18,0.21,26-35,OTHER,60k-100k,500k-1M,0-500,20
117567,M,Vancouver,BC,MCDONALD MICHAEL,35,False,,Asian,91861.0,True,1043563.0,0.0,True,False,3391,58139.49,712.0,Credit; Investment,17,89.0,True,2044.5,Mortgage,False,False,0,High,4,1,5,250-904-2163T,5415 9029T 4699 0240,CREDIT,TMCMImurkyQuiche11994@test.comcast.net,0.13,0.13,26-35,OTHER,60k-100k,1M-2M,0-500,21
16500,F,Toronto,ON,RUTA DANIELA,42,False,,Others,82717.0,True,1007180.0,0.0,True,False,4661,48988.14,722.0,Investment,18,89.0,True,2414.08,Mortgage,True,False,0,High,5,1,7,226-420-9737T,4514 0174T 4214 4441,CREDIT,TpeacefulCamel1RUDA@rand.neo.com,0.15,0.15,36-45,OTHER,60k-100k,1M-2M,0-500,69
74714,M,Montreal,QC,LAVOIE JACQUES,34,False,,Black,71547.0,True,608063.0,0.0,False,False,3252,26578.51,664.0,Checking,24,5.89,False,14.85,Mortgage,False,True,8,Low,6,0,5,367-962-8551T,4519 9290T 2696 2734,DEBIT,TLJ67386447@rand.aol.com,0.18,0.4,26-35,OTHER,60k-100k,500k-1M,0-500,7
17012,M,Toronto,ON,ANGERMANN KURT,27,False,,Asian,110726.0,True,1661839.0,0.0,True,False,4121,21890.39,704.0,Credit,15,8.16,False,18.23,Mortgage,True,True,0,Low,5,3,2,519-876-8786T,4519 9247T 5157 2033,DEBIT,TANGERMANNM60@fake.mail.com,0.15,0.54,26-35,OTHER,100k-200k,1M-2M,0-500,21
10444,F,Toronto,ON,MERKEL CAMPBELL,41,True,BRSvZqam,White,73634.81,True,1278022.0,0.0,True,False,4663,56468.69,734.0,Checking,24,86.0,True,3152.07,Mortgage,True,True,6,Medium,2,0,4,365-912-2243T,5415 9025T 0222 5609,CREDIT,TMC75663@synth.neo.com,0.15,0.12,36-45,White,60k-100k,1M-2M,0-500,25
72747,M,Toronto,ON,CHEPIL JIM,29,False,,White,77464.0,True,1160618.0,0.0,True,False,2621,11818.68,705.0,Credit,9,112.0,True,1544.81,Mortgage,False,False,0,High,4,3,1,249-403-4990T,4519 9268T 4263 0996,DEBIT,TCJ136672799@synth.comcast.net,0.15,0.16,26-35,White,60k-100k,1M-2M,0-500,23
15279,M,Toronto,ON,GILLIS KEITH,41,True,,Asian,120911.0,True,1111183.0,0.0,True,False,10076,28225.6,774.0,Joint; Checking,4,35.0,True,5325.38,Mortgage,True,False,0,Medium,5,1,5,905-137-3561T,4510 1565T 6692 2624,CREDIT,TGK8751538990@synth.gmail.com,0.15,0.08,36-45,OTHER,100k-200k,1M-2M,0-500,22
118669,F,Vancouver,BC,TINABURRI CARLA,44,True,eoCsLYtE,Latino,73048.94,True,1292494.0,0.0,True,False,4817,116179.57,768.0,Checking,4,55.0,True,3666.0,Mortgage,True,False,0,High,4,0,4,604-213-7278T,4519 9225T 7043 6672,DEBIT,TTC39136285@test.att.net,0.13,0.05,36-45,OTHER,60k-100k,1M-2M,0-500,12
21784,F,Toronto,ON,RATAJCZAK ANNA,29,False,,White,81430.0,True,1035386.0,0.0,True,False,3782,36627.6,715.0,Checking; Credit,4,9.69,False,53.43,Mortgage,True,True,1,Low,5,0,5,683-899-4314T,4514 0151T 3281 2134,CREDIT,TRATAJCZAK_ANNA4@rand.zoho.com,0.15,0.17,26-35,White,60k-100k,1M-2M,0-500,37
80392,M,Montreal,QC,BRUNET LUC,29,False,,Others,62676.0,True,671334.0,0.0,True,False,2879,21150.37,682.0,Checking,16,5.06,False,7.92,Mortgage,True,True,1,Low,5,1,4,514-509-8718T,4512 2343T 5297 7204,CREDIT,TBRUNETM81@non.netZero.com,0.18,0.22,26-35,OTHER,60k-100k,500k-1M,0-500,20
72780,F,Toronto,ON,HALLIDAY JENNIFER,38,False,,Asian,89428.0,True,967557.0,0.0,True,False,4232,19679.49,688.0,Checking,19,12.48,False,32.31,Mortgage,True,False,11,Medium,2,3,3,807-895-9633T,5415 9060T 8108 1993,CREDIT,THJ10526934@synth.neo.com,0.15,0.53,36-45,OTHER,60k-100k,500k-1M,0-500,9
52764,M,Toronto,ON,SHANK AL,25,False,,White,71474.0,True,898255.0,0.0,True,False,2214,18510.75,658.0,Investment,1,15.15,False,43.75,Mortgage,False,True,0,Medium,2,3,3,613-523-1105T,4510 1399T 8471 1652,CREDIT,TSHANK_AL78@synth.jumo.com,0.15,0.51,18-25,White,60k-100k,500k-1M,0-500,7
2314,F,Toronto,ON,MAHER CAROL,50,True,OPJlWWRt,White,83721.3,True,1376121.0,0.0,True,False,5350,30216.7,735.0,Joint,4,16.69,False,55.7,Mortgage,True,False,0,High,1,0,4,519-932-5042T,4510 1377T 9670 8346,CREDIT,TMC76340438@test.neo.com,0.15,0.06,46-55,White,60k-100k,1M-2M,0-500,10
66998,M,Toronto,ON,DENNIS HAYES,35,False,,White,111352.0,True,1216985.0,0.0,True,False,8491,19332.78,725.0,Investment,20,43.0,True,4302.32,Mortgage,True,True,9,Medium,5,2,3,416-206-2314T,4510 1397T 1417 9824,CREDIT,TDEHAsimilarHawk21984@fake.neo.com,0.15,0.08,26-35,White,100k-200k,1M-2M,0-500,16
14631,M,Toronto,ON,SAULT WALTER,31,True,,White,76079.0,True,972059.0,0.0,True,False,3507,10514.09,716.0,Credit,4,9.66,False,104.18,,True,False,0,Low,4,1,4,226-238-3469T,4510 1387T 2357 5449,CREDIT,TSW0008@non.cogeco.ca,0.15,0.11,26-35,White,60k-100k,500k-1M,0-500,8
190095,M,Brampton,ON,ROTH MARK,45,True,4UF4NYI5,Asian,107675.0,True,1289861.0,0.0,True,False,8973,78697.74,801.0,Credit,4,46.0,True,5527.05,Mortgage,False,False,0,High,5,3,1,753-442-6856T,4514 0182T 3040 1334,CREDIT,TRM569323874@test.neo.com,0.17,0.13,36-45,OTHER,100k-200k,1M-2M,0-500,6
112288,M,Vancouver,BC,COOPER SCOTT,41,False,,White,89773.0,True,1023512.0,0.0,True,False,4173,60756.09,753.0,Checking; Investment,18,66.0,True,2134.6,Mortgage,False,True,0,High,4,2,1,604-408-9082T,4510 1592T 5114 9476,CREDIT,TCOOPERSCOTT@test.icloud.com,0.13,0.08,36-45,White,60k-100k,1M-2M,0-500,12
107057,F,Vancouver,BC,KLIMEK LORRAINE,42,True,cqxQsDN7,White,91749.0,True,1062044.0,0.0,True,False,5955,14006.74,709.0,Credit; Checking; Joint; Investment,14,22.0,False,48.25,Mortgage,True,False,1,Medium,2,0,7,672-574-2992T,4510 1638T 1717 4847,DEBIT,TKL8155@test.icloud.com,0.13,0.09,36-45,White,60k-100k,1M-2M,0-500,9
90964,M,Montreal,QC,FEQUET EDDY,23,False,,Latino,70391.0,False,0.0,691.0,True,False,1382,9536.44,499.0,Credit,9,18.02,False,32.0,,False,False,0,Medium,2,3,1,354-462-7593T,4519 9246T 0969 0508,DEBIT,TFEQUET_EDDY43@rand.outlook.com,0.18,0.4,18-25,OTHER,60k-100k,0-200k,500-1k,5
86372,F,Montreal,QC,CHAREST STEPHANIE,29,False,,White,59011.0,True,546114.0,0.0,True,False,3246,15030.07,625.0,Checking,4,8.42,False,9.08,Mortgage,True,False,0,Low,5,0,7,263-602-3063T,4510 1553T 7808 9997,CREDIT,TCHAREST_STEPHANIE95@non.zoho.com,0.18,0.14,26-35,White,30k-60k,500k-1M,0-500,7
68350,F,Toronto,ON,MURPHY KAREN,40,True,,Asian,68522.0,True,1103500.0,0.0,True,False,4391,11904.7,685.0,Credit,4,14.79,False,13.73,Mortgage,True,False,9,Medium,2,0,7,613-299-8650T,4510 1367T 1331 1405,CREDIT,TMK72746@synth.neo.com,0.15,0.11,36-45,OTHER,60k-100k,1M-2M,0-500,36
83174,F,Montreal,QC,BARBER AUDREY,39,False,,White,62793.0,True,515320.0,0.0,True,False,3674,12573.59,634.0,Credit,8,37.0,True,2038.88,Mortgage,False,False,9,High,4,1,7,514-890-9985T,4510 1511T 4569 3020,CREDIT,TBA52511443@rand.comcast.net,0.18,0.11,36-45,White,60k-100k,500k-1M,0-500,21
54128,M,Toronto,ON,BROWN GLEN,31,False,,White,76992.0,True,1061043.0,0.0,True,False,2585,26677.86,674.0,Checking,19,8.74,False,28.92,Mortgage,False,False,0,Low,5,2,2,683-897-7681T,5415 9031T 8040 8290,CREDIT,TBROWNGLEN@rand.neo.com,0.15,0.07,26-35,White,60k-100k,1M-2M,0-500,23
33755,F,Toronto,ON,RAGG DAWN,26,False,,Asian,80331.0,True,1193642.0,0.0,True,False,2700,23064.03,716.0,Checking,4,7.48,False,5.67,Personal Loan,True,False,12,Low,6,0,6,807-648-6913T,4512 2357T 6744 7094,CREDIT,TRAGG_DAWN94@synth.aol.com,0.15,0.39,18-25,OTHER,60k-100k,1M-2M,0-500,8
27495,F,Toronto,ON,SHILTON LORA,36,False,,Asian,95173.0,True,1019123.0,0.0,True,False,4318,15358.0,727.0,Credit,12,13.9,False,49.97,Mortgage,True,False,0,Medium,2,1,5,519-245-6469T,5415 9091T 8187 4775,CREDIT,TSL3563286305@fake.zoho.com,0.15,0.11,26-35,OTHER,60k-100k,1M-2M,0-500,63
61345,F,Toronto,ON,KOPPEDRAYER KAY,33,False,,White,70845.0,True,1094259.0,0.0,False,False,3294,42167.52,691.0,Credit,14,67.0,True,1997.45,Mortgage,True,False,5,High,4,2,5,647-425-9297T,4510 1310T 5388 9636,CREDIT,TspiritedBuzzard4KOKA@test.mail.com,0.15,0.08,26-35,White,60k-100k,1M-2M,0-500,9
70935,F,Toronto,ON,GILBERT FRANCINE,27,False,,Black,82800.0,True,1240549.0,0.0,True,False,4498,19388.82,715.0,Investment; Credit; Checking,15,13.29,False,12.37,Mortgage,True,False,1,Medium,2,1,5,705-654-3974T,4512 2330T 1253 4387,CREDIT,TGILBERT_FRANCINE44@synth.outlook.com,0.15,0.18,26-35,OTHER,60k-100k,1M-2M,0-500,63
35208,F,Toronto,ON,SLIVAR INGE,33,False,,Asian,83885.0,True,1018339.0,0.0,True,False,3493,25564.72,702.0,Credit; Checking; Investment,4,7.64,False,20.34,,True,False,0,Low,5,1,5,613-352-8258T,4514 0191T 0833 0347,CREDIT,TSI5934495039@test.outlook.com,0.15,0.11,26-35,OTHER,60k-100k,1M-2M,0-500,63
42602,F,Toronto,ON,JONES JUDI,43,False,,White,96827.0,True,1058137.0,0.0,True,False,5603,19613.74,691.0,Checking; Investment,25,13.79,False,72.45,Personal Loan,False,False,0,Medium,2,1,5,519-527-9791T,4510 1630T 5169 5210,DEBIT,TJJ71732166@test.zoho.com,0.15,0.13,36-45,White,60k-100k,1M-2M,0-500,42
33491,M,Toronto,ON,JISSINK JOHN,25,False,,White,92960.0,True,1179087.0,0.0,True,False,1965,33585.66,736.0,Investment; Checking,12,21.9,False,17.38,Mortgage,False,True,0,Medium,2,4,1,437-381-3690T,4519 9275T 6054 9537,DEBIT,TJISSINKshyGatorade589@synth.live.com,0.15,0.31,18-25,White,60k-100k,1M-2M,0-500,10
80100,M,Montreal,QC,BOIVIN ROGER,38,True,,White,89763.0,True,568317.0,0.0,True,False,5857,16805.21,692.0,Investment,13,16.61,False,100.87,Mortgage,False,False,0,Medium,2,0,5,581-161-5240T,4512 2372T 9951 3148,CREDIT,TBR872239@fake.att.net,0.18,0.08,36-45,White,60k-100k,500k-1M,0-500,10
46004,F,Toronto,ON,BRENT JEN,37,False,,White,71091.0,True,1138050.0,0.0,True,False,3482,10352.46,672.0,Credit; Investment,18,16.2,False,26.72,Mortgage,True,False,0,Medium,2,1,6,519-248-5767T,4519 9266T 2387 2064,DEBIT,TBJ8353361@test.proton.com,0.15,0.06,36-45,White,60k-100k,1M-2M,0-500,42
106099,M,Vancouver,BC,NICK ROBERT,32,False,,White,80999.0,True,1193609.0,0.0,True,False,2830,16868.78,695.0,Checking,6,63.0,True,1665.14,Auto Loan,True,False,2,High,3,6,1,250-827-6349T,4510 1383T 6642 6918,CREDIT,TNIROexcitedPolenta91952@test.proton.com,0.13,0.3,26-35,White,60k-100k,1M-2M,0-500,9
186632,M,Brampton,ON,MIVILLE CHARLES,30,False,,Asian,103411.0,True,1107848.0,0.0,True,False,2306,23996.3,754.0,Credit,4,13.48,False,26.79,,True,True,0,Medium,2,2,3,548-469-3511T,4512 2355T 2678 1933,CREDIT,TMC9560293279@fake.jumo.com,0.17,0.07,26-35,OTHER,100k-200k,1M-2M,0-500,5
63536,F,Toronto,ON,WHEELER GLORIA,30,False,,Asian,98851.0,True,1103164.0,0.0,False,False,4380,24772.06,680.0,Investment,18,32.0,True,3335.67,Mortgage,False,True,3,Medium,6,1,6,226-547-5350T,4510 1656T 5121 2174,DEBIT,TWG7057905@non.mail.com,0.15,0.17,26-35,OTHER,60k-100k,1M-2M,0-500,11
17030,F,Toronto,ON,MCCOLL THOMSON,33,True,0bSbMKwT,White,120176.22,True,1237065.0,0.0,True,False,10015,16563.54,782.0,Credit,11,11.28,False,59.04,,True,False,0,Medium,2,1,2,705-259-7300T,4519 9230T 0524 2645,DEBIT,TMT225633446@fake.cogeco.ca,0.15,0.08,26-35,White,100k-200k,1M-2M,0-500,7
23912,M,Toronto,ON,BRIAN CARTER,46,True,,White,86073.0,True,1288384.0,0.0,False,False,5408,63498.81,737.0,Checking,4,13.43,False,35.25,,True,False,0,Medium,2,3,2,683-435-2974T,4510 1359T 6601 5938,CREDIT,TBRIANCARTER@synth.live.com,0.15,0.29,36-45,White,60k-100k,1M-2M,0-500,8
48868,F,Toronto,ON,LEUTSCHAFT BONNIE,42,True,,White,72713.0,True,1310328.0,0.0,True,False,4231,37059.36,710.0,Checking; Investment,31,54.0,True,2933.69,Mortgage,True,True,12,High,4,1,5,742-467-8567T,4510 1523T 7350 2164,CREDIT,TLB78085629@synth.hotmail.com,0.15,0.12,36-45,White,60k-100k,1M-2M,0-500,25
5569,F,Toronto,ON,STEPHEN KENT,41,False,,Asian,95941.0,True,1138080.0,0.0,True,False,4217,32309.8,700.0,Investment; Credit; Checking,7,58.0,True,2777.54,Mortgage,False,False,9,High,4,0,5,226-448-6487T,5415 9027T 8042 6083,CREDIT,TSK800451@test.outlook.com,0.15,0.06,36-45,OTHER,60k-100k,1M-2M,0-500,69
12359,M,Toronto,ON,DANBROOK DON,44,False,,White,109724.0,True,1316243.0,0.0,False,False,8145,59905.49,722.0,Credit,22,0.91,False,56.33,Mortgage,True,False,0,Low,5,3,3,613-460-7217T,4510 1561T 8167 2954,CREDIT,TDD335501@non.yahoo.com,0.15,0.48,36-45,White,100k-200k,1M-2M,0-500,9
46183,M,Toronto,ON,COOKE WHITE,43,True,QWevayYv,Asian,62236.77,True,1015117.0,0.0,True,False,4403,15788.18,675.0,Credit; Joint,4,76.0,True,3279.27,Mortgage,True,False,9,High,5,2,2,416-513-9717T,4512 2345T 4911 2574,CREDIT,TCW52701075@non.cogeco.ca,0.15,0.07,36-45,OTHER,60k-100k,1M-2M,0-500,26
35937,M,Toronto,ON,JOHNSTON JOHN,34,False,,Asian,116476.0,True,1080600.0,0.0,True,False,9706,15693.66,747.0,Checking; Credit; Investment,24,13.57,False,10.02,,True,False,8,Low,6,2,3,742-182-2222T,4512 2397T 3350 0979,CREDIT,TJJ7604571@non.gmail.com,0.15,0.22,26-35,OTHER,100k-200k,1M-2M,0-500,21
49053,M,Toronto,ON,DON HERNANDEZ,31,True,,White,94189.0,True,1201048.0,0.0,True,False,6040,23281.03,761.0,Investment; Checking; Credit,20,9.23,False,32.08,Personal Loan,True,False,11,Low,5,0,6,753-240-9100T,4519 9272T 7184 7016,DEBIT,TDH3491202@synth.mail.com,0.15,0.05,26-35,White,60k-100k,1M-2M,0-500,11
99955,F,Montreal,QC,KLEIN SHELLEY,23,False,,White,30496.0,False,0.0,623.0,True,False,1489,10543.84,485.0,Checking; Savings,10,5.93,False,12.73,Student Loan,False,False,0,Low,5,0,7,263-943-9917T,4519 9291T 5593 8003,DEBIT,TKLEIN_SHELLEY29@synth.gmail.com,0.18,0.09,18-25,White,30k-60k,0-200k,500-1k,7
33245,M,Toronto,ON,FANCIE MIKE,40,False,,White,76402.0,True,1094114.0,0.0,True,False,4633,26573.74,696.0,Checking,5,104.0,True,2897.75,Mortgage,True,False,5,High,3,0,5,647-918-8246T,4510 1627T 9226 3553,DEBIT,TFAMIcautiousSnipe51977@rand.mail.com,0.15,0.1,36-45,White,60k-100k,1M-2M,0-500,31
42663,M,Toronto,ON,TINNEY ROBERT,42,True,2GMxdyoJ,Black,93878.0,True,1088476.0,0.0,True,False,6062,19429.23,716.0,Investment,24,12.46,False,43.31,Mortgage,False,True,6,Medium,2,0,6,226-420-3621T,4510 1539T 8839 8432,CREDIT,TTR74891@rand.live.com,0.15,0.1,36-45,OTHER,60k-100k,1M-2M,0-500,26
872,F,Toronto,ON,DEMIZIO CARMEN,22,True,,Asian,9825.0,False,0.0,863.0,False,False,821,2709.09,455.0,Savings,11,9.13,False,23.38,,False,True,6,Low,4,1,5,705-789-8237T,5415 9055T 1453 2414,CREDIT,TDC3838551985@synth.jumo.com,0.15,0.1,18-25,OTHER,0-30k,0-200k,500-1k,5
136999,M,Edmonton,AB,MCLAREN IAN,34,False,,White,78967.0,True,236373.0,0.0,True,False,3331,23771.96,684.0,Credit,4,32.0,True,2019.77,Mortgage,False,False,2,High,4,2,4,368-333-3338T,4512 2332T 3680 5814,CREDIT,TMI16780@non.mail.com,0.16,0.12,26-35,White,60k-100k,200k-500k,0-500,16
30502,F,Toronto,ON,SANSCARTIER FRANCINE,28,False,,Asian,72275.0,True,1088740.0,0.0,True,False,3109,48146.13,709.0,Checking,6,7.87,False,24.77,Mortgage,False,True,0,Low,6,2,5,226-791-9309T,4514 0144T 5834 3515,CREDIT,TSANSCARTIERF36@non.aol.com,0.15,0.21,26-35,OTHER,60k-100k,1M-2M,0-500,63
218423,F,Markham,ON,BROWN EMILY,40,False,,Asian,94132.0,True,1310515.0,0.0,True,False,4757,19747.92,737.0,Credit; Checking; Investment,12,63.0,True,2749.9,Auto Loan,False,False,0,High,4,2,5,416-175-7067T,4510 1654T 7131 8939,DEBIT,TBE87125@non.netZero.com,0.12,0.09,36-45,OTHER,60k-100k,1M-2M,0-500,5
37422,F,Toronto,ON,TOPAZZINI SANDRA,30,True,,Black,66643.0,True,1036172.0,0.0,True,False,3527,8173.6,699.0,Credit,11,5.92,False,33.92,Mortgage,False,False,0,Low,6,0,7,683-780-4313T,4519 9274T 8757 1905,DEBIT,TTS562468@non.iCloud.com,0.15,0.22,26-35,OTHER,60k-100k,1M-2M,0-500,11
72310,F,Toronto,ON,KAUFMANN RUTH,37,False,,White,94053.0,True,1182004.0,0.0,True,False,3990,48527.92,755.0,Credit,4,18.25,False,21.22,Mortgage,False,True,6,Medium,2,1,5,647-502-7616T,4514 0197T 0741 2194,CREDIT,TKR817448464@fake.live.com,0.15,0.15,36-45,White,60k-100k,1M-2M,0-500,42
93811,F,Montreal,QC,CHARLES ROBLES,36,False,,Black,78036.0,True,627714.0,0.0,True,False,4154,38440.35,694.0,Checking,15,39.0,True,2943.93,,True,True,0,High,3,0,4,263-247-3144T,5415 9033T 6116 1939,CREDIT,TtroubledCordial2CHRO@test.zoho.com,0.18,0.12,26-35,OTHER,60k-100k,500k-1M,0-500,21
90576,M,Montreal,QC,ASHTON ANDREW,45,False,,Asian,63336.0,True,526908.0,0.0,True,False,3282,43382.71,703.0,Credit,4,108.0,True,2343.2,Mortgage,False,False,11,High,4,2,2,873-313-5538T,4510 1697T 2108 6156,DEBIT,TAA449739460@non.icloud.com,0.18,0.07,36-45,OTHER,60k-100k,500k-1M,0-500,18
64326,M,Toronto,ON,BONNIE WELLS,23,False,,Asian,68632.0,False,0.0,1262.0,True,False,2537,9066.55,505.0,Credit,2,16.97,False,14.09,,False,True,0,Medium,2,2,3,289-719-1338T,4519 9236T 7967 3763,DEBIT,TBONNIEM88@non.hotmail.com,0.15,0.11,18-25,OTHER,60k-100k,0-200k,1k-2k,8
4141,M,Toronto,ON,ROBB RYAN,47,True,,White,77033.0,True,1336409.0,0.0,True,False,5263,29121.75,771.0,Checking; Investment; Credit,10,20.21,False,116.68,Mortgage,True,False,10,Medium,2,5,1,343-711-7460T,4519 9283T 6769 3771,DEBIT,TROBBRYAN@test.cogeco.ca,0.15,0.35,46-55,White,60k-100k,1M-2M,0-500,9
15556,F,Toronto,ON,GUARDADO CAROLINA,47,False,,Asian,97467.0,True,1158185.0,0.0,True,False,4365,107994.65,761.0,Checking,25,61.0,True,2187.27,Mortgage,False,False,0,High,5,1,5,226-252-5585T,5415 9079T 5552 0452,CREDIT,TwakefulStork2GUCA@rand.gmail.com,0.15,0.13,46-55,OTHER,60k-100k,1M-2M,0-500,23
32769,M,Toronto,ON,MENNA NICHOLAS,45,True,,Asian,89450.0,True,1083284.0,0.0,True,False,3940,35707.07,761.0,Checking,4,95.0,True,2156.73,Mortgage,True,False,12,High,3,2,4,437-707-1922T,4514 0187T 2194 7693,CREDIT,TMN7799935581@rand.cogeco.ca,0.15,0.1,36-45,OTHER,60k-100k,1M-2M,0-500,26
77083,F,Montreal,QC,CARLE CAROLL,42,False,,White,66043.0,True,634812.0,0.0,True,False,3814,23824.4,667.0,Credit,10,18.12,False,50.12,Mortgage,False,False,0,Medium,2,0,6,263-367-9996T,5415 9052T 9726 3024,CREDIT,TCC74938306@rand.yahoo.com,0.18,0.1,36-45,White,60k-100k,500k-1M,0-500,21
60527,F,Toronto,ON,CAMERON GLENDA,42,False,,Black,90188.0,True,1330933.0,0.0,True,False,3898,31099.01,733.0,Credit; Checking; Investment,19,69.0,True,2382.07,Mortgage,True,False,0,High,3,1,4,289-781-6504T,5415 9082T 7419 9190,CREDIT,TCG472945@rand.neo.com,0.15,0.09,36-45,OTHER,60k-100k,1M-2M,0-500,69
142938,F,Ottawa,ON,YAREMOVITCH JULIA,31,False,,White,93689.0,True,745866.0,0.0,True,False,3644,12887.16,678.0,Investment; Credit; Checking,11,7.77,False,59.98,Personal Loan,False,True,0,Low,6,1,5,753-359-8096T,4514 0144T 1405 3334,CREDIT,TYJ51567@fake.proton.com,0.14,0.3,26-35,White,60k-100k,500k-1M,0-500,18
7872,M,Toronto,ON,REED KEN,43,True,,White,90414.0,True,1105377.0,0.0,True,False,5144,42576.7,776.0,Investment,21,81.0,True,3826.67,Auto Loan,True,False,7,High,4,4,2,343-452-4606T,4510 1527T 1012 2609,CREDIT,TREEDKEN@test.zoho.com,0.15,0.2,36-45,White,60k-100k,1M-2M,0-500,21
66132,M,Toronto,ON,KLASSEN WM,49,True,,Asian,109941.0,True,1125473.0,0.0,True,False,9162,64885.93,789.0,Credit; Joint,4,57.0,True,5233.9,Mortgage,True,False,6,High,4,3,1,548-744-4653T,5415 9043T 7016 0366,CREDIT,TKW868481@non.comcast.net,0.15,0.34,46-55,OTHER,100k-200k,1M-2M,0-500,10
86538,F,Montreal,QC,LEPAGE SYLVIE,36,False,,Latino,78480.0,True,764084.0,0.0,True,False,3456,60626.44,736.0,Checking; Credit,25,11.1,False,49.28,Mortgage,True,True,0,Medium,2,2,4,468-964-7854T,5415 9075T 0962 9805,CREDIT,TLS8721950@test.gmail.com,0.18,0.14,26-35,OTHER,60k-100k,500k-1M,0-500,21
21565,M,Toronto,ON,HENSZ GEORGE,27,False,,Native,83889.0,True,1156039.0,0.0,True,False,4837,11926.08,715.0,Credit; Checking; Investment,16,5.94,False,49.89,Mortgage,False,True,10,Low,4,2,4,249-862-2328T,4510 1379T 9517 9658,CREDIT,THG9076@test.icloud.com,0.15,0.13,26-35,OTHER,60k-100k,1M-2M,0-500,39
117784,M,Vancouver,BC,JOHNSON TIM,41,False,,Asian,73355.0,True,1431878.0,0.0,True,False,4210,8486.44,672.0,Checking; Credit,4,8.59,False,19.24,Mortgage,True,True,12,Low,4,1,3,672-463-6545T,4514 0120T 3614 1373,CREDIT,TJT7649359661@rand.icloud.com,0.13,0.44,36-45,OTHER,60k-100k,1M-2M,0-500,9
13489,F,Toronto,ON,RENNIE DAWNE,36,False,,Asian,98456.0,True,1100172.0,0.0,True,False,4136,41197.52,711.0,Checking,8,14.51,False,27.34,Mortgage,True,True,0,Medium,2,1,6,705-163-4839T,4510 1635T 0958 1079,DEBIT,TRD0414277356@test.proton.com,0.15,0.07,26-35,OTHER,60k-100k,1M-2M,0-500,63
50955,F,Toronto,ON,BREBNER MAXINE,41,False,,Asian,60887.0,True,1215641.0,0.0,True,False,2759,6374.94,651.0,Checking; Credit,4,117.0,True,1744.35,Mortgage,True,False,9,High,4,1,8,905-751-5333T,4510 1527T 1283 1642,CREDIT,TBM339545808@test.cogeco.ca,0.15,0.06,36-45,OTHER,60k-100k,1M-2M,0-500,69
26488,F,Toronto,ON,MCCALL CAROL,43,False,,White,86068.0,True,646933.0,0.0,True,False,5335,38461.14,724.0,Checking; Credit; Investment,14,61.0,True,3301.98,Mortgage,False,False,0,High,5,1,7,905-636-8555T,4519 9258T 0230 2777,DEBIT,TMC19980952@fake.neo.com,0.15,0.12,36-45,White,60k-100k,500k-1M,0-500,10
87667,F,Montreal,QC,SARKISIAN JULIE,48,False,,White,63441.0,True,613955.0,0.0,True,False,3095,12600.85,658.0,Checking,20,44.0,True,2246.09,Personal Loan,True,True,12,Medium,6,1,7,579-127-7532T,4519 9233T 1535 6555,DEBIT,TdecimalCake0SAJU@fake.yahoo.com,0.18,0.36,46-55,White,60k-100k,500k-1M,0-500,7
13340,M,Toronto,ON,BRETT CASTILLO,45,False,,Native,105905.0,True,1260032.0,0.0,True,False,8297,33069.63,745.0,Investment,2,19.25,False,48.68,Mortgage,False,False,1,Medium,2,3,2,289-325-3555T,5415 9097T 4324 4360,CREDIT,TBC8745028057@synth.outlook.com,0.15,0.34,36-45,OTHER,100k-200k,1M-2M,0-500,29
219487,F,Oshawa,ON,JAMES MARY,40,False,,White,70262.0,True,870712.0,0.0,True,False,4388,27099.02,685.0,Checking,4,11.11,False,33.87,Mortgage,False,False,0,Low,5,2,4,807-510-8792T,4510 1638T 7121 1518,DEBIT,TJM309981851@synth.icloud.com,0.14,0.06,36-45,White,60k-100k,500k-1M,0-500,5
151982,M,Ottawa,ON,PADDON JOHN,37,False,,White,105451.0,True,816462.0,0.0,True,False,8788,10770.46,713.0,Credit,17,11.87,False,60.9,Mortgage,False,False,5,Low,5,1,4,807-654-7451T,4519 9218T 3606 0383,DEBIT,TPAJOpeacefulLion41955@rand.proton.com,0.14,0.16,36-45,White,100k-200k,500k-1M,0-500,11
104029,F,Vancouver,BC,KIRKBY JUDY,39,False,,White,77220.0,True,1036734.0,0.0,False,False,4520,37275.62,679.0,Credit,15,14.88,False,38.91,,True,False,0,Low,5,1,6,250-751-4849T,4510 1655T 9279 0984,DEBIT,TKJ638628@test.att.net,0.13,0.15,36-45,White,60k-100k,1M-2M,0-500,5
88752,F,Montreal,QC,PIVIN LOUISE,47,False,,White,63374.0,True,574136.0,0.0,True,False,3165,25440.87,694.0,Checking,4,33.0,True,1874.97,Mortgage,True,True,4,Medium,5,0,6,418-127-6192T,5415 9036T 3001 9052,CREDIT,TpridefulBuzzard7PILO@rand.aol.com,0.18,0.08,46-55,White,60k-100k,500k-1M,0-500,7
84244,F,Montreal,QC,GAUDREAU LINE,44,False,,White,72391.0,True,541358.0,0.0,True,False,3197,86749.56,703.0,Investment,9,87.0,True,2137.44,Mortgage,False,True,8,High,4,2,3,418-146-2716T,5415 9058T 0184 0977,CREDIT,TenragedCrackers8GALI@fake.mail.com,0.18,0.1,36-45,White,60k-100k,500k-1M,0-500,21
142553,F,Ottawa,ON,OLSSON SASHA,32,False,,Black,104731.0,True,859772.0,0.0,True,False,8728,8115.49,690.0,Credit,18,100.0,True,6276.0,Mortgage,False,False,0,High,4,0,6,289-820-9255T,4510 1696T 2082 4944,DEBIT,TmadSnail3OLSA@test.yahoo.com,0.14,0.1,26-35,OTHER,100k-200k,500k-1M,0-500,5
52973,F,Toronto,ON,PETROCCO JANET,33,False,,Asian,68154.0,True,1073388.0,0.0,True,False,4503,5352.84,649.0,Credit,18,5.57,False,52.63,Mortgage,False,False,0,Low,4,0,7,807-971-5813T,4510 1555T 9862 4863,CREDIT,TdreadfulApples2PEJA@synth.gmail.com,0.15,0.12,26-35,OTHER,60k-100k,1M-2M,0-500,63
99402,F,Montreal,QC,TREPANIER CLAUDETTE,47,True,,White,70614.0,True,748105.0,0.0,True,False,5900,55617.96,736.0,Joint; Checking; Investment,21,10.0,False,67.14,Mortgage,True,False,8,Low,5,2,4,468-205-2898T,5415 9052T 0663 5364,CREDIT,TTC066113128@rand.outlook.com,0.18,0.11,46-55,White,60k-100k,500k-1M,0-500,5
211113,F,London,ON,TURNER JANET,37,True,M4NLRqdD,White,66482.0,True,678614.0,0.0,True,False,4015,10911.49,686.0,Checking,20,9.28,False,99.06,Mortgage,False,True,0,Low,5,0,8,683-751-3021T,5415 9049T 6139 0415,CREDIT,TTJ4401337@rand.netZero.com,0.17,0.15,36-45,White,60k-100k,500k-1M,0-500,6
81523,F,Montreal,QC,BERTRAND BARIL,44,True,wotJvB0D,White,80601.93,True,688484.0,0.0,True,False,4769,60414.01,756.0,Checking,34,61.0,True,3781.6,Mortgage,True,False,0,High,4,4,5,354-860-9825T,5415 9053T 1687 0754,CREDIT,TBB372821210@fake.iCloud.com,0.18,0.06,36-45,White,60k-100k,500k-1M,0-500,9
55249,F,Toronto,ON,JENEREAUX ELIZABETH,31,False,,White,60573.0,True,942787.0,0.0,True,False,3604,3853.02,643.0,Checking,7,8.03,False,22.4,,False,False,0,Low,5,0,8,705-379-3455T,4519 9210T 6955 8182,DEBIT,TJE38014025@rand.jumo.com,0.15,0.1,26-35,White,60k-100k,500k-1M,0-500,14
166904,M,Quebec City,QC,ADAM ROBERT,43,False,,White,85595.0,True,375285.0,0.0,True,False,4483,22307.56,682.0,Investment,12,13.53,False,23.14,Mortgage,True,False,0,Medium,2,2,3,579-571-8347T,4510 1333T 5424 5023,CREDIT,TAR1687655272@fake.hotmail.com,0.16,0.09,36-45,White,60k-100k,200k-500k,0-500,7
24097,F,Toronto,ON,WATSON SHELLEY,35,True,,Asian,71355.0,True,1021339.0,0.0,True,False,3173,49094.91,761.0,Checking; Joint; Credit; Investment,14,9.14,False,2.07,Auto Loan,True,False,0,Low,4,0,6,683-422-9118T,4510 1662T 4989 1533,DEBIT,TWS9960841163@non.mail.com,0.15,0.09,26-35,OTHER,60k-100k,1M-2M,0-500,11
53277,F,Toronto,ON,WALLACE RACHEL,42,False,,Asian,85756.0,True,1255920.0,0.0,True,False,3587,32435.36,716.0,Credit,4,110.0,True,2154.39,Mortgage,False,True,1,High,5,4,3,647-655-2718T,4510 1592T 2472 8152,CREDIT,TWR896519731@test.live.com,0.15,0.21,36-45,OTHER,60k-100k,1M-2M,0-500,69
86208,M,Montreal,QC,GUERIN PIERRE,32,False,,White,78230.0,True,638897.0,0.0,True,False,3390,8752.71,651.0,Investment,2,51.0,True,2349.75,Mortgage,False,True,0,High,3,2,4,354-416-1600T,4510 1360T 7299 8917,CREDIT,TGUERINPIERRE@fake.zoho.com,0.18,0.15,26-35,White,60k-100k,500k-1M,0-500,30
237475,M,St. Catharines,ON,WILLIAM KEMP,41,False,,White,87107.0,True,732636.0,0.0,True,False,4287,38305.39,725.0,Credit,25,108.0,True,3012.99,Mortgage,True,False,2,High,4,0,7,742-936-6981T,5415 9010T 9378 2189,CREDIT,TWK75521000@synth.comcast.net,0.13,0.08,36-45,White,60k-100k,500k-1M,0-500,7
164380,F,Quebec City,QC,LALONDE CATHERINE,46,False,,White,83557.0,True,365248.0,0.0,True,False,4220,28405.47,716.0,Investment; Credit,3,41.0,True,3075.06,,False,False,3,High,4,1,7,263-619-1068T,4519 9296T 8784 3801,DEBIT,TLC1300@non.netZero.com,0.16,0.11,36-45,White,60k-100k,200k-500k,0-500,8
140688,M,Edmonton,AB,SLIMMON MICHAEL,40,False,,White,120952.0,True,508760.0,0.0,True,False,10079,17316.32,732.0,Investment; Credit; Checking,28,24.4,False,31.35,Mortgage,False,True,0,Medium,2,2,3,403-175-3192T,4510 1364T 0651 9309,CREDIT,TSM114468102@rand.mail.com,0.16,0.06,36-45,White,100k-200k,500k-1M,0-500,6
75379,M,Montreal,QC,LESSARD ALAIN,41,False,,White,68113.0,True,633273.0,0.0,True,False,3528,16293.53,636.0,Checking,29,14.36,False,8.98,Mortgage,True,False,0,Medium,2,0,6,450-975-8035T,4510 1314T 1361 1445,CREDIT,TLEALeagerTermite11965@synth.comcast.net,0.18,0.13,36-45,White,60k-100k,500k-1M,0-500,28
97366,F,Montreal,QC,TREMBLAY NATHALIE,43,False,,White,57714.0,True,561232.0,0.0,True,False,3175,14428.43,652.0,Credit,4,14.69,False,57.68,Mortgage,False,False,0,Low,6,0,7,438-459-4180T,5415 9050T 3157 1642,CREDIT,TboredDoves9TRNA@rand.cogeco.ca,0.18,0.16,36-45,White,30k-60k,500k-1M,0-500,8
34227,M,Toronto,ON,IERVOLINO SALVATORE,38,False,,White,122220.0,True,1164396.0,0.0,True,False,10185,40526.22,751.0,Credit,23,15.04,False,38.6,,False,False,0,Medium,2,2,3,742-487-2377T,4514 0181T 9793 6307,CREDIT,TIERVOLINOSALVATORE@non.yahoo.com,0.15,0.1,36-45,White,100k-200k,1M-2M,0-500,19
61074,F,Toronto,ON,PATON TARA,28,False,,Black,83394.0,True,1088542.0,0.0,True,False,3324,14262.46,702.0,Checking,17,90.0,True,1923.84,Mortgage,True,False,0,High,4,0,8,416-859-5068T,4512 2366T 6870 1246,CREDIT,TPATON_TARA14@non.aol.com,0.15,0.07,26-35,OTHER,60k-100k,1M-2M,0-500,63
7774,F,Toronto,ON,LOSCOMBE NANCY,43,False,,Asian,78036.0,True,1199244.0,0.0,False,False,3693,22179.1,693.0,Credit,6,12.17,False,24.43,Personal Loan,True,False,10,Low,5,0,6,905-332-3926T,4510 1356T 1999 6777,CREDIT,TLN6155693807@synth.outlook.com,0.15,0.12,36-45,OTHER,60k-100k,1M-2M,0-500,23
70050,F,Toronto,ON,SAYERS BARB,38,False,,Others,83836.0,True,1225322.0,0.0,True,True,5033,30369.04,843.0,Checking,25,34.0,True,3115.0,Mortgage,True,False,0,High,5,4,4,226-971-5782T,4512 2325T 4002 4837,CREDIT,TwrathfulSnipe0SABA@fake.icloud.com,0.15,0.21,36-45,OTHER,60k-100k,1M-2M,0-500,12
22122,F,Toronto,ON,CASSANDRA FRITZ,30,False,,White,70213.0,True,859299.0,0.0,True,False,3032,51480.33,723.0,Checking,4,10.59,False,69.39,Mortgage,True,False,0,Medium,2,0,6,226-472-5438T,4510 1581T 5971 2897,CREDIT,TCF3375881325@rand.proton.com,0.15,0.1,26-35,White,60k-100k,500k-1M,0-500,14
22472,M,Toronto,ON,MATTILA HARRY,42,False,,White,114045.0,True,1416480.0,0.0,False,False,9504,7883.73,691.0,Checking,21,62.0,True,5978.23,Personal Loan,False,False,0,High,4,4,2,226-919-7762T,4514 0182T 1985 7411,CREDIT,TMH0471586@fake.live.com,0.15,0.34,36-45,White,100k-200k,1M-2M,0-500,9
29971,M,Toronto,ON,DEACON THOMAS,47,True,,Others,78555.0,True,1052318.0,0.0,True,False,4363,42564.93,760.0,Checking,30,0.52,False,38.13,Mortgage,False,True,6,Low,5,3,2,647-290-3270T,4510 1591T 7948 0392,CREDIT,TDT3369@rand.proton.com,0.15,0.46,46-55,OTHER,60k-100k,1M-2M,0-500,9
33396,M,Toronto,ON,HANNAH PETERSON,37,True,,White,109156.0,True,1068233.0,0.0,True,False,9096,12052.38,756.0,Credit,15,15.17,False,97.69,Mortgage,True,False,10,Low,5,1,4,647-873-1738T,4519 9264T 4250 6586,DEBIT,THAPEshyMare81999@non.bla.com,0.15,0.13,36-45,White,100k-200k,1M-2M,0-500,16
135154,M,Edmonton,AB,OTRHALEK FRANK,28,False,,White,80604.0,True,486184.0,0.0,True,False,3550,35382.64,704.0,Checking,17,9.04,False,2.71,Mortgage,True,True,0,Low,5,1,4,780-224-6680T,4514 0179T 7523 8782,CREDIT,TOF5555117217@rand.neo.com,0.16,0.15,26-35,White,60k-100k,200k-500k,0-500,16
81749,M,Montreal,QC,MARCIL ROGER,38,True,xekcMeQV,Black,87718.0,True,535081.0,0.0,True,False,4524,35727.3,728.0,Credit,25,114.0,True,3030.34,Mortgage,True,True,6,High,4,1,6,450-265-4995T,4510 1598T 8601 2098,CREDIT,TMR2583587@test.hotmail.com,0.18,0.11,36-45,OTHER,60k-100k,500k-1M,0-500,17
118920,F,Vancouver,BC,GRAY JENNIFER,38,True,y5dwuUA8,Asian,74943.0,True,1456138.0,0.0,True,False,4541,28465.57,748.0,Joint; Credit; Checking,4,50.0,True,2868.19,Mortgage,False,False,11,High,3,0,6,250-761-3273T,4519 9255T 6743 7701,DEBIT,TgoofyFalcon8GRJE@fake.neo.com,0.13,0.14,36-45,OTHER,60k-100k,1M-2M,0-500,12
82097,M,Montreal,QC,MARQUIS CARL,42,False,,White,70468.0,True,622845.0,0.0,False,False,3023,10410.43,642.0,Credit,23,110.0,True,1642.15,,False,False,0,High,4,2,5,873-661-3247T,4510 1658T 9197 3187,DEBIT,TMARQUISCARL@fake.icloud.com,0.18,0.09,36-45,White,60k-100k,500k-1M,0-500,11
64919,M,Toronto,ON,JOHNSTON JOHNATHAN,30,False,,Asian,72653.0,True,1131961.0,0.0,False,False,3863,34481.98,595.0,Credit,14,9.67,False,12.94,,False,False,5,Low,5,0,4,249-151-6266T,5415 9084T 2413 1448,CREDIT,TJJ681364079@non.cogeco.ca,0.15,0.09,26-35,OTHER,60k-100k,1M-2M,0-500,9
145499,F,Ottawa,ON,CHEATLEY MAXINE,21,False,,Others,9857.0,False,0.0,629.0,False,False,913,6205.32,435.0,Savings,10,38.0,True,520.17,,False,False,2,High,4,1,5,683-805-5374T,5415 9032T 6742 8749,CREDIT,TCHEATLEY_MAXINE72@fake.mail.com,0.14,0.11,18-25,OTHER,0-30k,0-200k,500-1k,5
113073,M,Vancouver,BC,JOE SMITH,30,False,,Asian,66097.0,True,1095918.0,0.0,True,False,2810,11523.21,664.0,Credit; Checking,11,7.68,False,17.6,Mortgage,True,False,3,Low,4,1,5,778-980-7176T,4514 0152T 4557 7736,CREDIT,TJS570216@synth.icloud.com,0.13,0.13,26-35,OTHER,60k-100k,1M-2M,0-500,21
92764,M,Montreal,QC,ALEXANDER RICK,29,False,,Others,78418.0,True,615086.0,0.0,True,False,3672,31760.73,676.0,Credit; Investment; Checking,13,11.75,False,21.92,Mortgage,True,True,5,Medium,2,1,4,468-168-4645T,5415 9021T 4933 2333,CREDIT,TAR591041@test.gmail.com,0.18,0.21,26-35,OTHER,60k-100k,500k-1M,0-500,20
63091,M,Toronto,ON,LEWIS RONALD,48,True,,White,100740.0,True,1026891.0,0.0,True,False,8395,25619.38,796.0,Checking,32,37.0,True,5305.91,Mortgage,True,False,4,Medium,6,3,1,365-352-6866T,4510 1655T 6512 1800,DEBIT,TLR335925@fake.att.net,0.15,0.47,46-55,White,100k-200k,1M-2M,0-500,7
148391,M,Ottawa,ON,WEBBER LONNIE,36,False,,Asian,93053.0,True,668098.0,0.0,True,False,5757,20459.14,710.0,Investment,13,32.0,True,3609.62,Mortgage,False,False,1,High,5,3,2,343-323-4646T,4512 2312T 2302 9911,CREDIT,TWL537017@non.iCloud.com,0.14,0.13,26-35,OTHER,60k-100k,500k-1M,0-500,7
151333,F,Ottawa,ON,TIMOTHY WATSON,37,False,,White,178088.0,True,844322.0,0.0,True,False,14841,28369.83,756.0,Checking,4,88.0,True,9571.73,Mortgage,False,False,3,High,4,4,1,365-588-7699T,5415 9085T 8653 3178,CREDIT,TculturedTacos1TIWA@fake.yahoo.com,0.14,0.14,36-45,White,100k-200k,500k-1M,0-500,9
128318,M,Calgary,AB,MONROE BRIAN,42,False,,Asian,84439.0,True,690570.0,0.0,True,False,4525,18288.92,686.0,Credit,10,17.15,False,22.25,Auto Loan,True,True,10,Medium,2,5,1,403-638-3651T,4519 9228T 9046 4036,DEBIT,TMB257830@fake.cogeco.ca,0.14,0.73,36-45,OTHER,60k-100k,500k-1M,0-500,5
103427,M,Vancouver,BC,SAMRA GIAN,44,True,7REBsviG,Asian,101730.0,True,1142802.0,0.0,True,False,8478,42241.06,746.0,Credit,4,15.55,False,59.45,Mortgage,True,False,0,Low,4,1,4,778-602-6319T,4510 1396T 1824 1672,CREDIT,TSG7896480@fake.neo.com,0.13,0.09,36-45,OTHER,100k-200k,1M-2M,0-500,5
79702,F,Montreal,QC,FALARDEAU DENISE,27,False,,Black,68357.0,True,591582.0,0.0,True,False,3669,22847.8,646.0,Checking,4,9.18,False,9.77,Mortgage,False,False,0,Low,6,0,8,819-180-1986T,4510 1572T 0280 0968,CREDIT,TFALARDEAU_DENISE89@synth.zoho.com,0.18,0.11,26-35,OTHER,60k-100k,500k-1M,0-500,21
190070,M,Brampton,ON,LECOURS STEVEN,38,False,,Black,123751.0,True,1284667.0,0.0,True,False,10313,26615.26,774.0,Credit; Investment; Checking,4,12.83,False,36.25,,True,False,7,Medium,2,1,4,226-901-9444T,4519 9232T 2332 1402,DEBIT,TLS84559841@non.att.net,0.17,0.99,36-45,OTHER,100k-200k,1M-2M,0-500,7
71757,F,Toronto,ON,WISEMAN JUANITA,35,False,,Asian,84656.0,True,1074944.0,0.0,True,True,4501,35513.41,850.0,Checking,10,6.47,False,27.47,Mortgage,True,False,7,Low,6,0,7,683-882-3742T,4510 1690T 6192 1655,DEBIT,TWJ9931864196@synth.iCloud.com,0.15,0.23,26-35,OTHER,60k-100k,1M-2M,0-500,7
189421,F,Brampton,ON,SCHUNK GENTLE-DE,39,True,tmKKjYfy,Asian,118742.7,True,1153751.0,0.0,True,False,9895,24928.96,796.0,Credit; Investment; Joint,28,40.0,True,6615.86,Mortgage,False,False,0,Low,4,0,4,249-899-3492T,4510 1386T 3825 9113,CREDIT,TmorbidFalcon1SCGE@non.att.net,0.17,0.1,36-45,OTHER,100k-200k,1M-2M,0-500,8
111995,F,Vancouver,BC,PEINSZNSKI PAULA,46,False,,White,93856.0,True,1095555.0,0.0,True,False,3922,54789.9,769.0,Investment,19,34.0,True,2822.75,Mortgage,False,False,0,High,4,4,4,236-999-1011T,4519 9289T 1982 9324,DEBIT,TPP491244@rand.netZero.com,0.13,0.17,36-45,White,60k-100k,1M-2M,0-500,14
118090,M,Vancouver,BC,NIEMANN ALAN,36,False,,Asian,80776.0,True,1190435.0,0.0,True,False,4195,27322.05,713.0,Credit; Checking,4,11.25,False,20.92,Mortgage,True,False,0,Medium,2,4,2,778-828-2443T,5415 9090T 4040 7307,CREDIT,TNA586968242@non.iCloud.com,0.13,0.41,26-35,OTHER,60k-100k,1M-2M,0-500,21
39864,F,Toronto,ON,EBERT SALLY,44,False,,Asian,76117.0,True,1264193.0,0.0,True,False,3187,27251.26,704.0,Credit,4,54.0,True,1785.35,Mortgage,True,False,0,High,3,3,2,548-463-8729T,4514 0113T 9521 0847,CREDIT,TcuriousHoopoe0EBSA@fake.neo.com,0.15,0.18,36-45,OTHER,60k-100k,1M-2M,0-500,69
56947,M,Toronto,ON,MARION RONALD,36,False,,Asian,97725.0,True,1219921.0,0.0,False,False,4968,62587.28,717.0,Checking,4,21.72,False,27.57,Mortgage,True,False,2,Medium,2,2,3,705-981-2972T,4512 2359T 6123 3769,CREDIT,TMR294149178@fake.aol.com,0.15,0.1,26-35,OTHER,60k-100k,1M-2M,0-500,9
118814,M,Vancouver,BC,JESSE CLARKE,30,True,6yK0Awga,White,70370.95,True,1305141.0,0.0,True,False,3695,16500.58,717.0,Credit,19,8.32,False,30.34,Mortgage,True,False,9,Medium,2,0,7,672-360-8587T,4514 0195T 3198 7864,CREDIT,TJC076338371@test.jumo.com,0.13,0.13,26-35,White,60k-100k,1M-2M,0-500,8
60493,F,Toronto,ON,JARVIS PEGGY,45,False,,White,82442.0,True,1168677.0,0.0,True,False,3495,55101.55,719.0,Investment,5,103.0,True,2624.99,Mortgage,False,True,0,High,4,0,4,613-312-9081T,4519 9289T 6818 8751,DEBIT,TJP349115@synth.cogeco.ca,0.15,0.07,36-45,White,60k-100k,1M-2M,0-500,42
69567,F,Toronto,ON,FLYNN LORI,28,False,,Asian,65797.0,True,1039928.0,0.0,False,False,3139,12081.59,647.0,Checking,16,5.99,False,26.59,Mortgage,True,True,0,Low,4,0,7,683-659-8451T,4519 9228T 7066 8026,DEBIT,TFL27616709@non.netZero.com,0.15,0.24,26-35,OTHER,60k-100k,1M-2M,0-500,11
15728,M,Toronto,ON,WILL BRUCE,32,False,,White,74189.0,True,1004388.0,0.0,True,False,3551,13337.36,703.0,Checking,2,9.82,False,30.56,Mortgage,False,False,2,Low,5,1,4,249-582-7816T,5415 9026T 7754 0965,CREDIT,TWB87970788@test.outlook.com,0.15,0.11,26-35,White,60k-100k,1M-2M,0-500,23
44363,F,Toronto,ON,GABRIEL MARSHALL,39,False,,White,66563.0,True,1100140.0,0.0,True,False,3578,17846.01,663.0,Checking,4,12.54,False,53.06,Mortgage,True,True,0,Medium,2,0,8,683-431-9545T,4512 2367T 3939 8971,CREDIT,TpuzzledOtter6GAMA@non.icloud.com,0.15,0.13,36-45,White,60k-100k,1M-2M,0-500,42
163590,M,Quebec City,QC,GRANT STEWART,38,False,,White,81531.0,True,372776.0,0.0,True,False,4123,11543.21,666.0,Credit,7,9.61,False,63.58,Mortgage,True,False,3,Low,6,2,3,367-714-5097T,4512 2390T 4058 8738,CREDIT,TGRANTSTEWART@synth.mail.com,0.16,0.23,36-45,White,60k-100k,200k-500k,0-500,7
68953,F,Toronto,ON,BROWN JOANN,43,True,,Asian,97718.0,True,1226169.0,0.0,True,False,5979,41133.66,752.0,Checking,11,38.0,True,3039.82,Mortgage,True,False,8,Medium,5,0,6,742-817-7492T,4512 2359T 1570 9224,CREDIT,TbetrayedCrane6BRJO@rand.netZero.com,0.15,0.08,36-45,OTHER,60k-100k,1M-2M,0-500,36
136775,M,Edmonton,AB,TENN LEIGHTON,36,False,,White,78113.0,True,418015.0,0.0,True,False,4267,45576.31,673.0,Investment,9,34.0,True,3223.63,Personal Loan,True,False,0,High,4,4,1,780-410-6337T,4514 0150T 7365 2444,CREDIT,TTL7730224@synth.neo.com,0.16,0.27,26-35,White,60k-100k,200k-500k,0-500,16
121965,F,Vancouver,BC,WARREN HEATHER,46,True,,Asian,89026.0,True,1182456.0,0.0,True,False,4717,69152.23,800.0,Joint,4,97.0,True,2507.57,Mortgage,True,True,12,High,4,2,4,604-531-4762T,4510 1544T 7482 6693,CREDIT,TWH80834764@non.proton.com,0.13,0.1,36-45,OTHER,60k-100k,1M-2M,0-500,12
117314,F,Vancouver,BC,SHERI HARRIS,31,False,,Latino,74432.0,True,1366147.0,0.0,True,False,3666,42990.56,723.0,Investment,14,15.44,False,17.01,Mortgage,True,False,0,Medium,2,0,6,672-886-8390T,4510 1527T 8722 3940,CREDIT,TSH768255399@non.comcast.net,0.13,0.17,26-35,OTHER,60k-100k,1M-2M,0-500,16
17731,M,Toronto,ON,GIRARDO PRIMO,40,False,,Asian,92609.0,True,1308721.0,0.0,True,False,3959,50559.62,741.0,Checking,23,48.0,True,2637.36,Mortgage,True,False,6,High,4,3,3,753-315-3007T,4510 1390T 0148 4291,CREDIT,TGIPRboredLion01965@fake.mail.com,0.15,0.24,36-45,OTHER,60k-100k,1M-2M,0-500,40
162272,F,Quebec City,QC,FLEURENT STEPHANE,42,False,,White,83719.0,True,389421.0,0.0,True,False,4735,18797.13,652.0,Credit; Checking,16,108.0,True,3207.2,Mortgage,False,False,9,High,4,0,4,468-184-6560T,4510 1643T 8715 9397,DEBIT,TFS5752330560@non.netZero.com,0.16,0.06,36-45,White,60k-100k,200k-500k,0-500,8
62917,M,Toronto,ON,VANDERSTARREN RICK,49,False,,Asian,103974.0,True,1213231.0,0.0,True,False,8664,42549.25,762.0,Credit,36,66.0,True,6299.37,Mortgage,True,False,8,High,4,3,1,249-591-7562T,4512 2358T 2591 0949,CREDIT,TVANDERSTARRENRICK@test.bla.com,0.15,0.33,46-55,OTHER,100k-200k,1M-2M,0-500,13
180508,M,Mississauga,ON,BOHM JOHN,40,False,,White,115154.0,True,1182904.0,0.0,True,False,9596,16557.34,738.0,Checking; Investment; Credit,29,13.32,False,53.95,Mortgage,False,False,0,Medium,2,3,3,289-569-9762T,4510 1611T 6559 9377,DEBIT,TBJ82348@fake.bla.com,0.17,0.13,36-45,White,100k-200k,1M-2M,0-500,7
114570,F,Vancouver,BC,TAMRE JANINA,33,True,amKvpBUm,Asian,68447.61,True,1406978.0,0.0,True,False,3614,8576.15,708.0,Checking; Credit,9,8.53,False,35.38,Mortgage,False,False,9,High,1,0,4,672-358-9829T,4519 9286T 0828 7414,DEBIT,TTJ590188584@test.proton.com,0.13,0.07,26-35,OTHER,60k-100k,1M-2M,0-500,8
11900,F,Toronto,ON,LIANG PING,47,False,,White,91471.0,True,1053807.0,0.0,True,False,4909,41025.67,752.0,Investment,4,46.0,True,2631.54,Personal Loan,True,False,0,High,5,3,4,226-829-7869T,4510 1664T 6837 8304,DEBIT,TLP377340830@fake.live.com,0.15,0.16,46-55,White,60k-100k,1M-2M,0-500,6
50803,F,Toronto,ON,THERESA FITZGERALD,23,False,,White,51499.0,False,0.0,1205.0,True,False,2484,7318.97,477.0,Credit,7,15.86,False,9.67,,False,False,0,Medium,2,0,6,613-103-3211T,4510 1376T 3270 6438,CREDIT,TTHERESA_FITZGERALD43@non.outlook.com,0.15,0.07,18-25,White,30k-60k,0-200k,1k-2k,5
81829,F,Montreal,QC,PROULX CARMEN,40,False,,White,83545.0,True,759352.0,0.0,True,True,5227,16911.04,826.0,Credit,25,18.59,False,42.86,Personal Loan,True,False,0,Low,6,4,2,450-103-2265T,4510 1369T 1575 6589,CREDIT,TPC7172749@non.att.net,0.18,0.39,36-45,White,60k-100k,500k-1M,0-500,7
117772,M,Vancouver,BC,DE-RAADT JOHN,47,False,,Asian,88834.0,True,1380409.0,0.0,True,False,4675,100688.12,765.0,Investment,24,50.0,True,2902.37,Mortgage,True,False,3,Medium,6,2,3,672-158-6942T,4510 1385T 9971 6806,CREDIT,TDJ743190570@test.comcast.net,0.13,0.18,46-55,OTHER,60k-100k,1M-2M,0-500,5
13219,M,Toronto,ON,MASON DAVE,36,False,,Asian,108732.0,True,1113601.0,0.0,True,False,9061,12731.53,721.0,Checking,4,9.98,False,48.26,Mortgage,True,True,11,Low,4,0,5,416-786-8481T,4510 1379T 1815 3166,CREDIT,TMADAobsessedOrange61962@fake.comcast.net,0.15,0.17,26-35,OTHER,100k-200k,1M-2M,0-500,21
217681,M,Markham,ON,EDWARD BLAKE,31,True,6qZHBFiL,Asian,95507.0,True,1027785.0,0.0,True,False,4622,30469.74,765.0,Joint,16,12.43,False,10.95,Mortgage,True,False,0,Medium,2,0,6,683-661-7022T,5415 9047T 3752 5774,CREDIT,TEDWARDBLAKE@rand.mail.com,0.12,0.16,26-35,OTHER,60k-100k,1M-2M,0-500,5
215711,M,Markham,ON,SHIELDS WM,35,True,,Asian,72166.0,True,1274505.0,0.0,True,False,4142,62321.19,759.0,Checking,16,12.95,False,7.75,,False,False,6,Medium,2,4,1,705-316-7179T,4519 9288T 1873 1945,DEBIT,TSW288204@fake.jumo.com,0.12,0.34,26-35,OTHER,60k-100k,1M-2M,0-500,5
44659,F,Toronto,ON,HARVEY LA,36,True,Pjfu4V2h,Asian,122615.79,True,1051301.0,0.0,True,False,8319,32099.62,789.0,Joint,21,13.03,False,24.36,Mortgage,True,True,7,Low,6,1,6,647-948-6514T,4514 0199T 5330 8129,CREDIT,THL439401607@fake.iCloud.com,0.15,0.33,26-35,OTHER,100k-200k,1M-2M,0-500,5
58463,F,Toronto,ON,LAGUNJU ANNE,43,False,,Asian,82076.0,True,1013473.0,0.0,True,False,4797,57159.34,746.0,Investment,1,76.0,True,3812.74,Mortgage,True,False,10,High,4,2,3,416-554-7984T,4512 2384T 7406 3544,CREDIT,TLA85546279@rand.att.net,0.15,0.17,36-45,OTHER,60k-100k,1M-2M,0-500,69
4861,F,Toronto,ON,IRWIN KRISTINA,21,False,,Others,32995.0,False,0.0,990.0,False,False,1460,2137.49,430.0,Savings,6,11.19,False,4.87,,False,False,0,Medium,2,0,7,647-526-1935T,4514 0165T 9363 1215,CREDIT,TIRWINF93@synth.jumo.com,0.15,0.08,18-25,OTHER,30k-60k,0-200k,500-1k,5
63249,F,Toronto,ON,PHILBIN DONNA,36,False,,Asian,95217.0,True,1002539.0,0.0,True,False,5156,64619.23,748.0,Investment; Checking,15,111.0,True,3807.34,,True,True,0,High,4,2,5,683-841-9604T,4519 9213T 2107 0327,DEBIT,TPD866764184@synth.comcast.net,0.15,0.1,26-35,OTHER,60k-100k,1M-2M,0-500,63
7714,M,Toronto,ON,BAETZ ARTHUR,27,False,,Asian,74240.0,True,628200.0,0.0,True,False,3448,18633.73,658.0,Checking,14,13.12,False,18.55,Mortgage,True,True,3,Low,6,5,1,753-399-7416T,4510 1679T 2818 8337,DEBIT,TBAETZ_ARTHUR6@synth.neo.com,0.15,0.78,26-35,OTHER,60k-100k,500k-1M,0-500,19
20866,F,Toronto,ON,GAGNON JOCELYNE,39,False,,White,88875.0,True,1001923.0,0.0,True,False,3781,52418.94,741.0,Credit; Investment; Checking,21,34.0,True,2288.99,,True,False,0,High,4,1,6,249-859-9527T,4512 2342T 8389 1749,CREDIT,TGJ8625382@test.proton.com,0.15,0.07,36-45,White,60k-100k,1M-2M,0-500,42
19774,M,Toronto,ON,DELANY BARKER,45,True,1EP0nrKu,White,150425.19,True,1396977.0,0.0,True,False,12535,39826.34,785.0,Checking; Credit; Joint; Investment,31,87.0,True,7551.58,Mortgage,False,True,0,High,4,0,5,289-783-5873T,4510 1634T 6052 1514,DEBIT,TDB418856@fake.live.com,0.15,0.1,36-45,White,100k-200k,1M-2M,0-500,16
51193,M,Toronto,ON,FRANK SMITH,40,False,,White,116330.0,True,1322301.0,0.0,True,False,7341,16836.72,734.0,Checking,26,15.4,False,17.39,Mortgage,False,False,0,Medium,2,0,5,226-464-5101T,4510 1563T 9400 8165,CREDIT,TFRANKSMITH@fake.live.com,0.15,0.07,36-45,White,100k-200k,1M-2M,0-500,19
37329,M,Toronto,ON,HINGSTON RANDY,44,True,1C8pqAAY,Black,118211.11,True,1375645.0,0.0,True,False,9851,13415.74,766.0,Joint,19,62.0,True,6322.03,Mortgage,False,False,9,High,4,0,1,647-211-8095T,4519 9236T 7648 4971,DEBIT,THR95642721@non.aol.com,0.15,0.11,36-45,OTHER,100k-200k,1M-2M,0-500,22
50119,F,Toronto,ON,MERTLING BRIGETTE,30,False,,Asian,76584.0,True,1034079.0,0.0,True,False,3213,50729.82,703.0,Credit,17,107.0,True,2490.62,Mortgage,True,False,0,High,3,2,3,742-966-2537T,4512 2390T 5787 4119,CREDIT,TMB44937238@non.cogeco.ca,0.15,0.08,26-35,OTHER,60k-100k,1M-2M,0-500,63
14832,F,Toronto,ON,DEWHIRST STACIE,20,False,,Others,9032.0,False,0.0,847.0,False,False,810,3850.94,394.0,Checking; Savings,8,31.44,False,23.25,,False,False,0,Medium,2,0,6,249-944-1349T,5415 9069T 9214 6471,CREDIT,TDEWHIRST_STACIE21@non.aol.com,0.15,0.09,18-25,OTHER,0-30k,0-200k,500-1k,15
25229,F,Toronto,ON,AMANDA COX,44,False,,White,85122.0,True,1037327.0,0.0,True,False,3860,33439.53,733.0,Credit,15,15.82,False,27.46,Mortgage,True,True,0,Medium,2,0,7,249-166-3296T,4514 0188T 7593 9219,CREDIT,TrelievedHare7AMCO@test.jumo.com,0.15,0.07,36-45,White,60k-100k,1M-2M,0-500,42
94741,F,Montreal,QC,SAMSON FRANCESCA,35,False,,White,70696.0,True,521115.0,0.0,True,False,3733,14967.96,675.0,Credit,15,12.18,False,29.17,Personal Loan,False,False,0,Medium,2,1,4,438-834-1566T,4510 1678T 5677 0407,DEBIT,TSF261994397@synth.iCloud.com,0.18,0.04,26-35,White,60k-100k,500k-1M,0-500,28
100775,M,Montreal,QC,RIBERDY DENIS,46,False,,White,65196.0,True,571196.0,0.0,False,False,4163,7113.57,662.0,Checking,25,75.0,True,2749.52,Mortgage,False,False,7,High,4,0,5,468-613-4252T,4510 1524T 2056 2203,CREDIT,TRD02522992@non.comcast.net,0.18,0.14,36-45,White,60k-100k,500k-1M,0-500,11
89622,M,Montreal,QC,RICHARD HUBERT,36,False,,Others,83462.0,True,548304.0,0.0,True,False,4692,12356.86,678.0,Checking; Investment,4,15.92,False,31.52,Mortgage,False,True,0,Medium,2,0,5,438-990-8855T,4510 1381T 2519 2479,CREDIT,TRH9049574903@non.bla.com,0.18,0.1,26-35,OTHER,60k-100k,500k-1M,0-500,20
104166,F,Vancouver,BC,OWEN FABIOLA,32,False,,Asian,73287.0,True,1420860.0,0.0,True,False,3386,11874.66,705.0,Checking,14,9.71,False,28.44,Mortgage,False,False,9,Low,4,0,6,604-292-1189T,4510 1388T 4794 7870,CREDIT,TOF5009801030@synth.iCloud.com,0.13,0.08,26-35,OTHER,60k-100k,1M-2M,0-500,16
1642,F,Toronto,ON,TAYLOR WILLIAMS,30,False,,Asian,73655.0,True,1037658.0,0.0,True,False,3822,7438.83,672.0,Checking,15,5.95,False,8.43,Mortgage,False,False,1,Low,4,0,7,613-330-9441T,5415 9067T 2753 3395,CREDIT,TTW4846223@test.yahoo.com,0.15,0.09,26-35,OTHER,60k-100k,1M-2M,0-500,63
187285,M,Brampton,ON,LYTLE JOHN,28,True,,Asian,127991.0,True,1182672.0,0.0,True,False,7065,14001.21,773.0,Joint,4,11.01,False,29.65,Mortgage,True,False,0,Medium,2,0,5,343-893-9663T,4510 1397T 3678 0093,CREDIT,TLYTLE_JOHN49@synth.aol.com,0.17,0.12,26-35,OTHER,100k-200k,1M-2M,0-500,6
11702,F,Toronto,ON,MORRISON PATRICIA,37,True,,Asian,87244.0,True,1006516.0,0.0,True,False,4145,22170.45,733.0,Checking,19,13.98,False,13.34,Mortgage,True,False,0,Low,4,1,5,548-359-8655T,4510 1632T 3429 5265,DEBIT,TMP91631@synth.hotmail.com,0.15,0.07,36-45,OTHER,60k-100k,1M-2M,0-500,36
111377,M,Vancouver,BC,MCCRAE WILLIAM,34,False,,White,93956.0,True,1489347.0,0.0,True,False,2982,15592.75,684.0,Checking,8,7.63,False,15.54,Mortgage,False,False,0,Low,6,1,4,604-483-7367T,4510 1661T 9068 9370,DEBIT,TMW891042@rand.netZero.com,0.13,0.25,26-35,White,60k-100k,1M-2M,0-500,9
158801,F,Winnipeg,MB,BAPTISTE CRYSTAL,44,False,,White,65284.0,True,367227.0,0.0,True,False,3679,16434.66,626.0,Credit,17,89.0,True,2482.08,Mortgage,False,False,0,High,5,0,8,584-319-3867T,4510 1337T 4256 9984,CREDIT,TBC89622375@test.cogeco.ca,0.18,0.11,36-45,White,60k-100k,200k-500k,0-500,8
2986,M,Toronto,ON,DANIEL PEREZ,36,False,,White,100762.0,True,1239289.0,0.0,False,False,8397,3747.42,691.0,Credit,20,13.81,False,59.34,Mortgage,True,False,3,Low,6,0,5,416-540-6517T,4510 1529T 7640 8047,CREDIT,TDP6547@non.icloud.com,0.15,0.27,26-35,White,100k-200k,1M-2M,0-500,5
203359,M,Halifax,NS,SAMUEL MAYO,27,False,,White,98666.0,True,444390.0,0.0,True,False,2571,40283.89,717.0,Credit,4,90.0,True,1402.2,Mortgage,True,False,0,High,4,5,1,782-628-1920T,4510 1596T 3615 0588,CREDIT,TSAMUELM11@rand.jumo.com,0.14,0.28,26-35,White,60k-100k,200k-500k,0-500,5
41525,F,Toronto,ON,RIVEST NANCY,48,True,,Asian,92314.0,True,1158080.0,0.0,True,False,5018,26090.48,769.0,Investment,25,16.84,False,58.87,Mortgage,True,False,9,Medium,2,2,3,365-788-2623T,4512 2359T 3669 9082,CREDIT,TRN24575@fake.att.net,0.15,0.11,46-55,OTHER,60k-100k,1M-2M,0-500,11
32371,M,Toronto,ON,JASON BURTON,29,False,,White,118703.0,True,1163706.0,0.0,True,False,4185,24723.46,729.0,Investment; Checking; Credit,4,0.35,False,61.42,,True,True,5,Low,5,0,6,289-114-8307T,4512 2338T 4811 5194,CREDIT,TJB1212665281@rand.mail.com,0.15,0.23,26-35,White,100k-200k,1M-2M,0-500,16
95677,M,Montreal,QC,BRAULT KEVIN,27,False,,Asian,76626.0,True,703526.0,0.0,True,False,3521,18567.63,655.0,Checking,4,88.0,True,1928.47,Mortgage,False,True,0,High,3,2,3,514-855-5503T,4510 1551T 0818 6587,CREDIT,TBRAULT_KEVIN24@synth.aol.com,0.18,0.08,26-35,OTHER,60k-100k,500k-1M,0-500,20
158709,F,Winnipeg,MB,KENTNER MARLENE,27,False,,White,89281.0,True,414121.0,0.0,True,False,2340,14015.47,661.0,Credit,4,12.74,False,36.76,Personal Loan,False,False,0,Medium,2,0,7,431-296-1102T,4510 1656T 1403 7506,DEBIT,TKENTNER_MARLENE74@fake.cogeco.ca,0.18,0.12,26-35,White,60k-100k,200k-500k,0-500,5
57287,M,Toronto,ON,LEE JAMES,26,False,,Asian,77536.0,True,944701.0,0.0,True,False,2970,37453.11,687.0,Investment,13,8.07,False,37.3,Mortgage,True,True,4,Low,5,3,1,519-345-3053T,4510 1548T 2655 0003,CREDIT,TLEE_JAMES46@non.gmail.com,0.15,0.44,18-25,OTHER,60k-100k,500k-1M,0-500,5
43992,M,Toronto,ON,FREDERICK MICHAEL,49,True,QsmNMj6Y,White,81803.0,True,1198883.0,0.0,True,False,4964,72042.68,801.0,Joint; Checking; Investment,16,32.0,True,3436.0,Mortgage,True,False,0,High,4,3,1,416-192-1439T,4510 1615T 6576 9993,DEBIT,TFREDERICKMICHAEL@fake.zoho.com,0.15,0.12,46-55,White,60k-100k,1M-2M,0-500,9
19381,M,Toronto,ON,DEVLIN JOHN,29,False,,White,61432.0,True,870329.0,0.0,True,False,3375,14404.06,643.0,Checking,17,42.0,True,2689.15,Mortgage,True,False,7,High,4,0,6,647-685-7636T,4514 0180T 1182 2866,CREDIT,TDEVLINM39@non.netZero.com,0.15,0.16,26-35,White,60k-100k,500k-1M,0-500,19
40191,F,Toronto,ON,BLOCK LILLIAN,40,True,,Asian,62194.0,True,1140408.0,0.0,True,False,3708,35017.7,741.0,Checking,4,12.71,False,50.42,Mortgage,True,True,8,Medium,2,0,8,905-412-1043T,4510 1385T 5721 4710,CREDIT,TBL50021@test.mail.com,0.15,0.1,36-45,OTHER,60k-100k,1M-2M,0-500,36
48167,F,Toronto,ON,CHOW HELENA,43,False,,Asian,105711.0,True,1385929.0,0.0,True,False,8809,36853.15,734.0,Investment,13,17.61,False,70.56,Mortgage,False,False,0,Medium,2,3,2,226-146-2639T,4514 0172T 2830 2945,CREDIT,TrelievedCamel9CHHE@test.att.net,0.15,0.34,36-45,OTHER,100k-200k,1M-2M,0-500,14
14211,M,Toronto,ON,RHODES DAVID,34,True,,White,66520.0,True,1050246.0,0.0,True,False,3292,13970.68,699.0,Checking,12,7.37,False,27.95,Mortgage,False,False,7,Low,6,3,4,613-774-2888T,5415 9040T 8551 3084,CREDIT,TRHDApluckyGnu81974@rand.att.net,0.15,0.54,26-35,White,60k-100k,1M-2M,0-500,11
86468,F,Montreal,QC,PARE FRANCE,48,False,,White,70239.0,True,678946.0,0.0,True,False,3467,38333.24,693.0,Credit,32,119.0,True,1737.17,Mortgage,True,False,0,High,5,0,6,468-875-4059T,4512 2372T 2065 4871,CREDIT,TPF81170948@test.icloud.com,0.18,0.07,46-55,White,60k-100k,500k-1M,0-500,7
21785,M,Toronto,ON,PFAFF WILLIAM,36,True,,Asian,110125.0,True,1353585.0,0.0,True,False,9177,33219.7,776.0,Credit,10,20.28,False,61.27,Mortgage,False,True,12,Medium,2,4,1,343-950-8217T,4510 1574T 7521 7185,CREDIT,TPW547879@test.iCloud.com,0.15,0.28,26-35,OTHER,100k-200k,1M-2M,0-500,18
67722,F,Toronto,ON,STEINER ERICA,36,True,,Asian,93477.0,True,936535.0,0.0,True,False,4995,29503.63,719.0,Joint,4,14.69,False,34.86,Auto Loan,True,False,0,Low,4,0,6,437-659-3152T,4510 1552T 7922 6050,CREDIT,TSE05636878@rand.icloud.com,0.15,0.11,26-35,OTHER,60k-100k,500k-1M,0-500,5
29021,F,Toronto,ON,BROAD GOLDIE,44,False,,Asian,82621.0,True,1298024.0,0.0,True,False,4013,96726.22,722.0,Investment; Credit,13,15.94,False,31.74,Personal Loan,False,False,0,Medium,2,1,6,647-618-5573T,4510 1628T 8406 9954,DEBIT,TpuzzledPaella8BRGO@synth.jumo.com,0.15,0.07,36-45,OTHER,60k-100k,1M-2M,0-500,69
109754,M,Vancouver,BC,WILSON AL,36,False,,Asian,94717.0,True,1248640.0,0.0,True,False,4736,24749.78,719.0,Credit,10,68.0,True,2837.46,Mortgage,False,False,5,High,4,2,2,250-694-9676T,5415 9094T 6240 2281,CREDIT,TWILSONAL@rand.mail.com,0.13,0.16,26-35,OTHER,60k-100k,1M-2M,0-500,21
27068,M,Toronto,ON,GEIER WM,38,True,KS6FUe0r,Asian,81148.0,True,942994.0,0.0,True,False,4403,26552.77,750.0,Investment,4,78.0,True,2870.0,Mortgage,True,False,4,High,4,0,6,343-252-9505T,4510 1318T 0775 4433,CREDIT,TGW14808@fake.bla.com,0.15,0.05,36-45,OTHER,60k-100k,500k-1M,0-500,8
49268,F,Toronto,ON,SARLO NANCY,34,True,,White,107224.0,True,1034199.0,0.0,True,False,8935,5914.39,730.0,Investment,23,12.9,False,23.13,,True,False,0,Medium,2,0,7,343-256-9990T,5415 9049T 5526 4724,CREDIT,TSN7253402@fake.gmail.com,0.15,0.06,26-35,White,100k-200k,1M-2M,0-500,7
84801,M,Montreal,QC,GAGNON ROGER,36,False,,White,84706.0,True,527833.0,0.0,False,False,3973,20101.58,642.0,Credit,26,11.06,False,38.27,Mortgage,False,False,7,Medium,2,0,4,263-191-9311T,4514 0182T 8985 9953,CREDIT,TGR99106300@non.mail.com,0.18,0.07,26-35,White,60k-100k,500k-1M,0-500,7
46731,M,Toronto,ON,MEGHAN FRIEDMAN,31,False,,Asian,91411.0,True,634834.0,0.0,True,False,3640,16980.96,696.0,Investment,7,8.18,False,3.1,Personal Loan,True,False,11,Low,6,3,3,705-607-9631T,5415 9090T 4121 0819,CREDIT,TMEGHANFRIEDMAN@synth.netZero.com,0.15,0.75,26-35,OTHER,60k-100k,500k-1M,0-500,19
49780,F,Toronto,ON,CHISHOLM KITTY,36,False,,White,108386.0,True,1123606.0,0.0,True,False,9032,26695.72,754.0,Credit,16,11.24,False,16.17,Mortgage,True,False,4,Low,6,3,4,437-885-7786T,4519 9266T 6062 3223,DEBIT,TCK6044@rand.comcast.net,0.15,0.41,26-35,White,100k-200k,1M-2M,0-500,9
10398,M,Toronto,ON,GUARASCI RALPH,46,True,,White,88781.0,True,1148169.0,0.0,True,False,3936,74957.96,781.0,Checking,4,13.23,False,20.47,Mortgage,False,True,11,Medium,2,2,3,613-477-6238T,4510 1658T 1957 0990,DEBIT,TGURAjumpyWidgeon41983@rand.hotmail.com,0.15,0.13,36-45,White,60k-100k,1M-2M,0-500,21
65999,F,Toronto,ON,COPE SHARON,45,True,7oaXjQkm,Latino,83184.0,True,1326758.0,0.0,True,False,4207,98061.05,747.0,Credit,7,13.0,False,56.67,Personal Loan,True,False,3,Low,6,1,5,226-596-9435T,4510 1360T 3059 3345,CREDIT,TCS83033359@synth.netZero.com,0.15,0.29,36-45,OTHER,60k-100k,1M-2M,0-500,36
49469,M,Toronto,ON,IMBEAU MCCRACKEN,29,True,i1lxUskV,Latino,120553.9,True,1139421.0,0.0,False,False,6319,13301.82,709.0,Checking,17,10.48,False,14.66,Mortgage,True,False,9,Low,6,2,6,705-973-4957T,4512 2349T 5370 0014,CREDIT,TIM88364176@synth.gmail.com,0.15,0.32,26-35,OTHER,100k-200k,1M-2M,0-500,6
142693,F,Ottawa,ON,CRITTENDEN JOYCE,49,True,,White,80085.0,True,846016.0,0.0,True,False,4935,38332.27,770.0,Investment,27,39.0,True,2999.69,,False,False,0,High,3,1,5,613-575-3856T,4510 1685T 5784 1615,DEBIT,TCJ18560@non.outlook.com,0.14,0.09,46-55,White,60k-100k,500k-1M,0-500,5
41747,M,Toronto,ON,SUTTER HENRY,48,False,,White,88438.0,True,1148580.0,0.0,True,False,3859,58498.05,777.0,Checking; Credit; Investment,4,12.69,False,84.42,Mortgage,True,False,8,Low,6,0,5,437-863-2013T,4519 9286T 3635 0420,DEBIT,TSUTTERHENRY@fake.mail.com,0.15,0.26,46-55,White,60k-100k,1M-2M,0-500,11
60676,M,Toronto,ON,TODD LUCAS,36,False,,Asian,96896.0,True,896740.0,0.0,True,True,4865,68065.75,850.0,Investment,14,16.93,False,40.34,Mortgage,False,False,12,Medium,2,3,3,343-744-8279T,4510 1370T 9448 2042,CREDIT,TTL8890461270@test.comcast.net,0.15,0.2,26-35,OTHER,60k-100k,500k-1M,0-500,5
78663,F,Montreal,QC,CORRIVEAU REJEAN,31,False,,White,73061.0,True,569888.0,0.0,True,False,3303,26896.43,689.0,Checking,7,7.14,False,18.46,Mortgage,True,True,0,Low,5,0,5,354-631-4858T,4510 1620T 6131 4737,DEBIT,TalertBass2CORE@non.hotmail.com,0.18,0.14,26-35,White,60k-100k,500k-1M,0-500,28
34290,F,Toronto,ON,TRAVERSE MARSHA,33,False,,White,90207.0,True,1020315.0,0.0,True,True,3345,22274.54,850.0,Credit,9,92.0,True,2102.36,Mortgage,True,True,0,High,4,1,5,289-128-1296T,4512 2367T 0760 6926,CREDIT,TTM791869072@synth.zoho.com,0.15,0.1,26-35,White,60k-100k,1M-2M,0-500,8
68210,F,Toronto,ON,TURNER DAWN,32,False,,White,63632.0,True,1129417.0,0.0,True,False,4009,20856.61,683.0,Credit; Checking,17,8.76,False,47.38,Mortgage,True,True,0,Low,5,0,7,226-600-8443T,4510 1588T 3449 7496,CREDIT,TTD566993@non.yahoo.com,0.15,0.12,26-35,White,60k-100k,1M-2M,0-500,37
11535,F,Toronto,ON,DEMPSTER HELEN,42,True,,Asian,96742.0,True,1011431.0,0.0,False,False,4808,34849.35,746.0,Checking; Investment; Credit,28,43.0,True,3001.45,Mortgage,False,False,6,High,5,1,4,365-337-9841T,5415 9099T 3345 6168,CREDIT,TwrathfulWeaver6DEHE@synth.aol.com,0.15,0.05,36-45,OTHER,60k-100k,1M-2M,0-500,6
420,M,Toronto,ON,GULYCH GRANT,24,False,,White,83772.0,False,0.0,1007.0,True,False,2182,16863.18,533.0,Investment,7,31.0,True,1273.14,,False,False,0,High,4,1,3,647-500-6831T,4510 1387T 7518 8049,CREDIT,TGG83357800@synth.att.net,0.15,0.14,18-25,White,60k-100k,0-200k,1k-2k,10
174882,F,Hamilton,ON,ERIC RODRIGUEZ,45,False,,White,78663.0,True,823229.0,0.0,True,False,4121,76858.62,750.0,Investment,33,12.57,False,41.63,Mortgage,True,False,7,Medium,2,1,4,683-155-2373T,4510 1619T 4610 8850,DEBIT,TER60446@fake.iCloud.com,0.15,0.11,36-45,White,60k-100k,500k-1M,0-500,8
87641,F,Montreal,QC,BEAULIEU SONIA,44,False,,White,73492.0,True,687851.0,0.0,True,False,3562,44062.86,714.0,Checking,21,49.0,True,2207.33,Mortgage,False,False,0,Medium,6,4,1,468-263-7040T,4514 0161T 7345 9873,CREDIT,TBS7456@synth.icloud.com,0.18,0.22,36-45,White,60k-100k,500k-1M,0-500,21
72818,F,Toronto,ON,ANGUS LISA,37,False,,Asian,88203.0,True,1077967.0,0.0,True,False,3671,41572.81,712.0,Investment,4,20.64,False,23.1,Mortgage,True,False,0,Medium,2,0,6,705-858-1435T,5415 9082T 2364 8885,CREDIT,TAL04682899@synth.att.net,0.15,0.05,36-45,OTHER,60k-100k,1M-2M,0-500,69
142900,M,Ottawa,ON,SABARATNAM JOHN,32,False,,White,94983.0,True,705564.0,0.0,True,False,2878,41635.41,722.0,Checking,1,99.0,True,1536.88,Mortgage,True,False,0,High,4,2,3,416-904-9294T,4510 1335T 1542 9058,CREDIT,TSABARATNAMJOHN@rand.hotmail.com,0.14,0.12,26-35,White,60k-100k,500k-1M,0-500,7
14102,F,Toronto,ON,KELLERMAN MAUREEN,20,False,,Black,24010.0,False,0.0,900.0,False,False,1580,3278.72,427.0,Savings,13,6.72,False,489.41,,False,True,0,Medium,2,1,5,365-182-3072T,4512 2313T 9055 6243,CREDIT,TKELLERMANF6@synth.jumo.com,0.15,0.14,18-25,OTHER,0-30k,0-200k,500-1k,15
168390,M,Hamilton,ON,LIPISCHAK FRANK,27,False,,White,77252.0,True,854992.0,0.0,True,False,3033,22102.82,688.0,Credit,4,8.49,False,42.95,Mortgage,False,False,0,Low,6,2,3,226-189-8822T,5415 9061T 8705 7806,CREDIT,TLIPISCHAKamazedTuna838@non.iCloud.com,0.15,0.23,26-35,White,60k-100k,500k-1M,0-500,9
24187,M,Toronto,ON,TRISTOVSKI BOB,35,False,,White,81991.0,True,903152.0,0.0,True,False,2981,26273.85,696.0,Checking,11,10.47,False,15.38,Personal Loan,False,False,12,Medium,2,0,4,905-862-3325T,4514 0156T 5217 3218,CREDIT,TTB74216284@test.gmail.com,0.15,0.09,26-35,White,60k-100k,500k-1M,0-500,19
188285,F,Brampton,ON,BARTRAM MARY,28,False,,Asian,92024.0,True,1214363.0,0.0,True,False,2404,12568.96,702.0,Checking,10,7.17,False,14.93,,True,False,1,Low,5,1,5,343-880-6924T,5415 9027T 5211 5520,CREDIT,TBARTRAM_MARY89@test.yahoo.com,0.17,0.11,26-35,OTHER,60k-100k,1M-2M,0-500,6
12598,F,Toronto,ON,CUMMINGS KAREN,34,False,,White,69705.0,True,879439.0,0.0,True,False,3648,13711.13,695.0,Credit,13,12.85,False,60.27,Mortgage,True,False,10,Low,4,0,8,289-230-6814T,4512 2325T 6388 9591,CREDIT,TCK4017555686@test.bla.com,0.15,0.1,26-35,White,60k-100k,500k-1M,0-500,14
41899,F,Toronto,ON,WARD PAULINE,22,False,,White,7592.0,False,0.0,946.0,False,False,1105,2033.86,391.0,Savings,8,12.22,False,8.92,,False,True,0,Medium,2,0,6,807-901-4758T,5415 9029T 3796 5411,CREDIT,TWARD_PAULINE86@non.comcast.net,0.15,0.06,18-25,White,0-30k,0-200k,500-1k,10
148040,M,Ottawa,ON,SMITH WARREN,44,False,,White,110357.0,True,945545.0,0.0,True,False,9196,72472.94,774.0,Checking,7,36.0,True,6131.93,Mortgage,True,False,0,High,4,5,1,249-906-1418T,4510 1542T 9134 5363,CREDIT,TSMITHWARREN@rand.iCloud.com,0.14,0.37,36-45,White,100k-200k,500k-1M,0-500,11
58013,F,Toronto,ON,TAN DEBBIE,41,False,,Latino,91472.0,True,1111678.0,0.0,True,True,4632,13899.9,850.0,Credit; Checking,28,99.0,True,2481.3,Personal Loan,False,False,7,High,3,0,8,416-918-2651T,4519 9288T 7049 1179,DEBIT,TTD0908@synth.iCloud.com,0.15,0.06,36-45,OTHER,60k-100k,1M-2M,0-500,12
80217,F,Montreal,QC,LABELLE THERESE,40,False,,Asian,72012.0,True,569887.0,0.0,True,False,3602,21743.43,682.0,Investment,9,9.93,False,44.87,Mortgage,True,False,0,Low,5,1,4,418-987-4618T,4510 1517T 2835 9515,CREDIT,TLT4965270@non.gmail.com,0.18,0.09,36-45,OTHER,60k-100k,500k-1M,0-500,19
30120,M,Toronto,ON,CORDEIRO JOHN,37,False,,White,79802.0,True,999018.0,0.0,True,False,3932,34430.09,733.0,Investment; Checking; Credit,17,104.0,True,2258.4,,False,False,3,High,4,2,2,365-159-6782T,5415 9064T 5140 3731,CREDIT,TCORDEIROJOHN@test.comcast.net,0.15,0.11,36-45,White,60k-100k,500k-1M,0-500,7
59517,M,Toronto,ON,TURNER SAM,33,True,,White,99882.0,True,892624.0,0.0,True,False,5807,37833.23,744.0,Joint,9,31.0,True,3191.55,Personal Loan,True,False,9,Medium,6,2,3,683-655-3294T,4514 0126T 6153 6479,CREDIT,TTS7988384@fake.gmail.com,0.15,0.11,26-35,White,60k-100k,500k-1M,0-500,8
30176,F,Toronto,ON,MAYHEAD HEATHER,41,False,,White,77272.0,True,1214372.0,0.0,False,False,3524,42644.53,677.0,Checking,15,60.0,True,2273.63,Personal Loan,True,True,0,High,4,1,5,683-307-5639T,4519 9260T 2095 3486,DEBIT,TMH8153384501@fake.cogeco.ca,0.15,0.1,36-45,White,60k-100k,1M-2M,0-500,9
104684,F,Vancouver,BC,PARK MIN,31,False,,White,65637.0,True,1334996.0,0.0,False,False,2652,19551.46,648.0,Checking,12,5.84,False,14.87,Mortgage,False,False,3,Low,5,0,7,236-963-6601T,4510 1371T 6574 0622,CREDIT,TPM1087@fake.gmail.com,0.13,0.09,26-35,White,60k-100k,1M-2M,0-500,5
131854,F,Calgary,AB,ZUCHETTO MEAGAN,46,False,,White,79486.0,True,605851.0,0.0,True,False,4192,20458.26,684.0,Credit,16,53.0,True,2717.34,Auto Loan,False,False,10,High,5,0,6,825-340-9282T,4519 9294T 2878 0115,DEBIT,TZM1959@fake.outlook.com,0.14,0.13,36-45,White,60k-100k,500k-1M,0-500,8
1697,M,Toronto,ON,SHEAHAN DOUG,24,False,,White,73296.0,False,0.0,1133.0,True,False,2122,13072.46,520.0,Investment,4,88.0,True,1122.68,,False,True,0,High,4,8,1,249-516-1053T,5415 9044T 1440 8863,CREDIT,TSHEAHAN_DOUG77@rand.bla.com,0.15,0.17,18-25,White,60k-100k,0-200k,1k-2k,10
62208,F,Toronto,ON,CAMPBELL RANDA,33,False,,Asian,84287.0,True,1156774.0,0.0,True,False,3722,17151.98,689.0,Investment,18,42.0,True,1996.12,Mortgage,False,False,9,Medium,6,4,3,519-668-8943T,4519 9216T 5011 5381,DEBIT,TexactingThrush8CARA@rand.netZero.com,0.15,0.41,26-35,OTHER,60k-100k,1M-2M,0-500,63
47803,M,Toronto,ON,WHITE BRIAN,33,False,,Asian,77754.0,True,687333.0,0.0,True,False,3556,32814.96,669.0,Investment,23,6.38,False,11.53,Personal Loan,False,False,0,Low,6,5,1,742-221-9033T,4512 2313T 2912 0843,CREDIT,TWHBRpacifiedRelish11961@rand.jumo.com,0.15,0.42,26-35,OTHER,60k-100k,500k-1M,0-500,19
162265,F,Quebec City,QC,FAUTEUX CECILE,28,False,,White,63843.0,True,300588.0,0.0,True,False,3734,7560.47,656.0,Credit,11,88.0,True,2026.74,,False,False,0,Medium,5,0,7,873-185-4328T,4514 0163T 8016 8734,CREDIT,TFC3716336843@non.proton.com,0.16,0.08,26-35,White,60k-100k,200k-500k,0-500,11
26986,M,Toronto,ON,BRISTOL JOHN,38,True,,Asian,96541.0,True,975911.0,0.0,True,False,5878,38831.25,778.0,Joint; Investment; Checking; Credit,27,65.0,True,3558.72,Mortgage,False,False,6,High,4,2,3,519-337-8695T,4510 1369T 5690 0267,CREDIT,TBRISTOLJOHN@rand.proton.com,0.15,0.14,36-45,OTHER,60k-100k,500k-1M,0-500,8
23707,M,Toronto,ON,CONDIE DONALD,28,True,,Asian,103483.0,True,1112113.0,0.0,False,False,4425,11350.14,717.0,Joint; Credit,13,110.0,True,2245.09,Mortgage,False,True,0,High,4,3,1,742-892-6782T,4519 9234T 5171 4112,DEBIT,TCONDIE_DONALD30@test.jumo.com,0.15,0.18,26-35,OTHER,100k-200k,1M-2M,0-500,6
131675,F,Calgary,AB,BRAUN PEARL,34,False,,White,79281.0,True,511034.0,0.0,True,False,3639,19371.36,673.0,Investment,20,9.92,False,22.39,Mortgage,True,False,5,Low,4,1,5,780-372-7973T,4510 1589T 9562 8091,CREDIT,TBP716333@rand.jumo.com,0.14,0.12,26-35,White,60k-100k,500k-1M,0-500,6
24308,M,Toronto,ON,COENJARTS PETE,46,False,,Asian,73786.0,True,1266894.0,0.0,False,False,4106,65481.86,723.0,Checking,14,120.0,True,2167.23,Mortgage,True,True,0,High,4,3,2,437-264-6684T,4514 0181T 1915 3972,CREDIT,TCP0375@non.gmail.com,0.15,0.32,36-45,OTHER,60k-100k,1M-2M,0-500,7
127677,M,Calgary,AB,TRAILIN ALEXANDER,38,False,,Latino,116059.0,True,964528.0,0.0,True,False,9672,28636.6,714.0,Investment,19,13.24,False,39.39,Mortgage,False,False,0,Medium,2,2,3,403-238-8021T,4514 0117T 6597 1051,CREDIT,TTA265567490@non.mail.com,0.14,0.09,36-45,OTHER,100k-200k,500k-1M,0-500,6
25375,M,Toronto,ON,METHE GERALD,26,False,,Black,75102.0,True,653415.0,0.0,True,False,2874,24483.39,691.0,Credit,17,58.0,True,2106.92,Mortgage,True,False,0,High,4,3,3,753-494-7400T,4512 2390T 7268 3375,CREDIT,TMETHE_GERALD6@synth.hotmail.com,0.15,0.44,18-25,OTHER,60k-100k,500k-1M,0-500,5
49322,F,Toronto,ON,KUGLER GLORIA,34,False,,Asian,73358.0,True,1028943.0,0.0,True,False,3630,9757.57,671.0,Investment,10,97.0,True,2709.31,Mortgage,True,False,0,High,4,0,6,705-839-7897T,4510 1564T 2005 4346,CREDIT,TKG1151@rand.hotmail.com,0.15,0.07,26-35,OTHER,60k-100k,1M-2M,0-500,63
145512,F,Ottawa,ON,JOY LINDA,35,True,,White,80012.0,True,842397.0,0.0,True,False,3636,9699.64,703.0,Investment,3,6.96,False,20.26,Auto Loan,True,False,1,Low,6,2,5,613-761-4080T,4514 0151T 9026 0827,CREDIT,TlyingPiglet7JOLI@rand.cogeco.ca,0.14,0.17,26-35,White,60k-100k,500k-1M,0-500,7
28858,F,Toronto,ON,ETO TAMIE,38,False,,White,60316.0,True,920737.0,0.0,True,False,3668,27620.27,701.0,Checking,12,18.0,False,53.9,Mortgage,True,True,7,Low,5,0,8,365-159-4782T,5415 9061T 7266 2136,CREDIT,TET3162179961@synth.proton.com,0.15,0.09,36-45,White,60k-100k,500k-1M,0-500,10
17460,F,Toronto,ON,DOMINA ANN,39,False,,White,74765.0,True,1261660.0,0.0,False,False,4207,20338.4,641.0,Investment,25,13.23,False,29.12,Mortgage,True,True,8,Medium,2,1,6,683-529-7011T,4514 0149T 1622 5606,CREDIT,TdearOwl0DOAN@rand.zoho.com,0.15,0.31,36-45,White,60k-100k,1M-2M,0-500,9
73145,M,Toronto,ON,BURNS PATRICK,46,False,,Black,115168.0,True,1070695.0,0.0,True,False,9597,52314.05,774.0,Investment,17,15.07,False,27.9,Mortgage,True,False,0,Medium,2,4,1,519-953-1298T,4510 1650T 5812 7823,DEBIT,TBP7509335@fake.comcast.net,0.15,0.46,36-45,OTHER,100k-200k,1M-2M,0-500,29
42294,M,Toronto,ON,GIBSON BRUCE,41,False,,White,98603.0,True,1288379.0,0.0,True,False,4724,28198.76,702.0,Investment,10,65.0,True,2939.58,Personal Loan,True,False,0,High,3,0,4,365-674-8353T,4519 9288T 4229 1816,DEBIT,TGB072271169@rand.yahoo.com,0.15,0.06,36-45,White,60k-100k,1M-2M,0-500,31
164683,M,Quebec City,QC,BUISSON SYLVAIN,46,False,,White,73004.0,True,410972.0,0.0,True,False,4674,56176.38,731.0,Checking,24,11.38,False,52.23,Mortgage,True,False,7,Medium,2,2,3,354-341-2041T,4510 1610T 2303 1490,DEBIT,TBS4790@fake.iCloud.com,0.16,0.11,36-45,White,60k-100k,200k-500k,0-500,7
63290,F,Toronto,ON,MENARD JOY,49,False,,White,93788.0,True,1125298.0,0.0,True,False,5742,22866.17,742.0,Credit,6,82.0,True,3772.98,Mortgage,True,True,6,High,4,2,5,683-294-3148T,4510 1388T 8273 7838,CREDIT,TMJ4515@test.bla.com,0.15,0.07,46-55,White,60k-100k,1M-2M,0-500,6
92659,M,Montreal,QC,ST-ARNAUD ROBERT,36,True,,White,80615.0,True,686671.0,0.0,True,False,4175,59779.7,726.0,Joint; Checking; Investment,23,12.44,False,53.5,Mortgage,True,False,0,Medium,2,2,2,468-506-3495T,4510 1580T 6722 3462,CREDIT,TSTROpeskyPepper31987@fake.proton.com,0.18,0.09,26-35,White,60k-100k,500k-1M,0-500,6
12462,F,Toronto,ON,BEAUDRY MADELEINE,45,False,,Black,87264.0,True,1147948.0,0.0,True,False,5145,72687.2,732.0,Credit,24,67.0,True,3158.65,Mortgage,True,False,0,High,3,1,5,705-295-6704T,4512 2379T 0101 8978,CREDIT,TBM561789356@synth.cogeco.ca,0.15,0.11,36-45,OTHER,60k-100k,1M-2M,0-500,69
7324,F,Toronto,ON,LANDRY CECILE,46,True,,White,86149.0,True,1283217.0,0.0,True,False,5711,100942.43,789.0,Investment,35,120.0,True,4183.95,Mortgage,True,False,8,High,5,1,5,807-369-7161T,4512 2396T 4229 2760,CREDIT,TLC9677@synth.iCloud.com,0.15,0.09,36-45,White,60k-100k,1M-2M,0-500,25
34813,M,Toronto,ON,ASHLEY ENGLISH,38,True,,White,81350.0,True,1147799.0,0.0,True,False,3829,53011.44,764.0,Checking; Joint; Investment,24,19.28,False,28.76,Mortgage,False,False,10,Low,4,1,4,365-341-5239T,4512 2337T 4493 5166,CREDIT,TAE1116@rand.yahoo.com,0.15,0.07,36-45,White,60k-100k,1M-2M,0-500,21
34367,F,Toronto,ON,CAMERON ASHLEY,24,False,,White,92514.0,False,0.0,1143.0,True,False,1511,4903.41,530.0,Investment,14,17.39,False,33.62,Student Loan,False,True,7,Medium,2,2,3,807-530-1624T,4510 1593T 3138 2510,CREDIT,TCA219594910@test.iCloud.com,0.15,0.15,18-25,White,60k-100k,0-200k,1k-2k,9
60441,F,Toronto,ON,RITCHIE DIANNE,20,False,,Asian,7120.0,False,0.0,1051.0,False,False,945,2947.2,406.0,Checking; Savings,10,0.26,False,3.25,,False,False,6,Medium,2,0,6,519-978-1626T,4510 1657T 6581 5304,DEBIT,TRD153421@synth.yahoo.com,0.15,0.14,18-25,OTHER,0-30k,0-200k,1k-2k,11
115814,F,Vancouver,BC,HOWARD SUE,38,True,bFar7O18,Asian,88907.0,True,1465598.0,0.0,True,False,5312,51467.0,735.0,Checking; Investment; Credit; Joint,19,32.0,True,3459.48,Mortgage,False,True,0,High,3,1,6,672-569-3721T,4510 1535T 3912 0299,CREDIT,THS354474177@test.zoho.com,0.13,0.1,36-45,OTHER,60k-100k,1M-2M,0-500,12
53078,F,Toronto,ON,RAVEN SMITH,24,False,,Asian,43131.0,False,0.0,1133.0,True,False,1821,7662.7,467.0,Savings,4,6.49,False,6.75,,False,False,0,Low,5,0,6,226-757-1676T,4519 9248T 4997 9058,DEBIT,TRS74700507@non.netZero.com,0.15,0.04,18-25,OTHER,30k-60k,0-200k,1k-2k,10
61952,M,Toronto,ON,DENEAU GEOFF,32,False,,Black,118758.0,True,1035753.0,0.0,True,False,9896,20739.22,751.0,Checking,4,8.89,False,28.81,Mortgage,False,False,12,Low,5,2,3,647-345-3372T,4510 1685T 7254 9477,DEBIT,TDENEAUGEOFF@fake.att.net,0.15,0.08,26-35,OTHER,100k-200k,1M-2M,0-500,21
7227,M,Toronto,ON,SUSAN NICHOLS,46,False,,Asian,83657.0,True,1212900.0,0.0,True,False,4251,60947.19,755.0,Checking,24,75.0,True,3288.46,Personal Loan,True,False,11,High,4,5,1,613-215-2584T,4514 0167T 2151 6885,CREDIT,TSN1881@test.hotmail.com,0.15,0.28,36-45,OTHER,60k-100k,1M-2M,0-500,40
132611,F,Calgary,AB,SCHLENDER JEN,43,False,,White,85064.0,True,559101.0,0.0,True,False,4148,30990.05,697.0,Credit,29,12.07,False,2.08,Auto Loan,False,False,0,Medium,2,1,5,587-151-3643T,4519 9291T 1197 8800,DEBIT,TSJ97017916@rand.zoho.com,0.14,0.14,36-45,White,60k-100k,500k-1M,0-500,8
118009,M,Vancouver,BC,KELLER LARRY,28,False,,Native,95728.0,True,1400861.0,0.0,True,False,4148,36446.16,746.0,Credit,4,8.9,False,16.56,Mortgage,False,True,3,Low,4,1,4,604-336-2687T,4510 1647T 4067 5940,DEBIT,TKELLER_LARRY60@synth.gmail.com,0.13,0.21,26-35,OTHER,60k-100k,1M-2M,0-500,21
13958,F,Toronto,ON,MAGILL LINDA,43,False,,Asian,101624.0,True,1326104.0,0.0,True,False,8469,9469.33,688.0,Investment,4,46.0,True,4611.01,Mortgage,True,False,4,High,5,2,6,742-317-3961T,4510 1564T 9162 1392,CREDIT,TtautJaguar2MALI@test.live.com,0.15,0.11,36-45,OTHER,100k-200k,1M-2M,0-500,14
70952,F,Toronto,ON,ANDERSON GERALDINE,31,False,,Asian,90140.0,True,1060956.0,0.0,True,False,3021,9217.21,687.0,Credit; Checking; Investment,13,101.0,True,1618.84,Mortgage,True,True,0,High,4,0,6,742-387-2414T,4510 1332T 2211 0553,CREDIT,TeagerPiglet6ANGE@synth.yahoo.com,0.15,0.16,26-35,OTHER,60k-100k,1M-2M,0-500,63
17836,F,Toronto,ON,PAK KIERA,22,False,,Asian,32972.0,False,0.0,833.0,False,False,2143,4551.25,429.0,Checking; Savings,4,7.37,False,7.39,,False,True,1,Medium,2,0,6,548-373-2275T,4514 0147T 7637 0976,CREDIT,TPAK_KIERA2@test.aol.com,0.15,0.08,18-25,OTHER,30k-60k,0-200k,500-1k,5
83156,M,Montreal,QC,GIROUARD RAOUL,35,False,,White,74693.0,True,614782.0,0.0,True,False,3462,21467.79,667.0,Checking; Credit,20,8.34,False,37.35,Mortgage,False,False,0,Low,5,2,2,819-928-8539T,4514 0131T 4532 2656,CREDIT,TGIROUARDRAOUL@test.comcast.net,0.18,0.09,26-35,White,60k-100k,500k-1M,0-500,30
101539,M,Montreal,QC,RIOUX SYLVAIN,20,False,,White,9834.0,False,0.0,620.0,False,False,1109,7519.61,427.0,Checking,13,10.6,False,23.4,,False,False,0,Medium,2,3,1,579-985-6562T,5415 9054T 7469 9208,CREDIT,TRS7036048@rand.att.net,0.18,0.25,18-25,White,0-30k,0-200k,500-1k,11
68903,M,Toronto,ON,REYNOLDS JACK,42,False,,White,97725.0,True,616704.0,0.0,True,False,4654,12617.15,673.0,Credit,18,104.0,True,3064.43,Mortgage,False,False,1,High,4,3,2,683-407-2305T,4514 0130T 0341 2588,CREDIT,TREJAgrumpyLlama61956@rand.hotmail.com,0.15,0.13,36-45,White,60k-100k,500k-1M,0-500,7
10241,M,Toronto,ON,WILSON GEORGE,26,False,,Black,89502.0,False,0.0,1044.0,True,False,3816,28891.57,614.0,Credit; Investment,4,8.78,False,50.85,Auto Loan,False,False,0,Low,4,1,4,437-910-4466T,4514 0129T 1249 7873,CREDIT,TWILSON_GEORGE10@non.icloud.com,0.15,0.09,18-25,OTHER,60k-100k,0-200k,1k-2k,8
170632,M,Hamilton,ON,PINHEY GREGORY,32,False,,White,67543.0,True,585313.0,0.0,True,False,4040,16718.62,647.0,Credit,21,7.79,False,16.44,,False,False,0,Low,6,4,2,548-777-3127T,4510 1634T 4261 7591,DEBIT,TPG12209289@rand.proton.com,0.15,0.46,26-35,White,60k-100k,500k-1M,0-500,9
35248,M,Toronto,ON,PRUD'HOMME BLEACKLEY,46,True,SGTGjWoF,Asian,79982.97,True,1251347.0,0.0,True,False,5234,106239.42,775.0,Investment; Joint; Credit; Checking,1,34.0,True,4021.86,Mortgage,False,False,0,High,4,0,6,647-153-9710T,4510 1622T 0222 0181,DEBIT,TPRUD'HOMMEBLEACKLEY@synth.proton.com,0.15,0.12,36-45,OTHER,60k-100k,1M-2M,0-500,26
31361,M,Toronto,ON,MUGFORD DARRYL,28,False,,White,67893.0,True,1062224.0,0.0,False,False,3151,17868.09,655.0,Checking,3,108.0,True,1730.91,Mortgage,False,False,11,High,4,2,5,613-560-3600T,4514 0160T 2615 1082,CREDIT,TMUGFORD_DARRYL36@non.aol.com,0.15,0.07,26-35,White,60k-100k,1M-2M,0-500,8
49376,F,Toronto,ON,CHAVEZ ELIZABETH,39,False,,Asian,81036.0,True,1051858.0,0.0,True,False,4876,32012.24,698.0,Checking; Credit; Investment,14,118.0,True,3009.18,Personal Loan,False,False,0,High,3,1,6,742-646-8765T,4510 1638T 6653 9688,DEBIT,TCE0890@rand.icloud.com,0.15,0.12,36-45,OTHER,60k-100k,1M-2M,0-500,69
43598,M,Toronto,ON,RIDEOUT ALAN,48,False,,Asian,93136.0,True,1131628.0,0.0,True,False,3888,75104.51,776.0,Investment,28,55.0,True,2001.0,Mortgage,True,False,1,High,4,2,2,226-804-5762T,4510 1547T 8184 0499,CREDIT,TRIDEOUTALAN@rand.bla.com,0.15,0.07,46-55,OTHER,60k-100k,1M-2M,0-500,12
77014,M,Montreal,QC,MARTEL RICHARD,46,False,,Asian,68377.0,True,534030.0,0.0,True,False,4439,26194.7,716.0,Checking,12,46.0,True,2260.45,Mortgage,False,True,0,Medium,5,1,5,579-263-7303T,4519 9217T 9196 2678,DEBIT,TMR5608@fake.neo.com,0.18,0.14,36-45,OTHER,60k-100k,500k-1M,0-500,18
86445,F,Montreal,QC,AUBE STEPHANE,47,False,,White,79745.0,True,595897.0,0.0,True,False,4939,49699.65,717.0,Investment,31,106.0,True,3760.59,Mortgage,True,True,8,High,4,2,4,263-580-2965T,5415 9051T 0472 5619,CREDIT,TAS4899@test.outlook.com,0.18,0.07,46-55,White,60k-100k,500k-1M,0-500,7
179366,M,Mississauga,ON,TAN ALEX,44,False,,White,117914.0,True,1024055.0,0.0,True,False,9826,60955.76,751.0,Investment,4,9.7,False,87.61,Mortgage,True,False,12,Low,4,0,5,365-725-2935T,4519 9239T 1083 4037,DEBIT,TTA8725494255@fake.hotmail.com,0.17,0.17,36-45,White,100k-200k,1M-2M,0-500,7
107462,M,Vancouver,BC,CUNNINGHAM BRAD,28,False,,Asian,104885.0,True,1312474.0,0.0,True,False,3951,10197.37,698.0,Checking; Investment; Credit,13,9.25,False,25.27,Mortgage,False,False,3,Low,5,0,5,778-660-4596T,4512 2352T 8239 8164,CREDIT,TCUNNINGHAMjumpyMare472@synth.yahoo.com,0.13,0.2,26-35,OTHER,100k-200k,1M-2M,0-500,8
84072,M,Montreal,QC,BOULET ANDRE,31,False,,Others,79243.0,True,571903.0,0.0,True,False,4218,19981.54,693.0,Credit,20,8.73,False,30.78,Mortgage,True,False,11,Low,5,1,3,367-802-6888T,4519 9284T 2909 1822,DEBIT,TBA014280956@synth.gmail.com,0.18,0.15,26-35,OTHER,60k-100k,500k-1M,0-500,20
48316,F,Toronto,ON,VAILLANCOURT REJEAN,33,True,,White,79212.0,True,1098298.0,0.0,True,False,4975,35640.93,751.0,Investment,23,7.7,False,19.5,Mortgage,False,False,0,Low,5,1,6,683-702-6514T,4510 1561T 0254 5824,CREDIT,TVR2410389@synth.gmail.com,0.15,0.1,26-35,White,60k-100k,1M-2M,0-500,14
72164,F,Toronto,ON,JIRCIK MARIE,43,False,,Asian,86146.0,True,1075059.0,0.0,True,True,4232,68736.32,850.0,Credit,9,11.6,False,60.17,Mortgage,True,True,0,Medium,2,0,5,613-180-5592T,4512 2338T 2337 4731,CREDIT,TJM477161354@test.comcast.net,0.15,0.07,36-45,OTHER,60k-100k,1M-2M,0-500,12
16967,F,Toronto,ON,BARBER BERYL,28,False,,White,85185.0,True,990822.0,0.0,True,False,4563,33938.18,717.0,Checking,11,100.0,True,2640.67,Mortgage,True,False,0,High,5,1,3,613-645-8385T,4514 0190T 1896 8495,CREDIT,TBARBERpluckyLion023@test.hotmail.com,0.15,0.09,26-35,White,60k-100k,500k-1M,0-500,14
173346,M,Hamilton,ON,BELTRANO DINO,46,False,,Black,82269.0,True,874252.0,0.0,True,False,4757,61412.32,757.0,Checking; Credit,14,12.43,False,27.53,Mortgage,True,True,0,Low,5,2,3,548-256-5622T,4510 1357T 7758 8891,CREDIT,TBD587590327@non.icloud.com,0.15,0.12,36-45,OTHER,60k-100k,500k-1M,0-500,5
64868,M,Toronto,ON,MCLEOD HEBERT,21,False,,Latino,12801.0,False,0.0,886.0,False,False,1125,5302.37,412.0,Checking,6,81.0,True,880.56,,False,True,3,High,5,3,1,705-926-8707T,4510 1362T 7290 5404,CREDIT,TMH84047@fake.cogeco.ca,0.15,0.21,18-25,OTHER,0-30k,0-200k,500-1k,11
17904,M,Toronto,ON,SCHUSTER JOHN,42,True,,Asian,86401.0,True,1218422.0,0.0,True,False,5372,43686.66,743.0,Credit; Checking; Investment; Joint,13,69.0,True,3571.94,,False,True,0,High,4,3,3,905-368-5149T,4510 1689T 5925 7951,DEBIT,TSCHUSTERJOHN@non.att.net,0.15,0.17,36-45,OTHER,60k-100k,1M-2M,0-500,26
126549,F,Calgary,AB,SOLOWAY TRUDY,35,False,,White,88919.0,True,506634.0,0.0,True,False,3566,61188.1,712.0,Credit,4,114.0,True,2402.22,Mortgage,False,False,3,High,4,1,4,368-430-8561T,4514 0153T 8810 8310,CREDIT,TST1472904236@rand.proton.com,0.14,0.04,26-35,White,60k-100k,500k-1M,0-500,6
112184,M,Vancouver,BC,TALBOT DOUG,30,False,,Asian,97141.0,True,1117245.0,0.0,True,False,3685,34039.63,737.0,Investment,4,35.0,True,2159.28,Mortgage,False,False,0,High,3,1,6,778-493-8037T,4510 1354T 8087 6809,CREDIT,TTD89963@rand.jumo.com,0.13,0.07,26-35,OTHER,60k-100k,1M-2M,0-500,21
11733,M,Toronto,ON,RICHARD STEELE DDS,28,False,,White,93147.0,True,970787.0,0.0,False,False,3357,31091.01,677.0,Investment,4,7.51,False,46.57,Mortgage,False,False,2,Low,5,2,3,289-156-8197T,4514 0156T 2532 9639,CREDIT,TRS0133@rand.hotmail.com,0.15,0.08,26-35,White,60k-100k,500k-1M,0-500,6
2738,M,Toronto,ON,BUGO MIKE,44,False,,White,121138.0,True,1191910.0,0.0,True,False,10095,67329.62,782.0,Checking,11,80.0,True,7375.06,Mortgage,True,False,0,High,4,4,1,613-881-8187T,4510 1654T 8496 9231,DEBIT,TBUGOMIKE@test.gmail.com,0.15,0.21,36-45,White,100k-200k,1M-2M,0-500,19
99046,F,Montreal,QC,FERLAND GINETTE,39,False,,Latino,79447.0,True,614503.0,0.0,True,False,4679,16862.06,697.0,Investment,20,13.63,False,20.6,Mortgage,True,True,7,Medium,2,0,5,367-309-9958T,4510 1577T 0037 1032,CREDIT,TFG2077@test.comcast.net,0.18,0.35,36-45,OTHER,60k-100k,500k-1M,0-500,19
82214,M,Montreal,QC,FALARDEAU LUCIEN,28,False,,White,92248.0,True,638236.0,0.0,True,False,2925,37116.2,707.0,Credit,4,11.37,False,27.98,Personal Loan,False,False,0,Medium,2,2,3,468-884-3984T,4514 0190T 1941 1444,CREDIT,TFL6229675@rand.aol.com,0.18,0.06,26-35,White,60k-100k,500k-1M,0-500,30
4642,F,Toronto,ON,EVANS ARLENE,28,True,,White,63940.0,True,868271.0,0.0,True,False,3042,14731.99,704.0,Checking,9,4.42,False,17.49,Mortgage,False,True,8,Low,4,0,7,365-408-5100T,4510 1545T 1482 3446,CREDIT,TEA58617@non.iCloud.com,0.15,0.16,26-35,White,60k-100k,500k-1M,0-500,5
35594,M,Toronto,ON,GILMORE ROY,44,True,,Asian,112710.0,True,1256960.0,0.0,True,False,9392,46547.42,756.0,Credit,16,11.91,False,35.93,Mortgage,True,False,7,Medium,2,2,4,416-491-6042T,5415 9028T 6240 4027,CREDIT,TGIROobsessedMoth81957@rand.outlook.com,0.15,0.14,36-45,OTHER,100k-200k,1M-2M,0-500,22
45920,F,Toronto,ON,HUGHES NATALIE,40,False,,Black,90012.0,True,1152418.0,0.0,False,False,4137,41667.18,715.0,Investment,16,14.56,False,36.09,Mortgage,False,True,0,Medium,2,0,6,226-943-1430T,4514 0142T 7757 6936,CREDIT,THN348069@test.cogeco.ca,0.15,0.11,36-45,OTHER,60k-100k,1M-2M,0-500,23
106058,F,Vancouver,BC,PITTMAN KELLIE,40,False,,Latino,88985.0,True,1422538.0,0.0,True,False,4933,41482.74,750.0,Credit; Checking,19,17.25,False,38.25,Mortgage,False,False,1,Low,4,1,5,604-496-8425T,4514 0165T 2403 7304,CREDIT,TcheerfulMussel4PIKE@synth.iCloud.com,0.13,0.09,36-45,OTHER,60k-100k,1M-2M,0-500,17
72329,F,Toronto,ON,SLAN NERI,38,False,,Latino,94883.0,True,932969.0,0.0,True,False,5432,18332.84,686.0,Checking; Credit,4,31.0,True,4082.85,Mortgage,True,False,6,High,4,1,5,807-929-5576T,4510 1640T 2190 3546,DEBIT,TSN48692@synth.bla.com,0.15,0.14,36-45,OTHER,60k-100k,500k-1M,0-500,9
33720,F,Toronto,ON,DAYOC ELIZABETH,33,False,,Asian,78487.0,True,1090736.0,0.0,False,False,3476,17025.31,670.0,Investment,4,41.0,True,1775.75,Mortgage,False,True,7,High,5,1,4,647-668-6909T,5415 9071T 7553 9203,CREDIT,TDE2505@rand.bla.com,0.15,0.1,26-35,OTHER,60k-100k,1M-2M,0-500,11
89033,F,Montreal,QC,GODIN LISE,39,True,,White,65673.0,True,525649.0,0.0,True,False,3561,6396.34,678.0,Joint; Credit; Checking,29,10.23,False,48.94,Mortgage,True,True,3,Low,6,0,6,438-325-7659T,4510 1316T 3665 4724,CREDIT,TGL826689157@non.netZero.com,0.18,0.26,36-45,White,60k-100k,500k-1M,0-500,9
81209,M,Montreal,QC,PELLETIER FERNAND,37,True,,Black,87503.0,True,542099.0,0.0,True,False,4145,51411.39,741.0,Credit,10,11.57,False,49.16,Mortgage,False,True,8,Medium,2,2,4,468-561-9428T,4510 1636T 8783 5555,DEBIT,TPF2176043309@synth.proton.com,0.18,0.08,36-45,OTHER,60k-100k,500k-1M,0-500,17
26790,F,Toronto,ON,BUCK MARLA,31,False,,Asian,82597.0,True,667713.0,0.0,True,False,4175,45760.86,683.0,Credit,4,98.0,True,2092.78,Mortgage,True,True,6,High,4,2,3,753-292-7324T,4512 2329T 5107 6616,CREDIT,TBM58578760@non.bla.com,0.15,0.15,26-35,OTHER,60k-100k,500k-1M,0-500,22
19152,M,Toronto,ON,LABELLE PIERRE,31,True,,White,81043.0,True,1078809.0,0.0,True,False,3513,14562.92,713.0,Joint,4,9.73,False,38.4,Mortgage,True,False,2,Low,5,2,2,226-655-9129T,5415 9077T 9281 9529,CREDIT,TLABELLEPIERRE@fake.yahoo.com,0.15,0.07,26-35,White,60k-100k,1M-2M,0-500,11
73657,M,Montreal,QC,LACHAINE RICHARD,45,False,,Black,96259.0,True,777672.0,0.0,True,False,4679,121632.08,745.0,Checking,1,33.0,True,2848.32,Mortgage,True,False,0,Medium,6,1,4,263-301-5031T,4512 2372T 1989 4157,CREDIT,TLACHAINERICHARD@fake.yahoo.com,0.18,0.13,36-45,OTHER,60k-100k,500k-1M,0-500,18
106022,F,Vancouver,BC,AUSTMAN JULIANNE,26,True,rx8D8vh3,Asian,65192.0,True,1110995.0,0.0,True,False,3402,14464.44,721.0,Credit; Checking,12,11.85,False,22.73,Mortgage,False,False,0,Low,5,0,6,250-120-4643T,4510 1540T 7075 9016,CREDIT,TAJ1401@fake.hotmail.com,0.13,0.1,18-25,OTHER,60k-100k,1M-2M,0-500,5
38996,M,Toronto,ON,PHYLLIS CHARLES,28,False,,Asian,109440.0,True,1117890.0,0.0,True,False,3724,22363.77,708.0,Investment,8,62.0,True,2152.74,Mortgage,True,True,0,High,4,0,6,519-618-5896T,5415 9030T 1118 8389,CREDIT,TPHYLLISM92@synth.proton.com,0.15,0.11,26-35,OTHER,100k-200k,1M-2M,0-500,21
65652,M,Toronto,ON,LAWSON ROBERT,40,True,,Native,84517.0,True,1014728.0,0.0,True,False,4702,29547.94,738.0,Credit,7,12.74,False,35.61,Personal Loan,True,False,3,Medium,2,3,2,519-869-5780T,4510 1595T 3664 5421,CREDIT,TLR56771@rand.jumo.com,0.15,0.21,36-45,OTHER,60k-100k,1M-2M,0-500,26
13982,F,Toronto,ON,FUENTES OLGA,32,False,,White,89253.0,True,1184763.0,0.0,True,False,3637,22307.05,715.0,Investment; Credit; Checking,14,6.75,False,24.28,Mortgage,False,False,0,Low,4,1,5,365-603-6012T,4510 1590T 8379 8524,CREDIT,TFO12929@non.aol.com,0.15,0.05,26-35,White,60k-100k,1M-2M,0-500,37
44645,M,Toronto,ON,HAGGITH GUY,28,False,,White,81425.0,True,998023.0,0.0,True,False,3972,30340.71,685.0,Credit,4,110.0,True,2358.23,Personal Loan,True,False,3,High,5,4,3,705-483-2498T,4514 0141T 4161 5862,CREDIT,THG58100102@rand.gmail.com,0.15,0.34,26-35,White,60k-100k,500k-1M,0-500,19
66164,F,Toronto,ON,HAUTCOEUR JULIE,33,True,,Black,67743.0,True,956206.0,0.0,True,False,3966,11185.67,693.0,Joint,3,11.91,False,15.44,Mortgage,True,False,10,Medium,2,0,6,647-960-8282T,4512 2369T 8813 1791,CREDIT,THJ00084@non.outlook.com,0.15,0.17,26-35,OTHER,60k-100k,500k-1M,0-500,5
22632,M,Toronto,ON,CHACKO JOHN,43,True,,White,96602.0,True,1040113.0,0.0,True,False,5734,54009.06,776.0,Investment,14,14.28,False,114.06,Mortgage,True,False,11,Medium,2,1,3,613-418-7555T,5415 9017T 8492 1915,CREDIT,TCJ02123@fake.cogeco.ca,0.15,0.11,36-45,White,60k-100k,1M-2M,0-500,21
158064,F,Winnipeg,MB,MILLER ADRIANNE,29,False,,Asian,93204.0,True,214503.0,0.0,True,False,4277,54085.34,688.0,Checking,6,105.0,True,2572.81,Mortgage,True,False,0,High,5,0,6,204-559-7689T,4512 2387T 5099 2897,CREDIT,TMA7749@test.netZero.com,0.18,0.07,26-35,OTHER,60k-100k,200k-500k,0-500,6
55429,F,Toronto,ON,LAVIGNE YVONNE,46,True,,Asian,95016.0,True,1203806.0,0.0,True,False,5868,31934.83,786.0,Credit,23,44.0,True,3175.86,Mortgage,True,False,4,High,3,1,6,807-202-1931T,4514 0198T 7990 6520,CREDIT,TyearningTortoise8LAYV@non.aol.com,0.15,0.08,36-45,OTHER,60k-100k,1M-2M,0-500,36
65186,M,Toronto,ON,TAMMY KELLEY,33,True,,White,103985.0,True,1186857.0,0.0,True,False,8665,18349.58,732.0,Joint,2,48.0,True,5111.19,Mortgage,False,True,0,Medium,5,1,5,226-553-2256T,4512 2362T 4997 8071,CREDIT,TTK535632871@synth.zoho.com,0.15,0.07,26-35,White,100k-200k,1M-2M,0-500,6
154644,F,Ottawa,ON,MASON DIANA,50,True,,White,91010.0,True,877109.0,0.0,True,False,4197,78756.43,772.0,Checking,3,46.0,True,2116.5,Mortgage,True,False,0,High,4,2,3,365-183-3870T,4514 0131T 9687 4102,CREDIT,TMD9553@test.yahoo.com,0.14,0.14,46-55,White,60k-100k,500k-1M,0-500,5
83258,F,Montreal,QC,SIMARD REJEAN,33,False,,White,60871.0,True,558582.0,0.0,True,False,3344,6528.86,642.0,Credit; Checking,17,6.07,False,53.39,,True,False,0,Low,4,0,7,418-357-1573T,5415 9092T 8923 9289,CREDIT,TcockyPretzels5SIRE@test.comcast.net,0.18,0.16,26-35,White,60k-100k,500k-1M,0-500,28
34715,F,Toronto,ON,MATTON SHARON,42,False,,Latino,83069.0,True,1184211.0,0.0,True,False,4381,40185.78,703.0,Credit; Investment,29,64.0,True,2887.26,Mortgage,True,False,0,High,4,2,4,647-650-6767T,4514 0113T 7687 1204,CREDIT,TMS5932@non.gmail.com,0.15,0.16,36-45,OTHER,60k-100k,1M-2M,0-500,69
86966,M,Montreal,QC,LABRIE JACQUES,28,False,,Asian,85906.0,True,633324.0,0.0,True,True,4532,22381.18,817.0,Checking,3,12.32,False,27.9,Mortgage,True,False,2,Medium,2,1,3,514-986-1565T,4512 2356T 8267 8817,CREDIT,TLABRIE_JACQUES22@fake.mail.com,0.18,0.14,26-35,OTHER,60k-100k,500k-1M,0-500,5
36166,M,Toronto,ON,BROWNLEE AARON,38,True,0ZWdviAK,White,110805.0,True,1049849.0,0.0,True,False,9084,17487.58,769.0,Credit,20,68.0,True,6616.47,Mortgage,False,True,5,High,4,1,5,226-138-1328T,4510 1331T 0589 9833,CREDIT,TBA439497@synth.aol.com,0.15,0.1,36-45,White,100k-200k,1M-2M,0-500,16
43979,M,Toronto,ON,MASCHKE ALFRED,23,False,,Asian,79319.0,False,0.0,1129.0,True,False,2282,17443.83,497.0,Investment; Checking,10,13.81,False,11.54,Student Loan,False,False,0,Medium,2,3,1,647-486-8371T,4512 2313T 6751 9512,CREDIT,TMASCHKE_ALFRED54@non.cogeco.ca,0.15,0.25,18-25,OTHER,60k-100k,0-200k,1k-2k,8
4506,F,Toronto,ON,MACKIE LORI,22,False,,Black,19105.0,False,0.0,865.0,False,False,1049,7596.56,428.0,Savings,8,14.75,False,4.6,,False,False,0,Medium,2,0,6,683-781-2902T,5415 9029T 2443 2370,CREDIT,TMACKIE_LORI37@test.yahoo.com,0.15,0.06,18-25,OTHER,0-30k,0-200k,500-1k,15
7073,F,Toronto,ON,KENNEDY-STRECKE MARLENE,28,False,,Asian,91961.0,True,1040385.0,0.0,True,False,3355,23383.08,708.0,Credit,6,9.27,False,22.14,Mortgage,True,True,10,Low,6,4,2,437-661-4921T,4519 9245T 9708 3143,DEBIT,TKENNEDY-STRECKEF52@rand.mail.com,0.15,0.8,26-35,OTHER,60k-100k,1M-2M,0-500,63
41969,F,Toronto,ON,THOMPSETT VALERIE,39,False,,Latino,85279.0,True,833203.0,0.0,True,False,3591,28533.96,719.0,Checking,16,10.33,False,31.57,Mortgage,False,False,0,Medium,2,2,4,437-170-9263T,4510 1552T 1102 6271,CREDIT,TTV209985@fake.live.com,0.15,0.1,36-45,OTHER,60k-100k,500k-1M,0-500,9
42892,F,Toronto,ON,JENNIFER BARROWS,43,True,M9lC4rH0,White,96665.15,True,1148830.0,0.0,True,False,4620,30114.07,769.0,Investment,4,15.0,False,90.24,Mortgage,True,False,0,High,1,2,2,548-406-2589T,4519 9257T 1528 3999,DEBIT,TJB2902@fake.comcast.net,0.15,0.13,36-45,White,60k-100k,1M-2M,0-500,25
188233,F,Brampton,ON,LEVESQUE SUE,41,False,,Asian,120148.0,True,1965325.0,0.0,True,False,10012,19681.26,755.0,Checking,28,9.32,False,45.2,Mortgage,True,False,0,Low,4,0,6,905-367-1186T,4519 9262T 9899 5114,DEBIT,TLS16375@test.att.net,0.17,0.08,36-45,OTHER,100k-200k,1M-2M,0-500,6
88639,M,Montreal,QC,JOBIN DANIEL,23,False,,White,52480.0,False,0.0,738.0,False,False,2122,2611.17,464.0,Credit,4,20.59,False,32.76,Student Loan,False,True,0,Medium,2,0,5,873-189-1540T,4514 0159T 5075 0017,CREDIT,TJOBINenviousDoves555@fake.cogeco.ca,0.18,0.1,18-25,White,30k-60k,0-200k,500-1k,8
107463,F,Vancouver,BC,ISAIAH RICHARDS,44,False,,White,98187.0,True,1017619.0,0.0,True,False,5412,116320.68,743.0,Checking; Credit,11,120.0,True,3283.41,Mortgage,False,False,0,High,4,0,5,236-320-2811T,5415 9077T 2600 8262,CREDIT,TIR8233399@rand.neo.com,0.13,0.09,36-45,White,60k-100k,1M-2M,0-500,14
80891,F,Montreal,QC,CARON MARIE,43,False,,White,62771.0,True,610048.0,0.0,True,False,3980,21593.25,674.0,Credit,4,14.45,False,17.97,Mortgage,False,False,0,Low,5,0,7,581-901-1683T,4512 2345T 9032 7211,CREDIT,TgiddyCheetah4CAMA@non.jumo.com,0.18,0.09,36-45,White,60k-100k,500k-1M,0-500,21
49362,F,Toronto,ON,GOSSAGE DARLENE,23,False,,Black,45146.0,False,0.0,1040.0,True,False,2178,5233.13,455.0,Savings,13,64.0,True,1720.11,,False,True,0,High,4,0,8,548-328-8639T,4510 1555T 1040 7366,CREDIT,TGOSSAGE_DARLENE52@synth.gmail.com,0.15,0.15,18-25,OTHER,30k-60k,0-200k,1k-2k,10
77848,F,Montreal,QC,MILLIARD DANIELLE,36,True,13gPllye,White,60868.0,True,564882.0,0.0,True,False,3768,15620.33,698.0,Joint; Checking; Credit,13,13.86,False,60.77,Mortgage,True,True,0,Low,5,0,7,873-926-8611T,4519 9285T 9980 7880,DEBIT,TMD3199@rand.jumo.com,0.18,0.1,26-35,White,60k-100k,500k-1M,0-500,8
27905,F,Toronto,ON,HYLANDS VIVIAN,46,False,,Asian,71626.0,True,1141477.0,0.0,True,False,4185,60772.08,748.0,Checking,17,74.0,True,2483.33,Mortgage,False,False,11,High,4,3,1,343-422-8862T,4510 1548T 6790 9898,CREDIT,ThumorousRice5HYVI@rand.aol.com,0.15,0.17,36-45,OTHER,60k-100k,1M-2M,0-500,69
53702,M,Toronto,ON,DUCSAI JOE,39,True,,Asian,115873.0,True,1197339.0,0.0,True,False,9361,13642.36,758.0,Investment; Credit; Checking,17,87.0,True,5658.82,Mortgage,False,False,7,High,4,3,2,548-359-4277T,4510 1638T 6356 1289,DEBIT,TDJ7018@synth.jumo.com,0.15,0.15,36-45,OTHER,100k-200k,1M-2M,0-500,22
113493,F,Vancouver,BC,DUHAMEL LEANNE,27,False,,White,75960.0,True,1027096.0,0.0,True,False,3861,13062.32,675.0,Checking,4,103.0,True,2083.81,Mortgage,True,False,0,High,3,4,1,672-919-9706T,4512 2356T 7782 3852,CREDIT,TDUHAMEL_LEANNE76@test.comcast.net,0.13,0.5,26-35,White,60k-100k,1M-2M,0-500,7
151223,M,Ottawa,ON,TYO DAN,43,False,,White,88871.0,True,885025.0,0.0,True,False,4693,33645.76,687.0,Investment,12,44.0,True,3377.25,Mortgage,True,True,0,High,3,2,2,365-577-5426T,4519 9268T 2535 7039,DEBIT,TTYODAN@non.gmail.com,0.14,0.13,36-45,White,60k-100k,500k-1M,0-500,5
69263,F,Toronto,ON,OUIMETTE JULIE,20,False,,Others,20367.0,False,0.0,1032.0,False,False,1182,3936.39,408.0,Checking; Savings,4,8.63,False,13.7,,False,True,0,Low,6,3,2,548-903-6805T,5415 9086T 4122 7670,CREDIT,TOUIMETTE_JULIE38@test.hotmail.com,0.15,0.61,18-25,OTHER,0-30k,0-200k,1k-2k,11
77762,M,Montreal,QC,OSTIGUY KEVIN,34,False,,White,78991.0,True,555110.0,0.0,True,False,4151,25625.02,658.0,Credit,6,9.98,False,51.22,Mortgage,True,False,5,Low,6,0,5,514-103-1152T,5415 9085T 4882 1506,CREDIT,TOK568921@test.icloud.com,0.18,0.2,26-35,White,60k-100k,500k-1M,0-500,30
7024,M,Toronto,ON,HUGHES STEVEN,30,True,,White,69809.0,True,1030776.0,0.0,True,False,4057,13646.0,707.0,Credit,4,10.99,False,29.21,Mortgage,True,False,6,Low,5,0,7,683-695-1976T,4510 1330T 2048 4591,CREDIT,THS154991240@fake.outlook.com,0.15,0.12,26-35,White,60k-100k,1M-2M,0-500,11
76763,F,Montreal,QC,DOUCET GENEVIEVE,24,False,,White,50153.0,False,0.0,700.0,True,False,1892,4146.53,453.0,Credit,7,12.93,False,12.48,,False,True,0,Medium,2,0,6,438-651-1552T,4514 0195T 5687 4646,CREDIT,TDOUCET_GENEVIEVE50@non.hotmail.com,0.18,0.07,18-25,White,30k-60k,0-200k,500-1k,7
9091,F,Toronto,ON,RINTOUL DEBBIE,35,True,,White,90455.0,True,1108497.0,0.0,True,False,5817,36935.53,758.0,Investment,9,10.09,False,87.2,Mortgage,False,False,6,Medium,2,1,6,742-736-7668T,4514 0162T 1205 0868,CREDIT,TRD9014@test.icloud.com,0.15,0.09,26-35,White,60k-100k,1M-2M,0-500,14
29843,F,Toronto,ON,DAVIS CHANTAL,20,False,,Asian,18065.0,False,0.0,926.0,False,True,854,5962.64,575.0,Checking; Savings,3,11.25,False,8.89,Student Loan,False,False,0,Medium,2,0,6,753-363-8307T,4510 1339T 6482 5565,CREDIT,TDC857244860@fake.outlook.com,0.15,0.14,18-25,OTHER,0-30k,0-200k,500-1k,6
112366,F,Vancouver,BC,LAI LINDA,44,True,,White,74385.0,True,1435086.0,0.0,True,False,3475,63917.55,746.0,Credit; Joint; Investment,4,70.0,True,1830.36,Mortgage,True,False,0,High,3,2,5,250-820-3234T,4514 0149T 2102 2098,CREDIT,TLL39105299@fake.icloud.com,0.13,0.09,36-45,White,60k-100k,1M-2M,0-500,9
89279,F,Montreal,QC,SILVERSTONE NINA,29,False,,White,82358.0,True,652815.0,0.0,True,False,3595,30297.05,667.0,Investment,11,85.0,True,2210.43,Mortgage,False,False,6,High,4,2,5,418-460-9608T,4514 0172T 0592 4061,CREDIT,TSN603656@rand.aol.com,0.18,0.09,26-35,White,60k-100k,500k-1M,0-500,28
38542,F,Toronto,ON,MOYST ANITA,36,False,,Asian,64937.0,True,882010.0,0.0,True,False,3822,5854.0,671.0,Checking,16,16.46,False,30.86,Mortgage,False,True,4,Low,5,0,8,226-931-2393T,4514 0117T 9460 0084,CREDIT,TMA8049613840@rand.outlook.com,0.15,0.09,26-35,OTHER,60k-100k,500k-1M,0-500,22
93379,F,Montreal,QC,BLANCHARD ANGELE,23,False,,White,69242.0,False,0.0,720.0,True,False,2397,7510.78,495.0,Credit,4,15.68,False,15.34,,False,False,11,Medium,2,0,7,819-651-6634T,4512 2398T 6713 8261,CREDIT,TBLANCHARD_ANGELE71@rand.live.com,0.18,0.08,18-25,White,60k-100k,0-200k,500-1k,9
11676,F,Toronto,ON,TIMOTHY CAMPBELL,32,False,,Latino,100848.0,True,1040056.0,0.0,True,False,8404,29018.66,727.0,Checking,15,0.97,False,2.49,Mortgage,False,False,8,Low,6,1,5,343-229-2114T,4510 1549T 2719 0726,CREDIT,TTC201429@rand.iCloud.com,0.15,0.31,26-35,OTHER,100k-200k,1M-2M,0-500,13
22306,M,Toronto,ON,PROULX GIRARD,23,False,,Black,99892.0,False,0.0,1365.0,True,False,1513,18059.96,559.0,Investment,8,14.61,False,7.21,,False,True,11,Medium,2,0,4,613-983-8823T,4510 1312T 4569 6668,CREDIT,TPROULX_GIRARD94@non.jumo.com,0.15,0.28,18-25,OTHER,60k-100k,0-200k,1k-2k,8
51787,F,Toronto,ON,LAINSBURY JUDY,30,False,,White,90160.0,True,1060149.0,0.0,True,False,4237,41241.62,709.0,Checking; Investment; Credit,4,11.12,False,36.8,Mortgage,True,False,7,Medium,2,3,3,249-497-9612T,4510 1320T 5235 5920,CREDIT,TLJ88172884@test.bla.com,0.15,0.37,26-35,White,60k-100k,1M-2M,0-500,37
167741,F,Hamilton,ON,SIMPSON LINDA,40,True,PXpAP9wW,White,62138.0,True,889957.0,0.0,True,False,3653,9497.24,694.0,Checking,10,13.76,False,38.26,Mortgage,False,True,4,Low,5,0,6,905-578-2278T,4510 1547T 4614 9870,CREDIT,TSL8156@test.outlook.com,0.15,0.14,36-45,White,60k-100k,500k-1M,0-500,7
76262,F,Montreal,QC,BEAULIEU MARGUERITE,20,False,,White,8879.0,False,0.0,619.0,False,False,720,2166.09,381.0,Savings,4,7.72,False,6.57,,False,True,0,Medium,2,1,5,450-605-2413T,4514 0114T 0969 2140,CREDIT,TBM61498527@synth.iCloud.com,0.18,0.09,18-25,White,0-30k,0-200k,500-1k,6
41662,F,Toronto,ON,BERGERON CHIYO,42,False,,Asian,98094.0,True,1065242.0,0.0,True,False,5679,59422.3,756.0,Investment; Checking; Credit,21,16.63,False,23.3,Mortgage,True,False,0,Medium,2,0,5,416-755-8015T,5415 9067T 1063 8331,CREDIT,TBC898170@fake.yahoo.com,0.15,0.1,36-45,OTHER,60k-100k,1M-2M,0-500,69
75671,M,Montreal,QC,SABOURIN GUY,28,False,,White,70135.0,True,549694.0,0.0,False,False,3400,50465.61,671.0,Investment; Credit,10,7.38,False,21.13,Auto Loan,True,False,0,Low,4,0,5,367-491-6084T,4514 0139T 5529 9410,CREDIT,TSABOURIN_GUY33@rand.neo.com,0.18,0.16,26-35,White,60k-100k,500k-1M,0-500,7
101850,F,Montreal,QC,FORTIN LUCIE,20,False,,White,19762.0,False,0.0,645.0,False,False,1090,4964.94,401.0,Checking,10,11.04,False,18.92,,False,True,0,Medium,2,3,2,873-693-1274T,4512 2359T 3830 8897,CREDIT,TFORTINF68@non.gmail.com,0.18,0.35,18-25,White,0-30k,0-200k,500-1k,6
70981,M,Toronto,ON,NICOLE MORRIS,42,True,,White,91908.0,True,1303627.0,0.0,False,False,3944,52879.32,726.0,Investment,4,119.0,True,2555.7,Mortgage,False,False,0,High,4,4,3,742-907-5698T,4510 1575T 2199 8568,CREDIT,TNIMOrelievedPoultry31980@non.gmail.com,0.15,0.1,36-45,White,60k-100k,1M-2M,0-500,8
63661,F,Toronto,ON,AYOTTE GENNIFER,45,False,,Asian,81211.0,True,1175474.0,0.0,True,False,5362,69988.49,744.0,Credit; Investment,15,17.75,False,50.8,Mortgage,True,True,5,Medium,2,1,4,705-778-7834T,4512 2352T 4552 8734,CREDIT,TAG1247132@test.netZero.com,0.15,0.13,36-45,OTHER,60k-100k,1M-2M,0-500,69
96000,M,Montreal,QC,BOUDREAU LOUIS,31,False,,Others,73584.0,True,708013.0,0.0,True,False,2897,26239.56,696.0,Checking,16,7.44,False,15.19,Mortgage,False,False,5,Low,5,1,4,438-835-3764T,5415 9073T 2800 7302,CREDIT,TBL3083283658@fake.aol.com,0.18,0.08,26-35,OTHER,60k-100k,500k-1M,0-500,20
54180,F,Toronto,ON,BELL ANNE,23,False,,Black,62530.0,False,0.0,1081.0,True,False,2365,9404.58,473.0,Savings,2,11.49,False,7.37,Student Loan,False,False,0,Medium,2,0,5,226-912-2982T,4514 0139T 1313 8841,CREDIT,TBA14725850@rand.netZero.com,0.15,0.05,18-25,OTHER,60k-100k,0-200k,1k-2k,8
26786,F,Toronto,ON,BISTANY SUSANNE,24,False,,White,73031.0,False,0.0,1255.0,True,False,2369,19055.27,534.0,Credit,9,17.91,False,38.37,,False,False,0,Medium,2,0,5,249-597-8579T,4512 2369T 2126 7992,CREDIT,TBISTANY_SUSANNE47@fake.zoho.com,0.15,0.05,18-25,White,60k-100k,0-200k,1k-2k,9
57431,F,Toronto,ON,WENDY SWANSON,44,False,,Asian,82343.0,True,1323721.0,0.0,True,False,4395,41336.21,719.0,Investment,24,70.0,True,2214.08,Mortgage,False,False,3,High,3,3,1,289-781-9782T,4510 1678T 7452 1775,DEBIT,TgrudgingSwift6WESW@non.att.net,0.15,0.14,36-45,OTHER,60k-100k,1M-2M,0-500,69
72301,F,Toronto,ON,JOHNSTON LYNNE,46,True,,Black,106894.0,True,1233725.0,0.0,True,False,8908,52530.27,808.0,Investment,23,70.0,True,5492.18,Mortgage,True,True,5,High,5,3,3,613-745-9866T,5415 9012T 2725 2826,CREDIT,TJL388084676@fake.gmail.com,0.15,0.51,36-45,OTHER,100k-200k,1M-2M,0-500,16
215953,F,Markham,ON,BRIERLEY NIKKI,42,False,,Asian,89501.0,True,1316824.0,0.0,True,False,4285,29183.7,712.0,Credit,13,14.52,False,15.32,Mortgage,True,False,8,Medium,2,0,6,249-376-2751T,4510 1531T 6511 9710,CREDIT,TBN0208@test.cogeco.ca,0.12,0.18,36-45,OTHER,60k-100k,1M-2M,0-500,5
167449,M,Quebec City,QC,RODRIGUE BENOIT,45,True,hkNMtb19,White,90442.0,True,370231.0,0.0,True,False,4925,20843.43,698.0,Checking,4,71.0,True,3350.41,Mortgage,False,True,2,High,3,5,1,418-564-7938T,4519 9281T 1026 3377,DEBIT,TRB2027812@rand.comcast.net,0.16,0.16,36-45,White,60k-100k,200k-500k,0-500,8
146348,M,Ottawa,ON,ASHLEY NELSON,39,True,,White,118135.0,True,884155.0,0.0,True,False,9845,9773.62,717.0,Investment,4,22.56,False,59.36,Mortgage,False,False,10,Medium,2,3,1,289-261-2987T,5415 9021T 2946 2044,CREDIT,TAN303948744@synth.outlook.com,0.14,0.33,36-45,White,100k-200k,500k-1M,0-500,5
86921,F,Montreal,QC,RUIZ DANIELLA,23,False,,White,65536.0,False,0.0,615.0,True,False,2483,3310.5,495.0,Checking; Credit; Savings,5,16.24,False,13.59,,False,False,0,Medium,2,1,5,354-714-3323T,4519 9229T 8644 8162,DEBIT,TRD00097393@synth.outlook.com,0.18,0.05,18-25,White,60k-100k,0-200k,500-1k,9
33881,F,Toronto,ON,SILK NORA,43,True,,White,108483.0,True,1280162.0,0.0,True,False,9040,18316.77,742.0,Credit,4,21.74,False,54.8,,True,False,10,Medium,2,1,5,416-799-5342T,5415 9021T 2838 5673,CREDIT,TSN166289@non.neo.com,0.15,0.17,36-45,White,100k-200k,1M-2M,0-500,9
28984,F,Toronto,ON,LILLICO ELIZABETH,44,True,,Native,81742.0,True,1185222.0,0.0,True,False,5140,74909.63,776.0,Credit; Joint; Investment,32,39.0,True,3646.93,Mortgage,True,True,0,High,4,1,7,613-269-3333T,4510 1662T 5780 5104,DEBIT,TLE589038@rand.mail.com,0.15,0.11,36-45,OTHER,60k-100k,1M-2M,0-500,36
54507,M,Toronto,ON,KRYGSMAN LOUIS,44,True,,White,81234.0,True,1278412.0,0.0,True,False,5073,69713.99,740.0,Joint,24,104.0,True,4054.23,Mortgage,False,False,0,High,4,6,1,437-159-5563T,4519 9274T 2865 4775,DEBIT,TKRYGSMANLOUIS@fake.gmail.com,0.15,0.11,36-45,White,60k-100k,1M-2M,0-500,21
86273,F,Montreal,QC,GAUDREAULT CAROL,42,False,,Latino,64834.0,True,545914.0,0.0,True,False,3337,30074.19,679.0,Credit; Checking,4,13.34,False,29.84,Mortgage,False,False,8,Medium,2,0,8,873-729-7001T,4510 1397T 7066 7679,CREDIT,TGC0254670@non.iCloud.com,0.18,0.14,36-45,OTHER,60k-100k,500k-1M,0-500,19
5423,F,Toronto,ON,BITZER DEBORAH,27,False,,White,84443.0,True,1010351.0,0.0,False,False,3841,45211.19,703.0,Investment; Credit; Checking,3,10.63,False,41.53,Mortgage,False,True,0,Low,5,0,7,753-475-6204T,4519 9230T 5110 9736,DEBIT,TBITZERcockyTruffle223@fake.netZero.com,0.15,0.1,26-35,White,60k-100k,1M-2M,0-500,9
108422,F,Vancouver,BC,LOYD EILEEN,27,False,,White,87602.0,True,1245396.0,0.0,True,False,3556,45121.78,735.0,Checking; Credit,10,9.45,False,22.23,Mortgage,True,False,6,Low,4,0,5,250-421-3079T,4510 1659T 1696 6570,DEBIT,TLE3971464@rand.netZero.com,0.13,0.27,26-35,White,60k-100k,1M-2M,0-500,7
114497,M,Vancouver,BC,CUNNINGHAM BRIAN,28,False,,Asian,83822.0,True,1066117.0,0.0,True,False,4504,25660.42,697.0,Checking,18,6.3,False,24.22,Mortgage,True,False,0,Low,5,3,1,778-662-7007T,5415 9046T 4169 0718,CREDIT,TCUNNINGHAM_BRIAN31@fake.zoho.com,0.13,0.55,26-35,OTHER,60k-100k,1M-2M,0-500,21
186002,M,Brampton,ON,LEGAULT BARRY,30,False,,Asian,118616.0,True,1349049.0,0.0,True,False,3116,40539.07,759.0,Checking,9,9.45,False,10.23,Mortgage,False,False,0,Low,5,1,3,343-405-2334T,4514 0119T 9423 0665,CREDIT,TLB3327184384@rand.zoho.com,0.17,0.17,26-35,OTHER,100k-200k,1M-2M,0-500,5
72794,F,Toronto,ON,GUERTIN PATRICIA,44,False,,Asian,102189.0,True,1212484.0,0.0,True,False,8516,31196.04,750.0,Checking,6,12.41,False,11.25,Mortgage,True,True,6,Medium,2,2,5,807-713-4550T,4510 1347T 0995 3870,CREDIT,TGP4924@fake.aol.com,0.15,0.26,36-45,OTHER,100k-200k,1M-2M,0-500,14
35123,F,Toronto,ON,SUSAN DIAZ,26,False,,White,94986.0,True,1314189.0,0.0,True,False,3756,29472.56,702.0,Checking; Credit; Investment,6,9.04,False,21.64,,False,False,4,Low,5,0,6,647-972-3911T,4510 1683T 9681 4569,DEBIT,TSUSAN_DIAZ18@fake.iCloud.com,0.15,0.08,18-25,White,60k-100k,1M-2M,0-500,5
135719,M,Edmonton,AB,FLONDRA PETER,29,False,,White,90338.0,True,469164.0,0.0,True,False,4595,41738.6,695.0,Investment,5,49.0,True,3248.75,Mortgage,False,False,1,Medium,6,4,1,368-624-5842T,4510 1379T 9128 7024,CREDIT,TFLONDRA_PETER85@rand.live.com,0.16,0.52,26-35,White,60k-100k,200k-500k,0-500,16
11617,F,Toronto,ON,OLIVIA MORGAN,36,False,,Asian,90771.0,True,1181096.0,0.0,True,False,4115,56539.03,731.0,Checking,7,112.0,True,3289.65,Mortgage,False,True,0,High,5,4,1,683-549-2228T,5415 9039T 4058 8004,CREDIT,TOM8113@rand.zoho.com,0.15,0.12,26-35,OTHER,60k-100k,1M-2M,0-500,63
61640,M,Toronto,ON,FAIRBAIRN WM,47,True,,Asian,104019.0,True,1122828.0,0.0,True,False,8668,35161.5,790.0,Checking; Credit; Investment; Joint,26,52.0,True,6814.92,Mortgage,True,False,6,High,5,0,4,416-355-9959T,5415 9097T 9159 5563,CREDIT,TFW7522150@test.jumo.com,0.15,0.07,46-55,OTHER,100k-200k,1M-2M,0-500,10
47443,F,Toronto,ON,MOFFAT BRENDA,26,False,,White,75205.0,False,0.0,1578.0,True,False,3946,29285.8,579.0,Checking; Credit; Investment,4,118.0,True,2261.09,Auto Loan,False,True,1,High,4,3,1,742-426-3507T,4510 1517T 9629 7398,CREDIT,TMOFFAT_BRENDA71@non.live.com,0.15,0.12,18-25,White,60k-100k,0-200k,1k-2k,9
59998,M,Toronto,ON,CHRISTINE COOK,29,False,,Asian,68088.0,True,980957.0,0.0,True,False,3429,6476.17,647.0,Credit,11,77.0,True,2301.25,Mortgage,False,True,6,High,4,1,7,753-546-9882T,4510 1639T 1411 5411,DEBIT,TCHRISTINE_COOK73@synth.outlook.com,0.15,0.17,26-35,OTHER,60k-100k,500k-1M,0-500,19
69367,M,Toronto,ON,KENNEDY JOHN,28,False,,Black,72708.0,True,1217007.0,0.0,True,False,3225,18932.07,684.0,Credit; Investment; Checking,15,8.92,False,19.21,Mortgage,False,False,0,Low,5,2,3,416-257-9630T,4510 1614T 8577 9265,DEBIT,TKENNEDY_JOHN85@rand.yahoo.com,0.15,0.18,26-35,OTHER,60k-100k,1M-2M,0-500,39
17300,M,Toronto,ON,VEREYKEN MICHAEL,38,False,,White,113447.0,True,1243496.0,0.0,True,False,9454,28461.45,733.0,Investment,27,20.37,False,21.89,Mortgage,True,True,0,Low,5,0,5,753-437-3842T,4510 1598T 8456 8840,CREDIT,TVEREYKENMICHAEL@fake.mail.com,0.15,0.09,36-45,White,100k-200k,1M-2M,0-500,19
152545,M,Ottawa,ON,DENISE VINCENT,37,True,,White,114274.0,True,755427.0,0.0,True,False,9523,11944.75,720.0,Checking,23,14.2,False,53.42,Mortgage,True,True,0,Low,4,3,2,226-249-6972T,4510 1566T 2663 7856,CREDIT,TDENISEVINCENT@rand.cogeco.ca,0.14,0.42,36-45,White,100k-200k,500k-1M,0-500,5
59639,M,Toronto,ON,CHARTRAND ANDRE,45,True,,Black,75284.0,True,1132131.0,0.0,True,False,4220,24302.27,697.0,Joint,18,66.0,True,2909.2,Mortgage,False,False,0,High,3,3,3,289-393-8580T,4510 1338T 7922 8473,CREDIT,TCA306604@fake.aol.com,0.15,0.19,36-45,OTHER,60k-100k,1M-2M,0-500,26
175443,M,Hamilton,ON,DARSIGNY NORMAND,44,False,,Asian,90069.0,True,841766.0,0.0,True,False,5128,47056.31,709.0,Credit,17,109.0,True,4089.33,Mortgage,True,False,7,High,5,4,2,613-947-5141T,4510 1586T 4783 4494,CREDIT,TDN218343@synth.iCloud.com,0.15,0.28,36-45,OTHER,60k-100k,500k-1M,0-500,5
109251,F,Vancouver,BC,GOODMAN TRISHA,38,True,,Asian,87202.0,True,1282764.0,0.0,True,False,4346,35540.87,723.0,Investment,18,9.8,False,23.89,Mortgage,True,False,1,Low,5,0,7,672-247-7129T,5415 9086T 0052 4836,CREDIT,TsadCockatoo9GOTR@synth.comcast.net,0.13,0.1,36-45,OTHER,60k-100k,1M-2M,0-500,12
80285,F,Montreal,QC,PAGE MANON,39,False,,Others,72291.0,True,605187.0,0.0,True,True,3900,14912.32,829.0,Investment; Checking,21,15.94,False,33.2,Personal Loan,False,False,0,Medium,2,3,3,263-105-8799T,4514 0184T 9350 5650,CREDIT,TPM2513498730@synth.att.net,0.18,0.14,36-45,OTHER,60k-100k,500k-1M,0-500,5
69401,F,Toronto,ON,RAVARY MELISSA,48,False,,Black,97252.0,True,1140752.0,0.0,True,False,4979,98705.77,778.0,Credit,15,90.0,True,2757.79,Mortgage,True,False,5,High,4,2,3,753-918-4233T,4510 1647T 8562 2201,DEBIT,TRM35291@synth.neo.com,0.15,0.06,46-55,OTHER,60k-100k,1M-2M,0-500,23
18507,M,Toronto,ON,PRIEST HARRY,35,False,,White,71255.0,True,964760.0,0.0,True,False,3573,38095.48,715.0,Credit,10,11.91,False,16.26,Mortgage,True,True,0,Medium,2,1,3,905-720-8184T,4514 0132T 9659 9013,CREDIT,TPRIESTHARRY@fake.zoho.com,0.15,0.06,26-35,White,60k-100k,500k-1M,0-500,19
48192,M,Toronto,ON,CLARE WALTER,43,False,,Black,86047.0,True,1267483.0,0.0,True,False,4748,26215.46,688.0,Investment,24,70.0,True,2772.58,Mortgage,False,False,0,High,4,1,4,807-873-2480T,4510 1551T 1060 2794,CREDIT,TCLWApuzzledZebra01984@synth.icloud.com,0.15,0.12,36-45,OTHER,60k-100k,1M-2M,0-500,40
10725,F,Toronto,ON,LEPAGE SUZANNE,46,False,,Latino,84428.0,True,1111062.0,0.0,True,False,3784,75279.75,733.0,Investment,31,11.81,False,30.96,Mortgage,True,False,0,Low,5,1,4,365-891-1196T,4510 1665T 2147 0488,DEBIT,TLS241843388@rand.comcast.net,0.15,0.13,36-45,OTHER,60k-100k,1M-2M,0-500,69
114001,M,Vancouver,BC,MARTINDALE KENNETH,40,False,,Asian,113381.0,True,1031394.0,0.0,True,False,9448,33128.28,759.0,Credit,8,17.49,False,70.42,Mortgage,True,False,6,Medium,2,3,1,672-600-1139T,4510 1613T 8221 4019,DEBIT,TMARTINDALEKENNETH@rand.bla.com,0.13,0.49,36-45,OTHER,100k-200k,1M-2M,0-500,8
125992,F,Calgary,AB,HAUN SUE,32,False,,White,60141.0,True,537209.0,0.0,True,False,3543,13953.89,668.0,Checking,17,8.81,False,24.53,Mortgage,True,False,0,Low,6,1,6,368-821-1447T,4512 2311T 5960 4059,CREDIT,THS3716976@synth.yahoo.com,0.14,0.35,26-35,White,60k-100k,500k-1M,0-500,6
13334,M,Toronto,ON,KANE MARTIN,37,True,,Asian,113536.0,True,1035473.0,0.0,True,False,9461,14947.53,768.0,Investment,15,18.08,False,46.75,Auto Loan,True,True,0,Low,5,6,1,416-177-6367T,5415 9064T 2224 2310,CREDIT,TKM8594381511@synth.outlook.com,0.15,0.33,36-45,OTHER,100k-200k,1M-2M,0-500,22
44425,F,Toronto,ON,HONAIZER SHARLENE,21,False,,White,17205.0,False,0.0,856.0,False,False,1005,8328.13,426.0,Checking,15,114.0,True,715.45,,False,False,0,High,4,0,6,807-572-2253T,4510 1651T 0742 0237,DEBIT,THONAIZERcrummyPaella934@fake.hotmail.com,0.15,0.13,18-25,White,0-30k,0-200k,500-1k,10
11948,M,Toronto,ON,JASON SCHNEIDER,39,False,,White,81612.0,True,1010068.0,0.0,True,False,4195,74461.59,748.0,Investment,4,10.46,False,48.63,Mortgage,True,True,0,Medium,2,1,4,365-277-5545T,4510 1688T 3806 7784,DEBIT,TJS0841000@synth.neo.com,0.15,0.13,36-45,White,60k-100k,1M-2M,0-500,31
21659,F,Toronto,ON,MORRIS ALICE,37,False,,White,88404.0,True,1119596.0,0.0,True,False,3434,31876.38,735.0,Investment; Credit,4,13.79,False,57.13,Personal Loan,False,False,0,Medium,2,3,2,905-366-3403T,5415 9040T 1772 4384,CREDIT,TMA330099@fake.mail.com,0.15,0.13,36-45,White,60k-100k,1M-2M,0-500,42
44976,M,Toronto,ON,MASCIOTRA NICK,28,False,,White,120475.0,True,1088687.0,0.0,False,False,3636,6375.89,712.0,Credit,18,10.19,False,31.77,Mortgage,False,False,10,Low,5,2,3,343-199-5935T,4512 2321T 2728 4719,CREDIT,TMASCIOTRAguiltyFlamingo477@non.cogeco.ca,0.15,0.13,26-35,White,100k-200k,1M-2M,0-500,5
19621,F,Toronto,ON,MICHAEL SUTTON,36,False,,White,86339.0,True,1057040.0,0.0,True,False,4897,16183.08,682.0,Investment,13,86.0,True,2926.94,Mortgage,False,False,0,High,4,2,3,753-512-6190T,4512 2381T 1502 8566,CREDIT,TinnocentBurritos8MISU@non.aol.com,0.15,0.12,26-35,White,60k-100k,1M-2M,0-500,37
19709,M,Toronto,ON,ANTONIAZZI WAYNE,22,False,,Asian,15311.0,False,0.0,1087.0,False,False,969,6363.54,407.0,Checking,13,115.0,True,666.5,,False,True,0,High,3,6,1,548-896-4855T,4510 1575T 8207 6801,CREDIT,TANTONIAZZI_WAYNE26@rand.icloud.com,0.15,0.17,18-25,OTHER,0-30k,0-200k,1k-2k,6
3271,F,Toronto,ON,STAMPER CONNIE,45,False,,White,94664.0,True,1153597.0,0.0,True,True,4126,68199.87,850.0,Checking,21,12.38,False,26.49,Personal Loan,True,False,0,Medium,2,2,5,705-164-6087T,5415 9054T 7360 1239,CREDIT,TSC732638@test.comcast.net,0.15,0.09,36-45,White,60k-100k,1M-2M,0-500,5
74742,F,Montreal,QC,BAEZ STEPHANIE,39,False,,White,74828.0,True,623000.0,0.0,False,False,4473,54969.55,697.0,Investment,13,16.54,False,45.99,,False,False,12,Low,6,4,2,354-949-2942T,4510 1599T 3116 1826,CREDIT,TBS408367223@rand.yahoo.com,0.18,0.47,36-45,White,60k-100k,500k-1M,0-500,6
28174,M,Toronto,ON,GREIG WM,38,False,,White,77650.0,True,980135.0,0.0,True,False,4144,45930.26,725.0,Checking,8,18.6,False,50.68,Mortgage,True,False,10,Low,5,3,2,742-992-9475T,4510 1524T 1619 4673,CREDIT,TGREIGWM@synth.yahoo.com,0.15,0.37,36-45,White,60k-100k,500k-1M,0-500,7
48380,M,Toronto,ON,VICTORIA RAMIREZ,48,True,,Asian,106812.0,True,1268903.0,0.0,True,False,8901,18091.02,761.0,Investment,16,49.0,True,6835.43,Mortgage,False,False,0,Medium,5,1,5,365-667-6578T,4514 0166T 4596 2471,CREDIT,TVIRAgutturalBittern31999@rand.zoho.com,0.15,0.15,46-55,OTHER,100k-200k,1M-2M,0-500,10
16675,M,Toronto,ON,GREEN KEN,38,False,,Asian,73790.0,True,1085538.0,0.0,True,False,4544,37547.17,699.0,Credit; Investment,6,10.61,False,28.98,Mortgage,False,True,0,Medium,2,3,1,343-263-8287T,4510 1660T 6714 5631,DEBIT,TGRKEhushedFalcon91986@test.gmail.com,0.15,0.35,36-45,OTHER,60k-100k,1M-2M,0-500,40
27379,F,Toronto,ON,SUSAN BENTLEY,30,False,,Asian,74171.0,True,1061089.0,0.0,True,False,3595,19284.61,707.0,Investment,2,48.0,True,1940.11,Mortgage,True,False,0,High,4,4,2,519-205-9237T,4519 9230T 6249 2118,DEBIT,TSB1196197@synth.mail.com,0.15,0.12,26-35,OTHER,60k-100k,1M-2M,0-500,63
34181,M,Toronto,ON,PHILLIPS GLEN,20,False,,Asian,5491.0,False,0.0,767.0,True,False,1108,9687.31,458.0,Savings; Checking,6,6.6,False,4.33,,False,False,0,Medium,2,2,3,905-614-4542T,4510 1396T 6822 1185,CREDIT,TPHILLIPSpleasedBittern812@fake.bla.com,0.15,0.12,18-25,OTHER,0-30k,0-200k,500-1k,9
201057,F,Kitchener,ON,WESSEL MARJORIE,35,False,,White,66988.0,True,859843.0,0.0,True,False,3422,10051.94,657.0,Credit,21,4.71,False,24.83,Mortgage,True,True,3,Low,5,0,7,416-448-8732T,5415 9020T 1385 7250,CREDIT,TWM1994@rand.neo.com,0.15,0.2,26-35,White,60k-100k,500k-1M,0-500,7
8374,M,Toronto,ON,BOUTILIER WILLIAM,47,False,,Asian,102029.0,True,1366278.0,0.0,True,False,8502,31001.92,741.0,Checking,11,69.0,True,4695.68,Auto Loan,False,False,10,High,5,1,4,742-805-2203T,4514 0189T 8072 5263,CREDIT,TBW2526025659@synth.jumo.com,0.15,0.08,46-55,OTHER,100k-200k,1M-2M,0-500,13
8839,M,Toronto,ON,PITT RONALD,31,False,,Black,104869.0,True,1201494.0,0.0,True,False,7818,5874.39,726.0,Checking,20,95.0,True,4605.76,Mortgage,False,False,0,High,4,3,1,226-983-2314T,4512 2395T 8014 5117,CREDIT,TPIROexcitedVenison91984@rand.yahoo.com,0.15,0.21,26-35,OTHER,100k-200k,1M-2M,0-500,21
75993,F,Montreal,QC,SMITH PATRICIA,29,False,,White,74524.0,True,681621.0,0.0,True,False,3440,45548.14,677.0,Credit,4,12.67,False,37.98,Mortgage,True,False,3,Medium,2,1,5,468-972-7495T,4512 2325T 7416 9682,CREDIT,TSP8189@rand.zoho.com,0.18,0.15,26-35,White,60k-100k,500k-1M,0-500,28
98044,M,Montreal,QC,BATT KIRK,35,True,,White,95835.0,True,641799.0,0.0,True,False,4275,19612.7,696.0,Credit,20,82.0,True,2756.2,Mortgage,False,False,3,High,4,4,1,367-610-9340T,4512 2311T 3225 0535,CREDIT,TBAKIpeskyShads01990@synth.aol.com,0.18,0.09,26-35,White,60k-100k,500k-1M,0-500,6
97608,M,Montreal,QC,BOURDELAIS MARTIN,37,True,,Black,91096.0,True,653015.0,0.0,True,False,4222,64444.07,762.0,Investment,22,61.0,True,3165.68,,True,False,0,High,4,2,4,450-756-3645T,4510 1637T 1383 9027,DEBIT,TBM4228032@synth.iCloud.com,0.18,0.1,36-45,OTHER,60k-100k,500k-1M,0-500,17
75542,M,Montreal,QC,AUGER STEVE,22,False,,White,17745.0,False,0.0,566.0,False,False,1026,6558.71,413.0,Savings,10,8.76,False,15.85,,False,False,8,Medium,2,3,3,819-239-8503T,4514 0155T 0273 2359,CREDIT,TAS1018581384@test.hotmail.com,0.18,0.4,18-25,White,0-30k,0-200k,500-1k,11
69241,F,Toronto,ON,HARVEY ANGIE,30,False,,White,106480.0,True,1149936.0,0.0,True,False,4012,19108.96,735.0,Investment,15,100.0,True,2013.79,Mortgage,True,True,9,High,4,3,3,249-985-9600T,4519 9277T 9609 3615,DEBIT,THA815157@rand.yahoo.com,0.15,0.39,26-35,White,100k-200k,1M-2M,0-500,9
106061,M,Vancouver,BC,RICHER FRED,20,False,,Latino,15286.0,False,0.0,873.0,False,False,1049,5203.72,398.0,Checking; Savings,14,11.33,False,11.93,Student Loan,False,True,0,Medium,2,1,3,604-718-8830T,5415 9059T 2607 2547,CREDIT,TRF489930@test.iCloud.com,0.13,0.2,18-25,OTHER,0-30k,0-200k,500-1k,5
26048,F,Toronto,ON,ZAVET ALONA,39,False,,Asian,87937.0,True,1155487.0,0.0,True,False,5360,247.62,681.0,Checking; Investment,19,16.81,False,21.95,Auto Loan,False,True,12,Low,5,2,4,683-805-4976T,5415 9036T 9540 3572,CREDIT,TZA732317@synth.aol.com,0.15,0.14,36-45,OTHER,60k-100k,1M-2M,0-500,69
82036,M,Montreal,QC,LAMONTAGNE DANIEL,28,False,,White,72162.0,True,605726.0,0.0,False,False,4558,36192.72,682.0,Credit; Investment; Checking,7,9.4,False,24.87,Mortgage,True,False,7,Low,4,1,4,819-191-2111T,4510 1338T 8026 1645,CREDIT,TLAMONTAGNE_DANIEL64@fake.icloud.com,0.18,0.22,26-35,White,60k-100k,500k-1M,0-500,7
26454,M,Toronto,ON,ORCUTT RAYMOND,41,True,,White,89119.0,True,1303995.0,0.0,False,False,4705,22934.29,708.0,Credit; Joint; Checking; Investment,4,83.0,True,2359.71,Auto Loan,True,False,10,High,4,4,1,519-331-8623T,4510 1587T 2900 1154,CREDIT,TOR3232@rand.cogeco.ca,0.15,0.25,36-45,White,60k-100k,1M-2M,0-500,8
66834,M,Toronto,ON,BOUTROS ASSAD,23,False,,Asian,93121.0,False,0.0,1374.0,True,True,2737,13040.05,672.0,Checking,14,18.99,False,10.71,,False,False,0,Medium,2,1,4,613-776-3684T,4510 1613T 7344 4934,DEBIT,TBOUTROS_ASSAD12@fake.neo.com,0.15,0.06,18-25,OTHER,60k-100k,0-200k,1k-2k,6
57987,F,Toronto,ON,CUTHBERT MICHELLE,45,False,,White,77279.0,True,1393991.0,0.0,True,False,4794,45801.3,738.0,Investment,4,104.0,True,2706.77,Mortgage,False,False,9,High,3,2,4,365-897-4040T,5415 9093T 1703 7531,CREDIT,TCM61905@test.comcast.net,0.15,0.07,36-45,White,60k-100k,1M-2M,0-500,42
138794,F,Edmonton,AB,TOPOLNISKY PAM,46,False,,White,96642.0,True,298652.0,0.0,True,False,4485,113682.97,721.0,Checking; Credit,16,31.0,True,3411.01,Auto Loan,False,False,0,High,4,3,5,780-747-5569T,4510 1387T 6385 2906,CREDIT,TmurkyJerky2TOPA@non.bla.com,0.16,0.11,36-45,White,60k-100k,200k-500k,0-500,5
53286,F,Toronto,ON,CO CHARLENE,38,True,,White,83059.0,True,1290480.0,0.0,True,False,4863,25153.6,715.0,Joint,7,93.0,True,3389.17,Auto Loan,True,False,2,High,4,1,5,705-541-8646T,4512 2381T 2663 0390,CREDIT,TCC57219@test.hotmail.com,0.15,0.12,36-45,White,60k-100k,1M-2M,0-500,25
82548,F,Montreal,QC,THIBAULT CARMEN,43,False,,White,70104.0,True,596123.0,0.0,True,False,3743,37487.89,657.0,Credit; Checking; Investment,33,97.0,True,2203.39,Mortgage,True,True,7,High,3,1,6,438-874-7604T,4510 1395T 0758 1850,CREDIT,TTC1492447@synth.neo.com,0.18,0.16,36-45,White,60k-100k,500k-1M,0-500,21
62632,F,Toronto,ON,NEWELL DARLENE,30,False,,Asian,103372.0,True,1286958.0,0.0,True,False,3450,19175.69,728.0,Investment,11,49.0,True,2718.55,Mortgage,True,False,0,High,5,3,2,647-943-6305T,4510 1345T 8798 4798,CREDIT,TND886760@test.outlook.com,0.15,0.23,26-35,OTHER,100k-200k,1M-2M,0-500,13
56218,F,Toronto,ON,LAJOIE PENNY,47,False,,Asian,89281.0,True,1233654.0,0.0,False,False,3996,24394.17,696.0,Credit; Investment,12,78.0,True,3175.03,Personal Loan,False,False,0,High,4,0,7,742-587-2242T,4510 1580T 4332 6890,CREDIT,TLP129989476@synth.gmail.com,0.15,0.08,46-55,OTHER,60k-100k,1M-2M,0-500,5
96203,M,Montreal,QC,PARENT JULES,20,False,,White,12016.0,False,0.0,512.0,False,False,1094,6710.17,389.0,Savings,8,11.05,False,12.27,,False,False,0,Medium,2,3,3,581-181-9507T,4519 9246T 4673 0421,DEBIT,TPJ48650190@test.live.com,0.18,0.25,18-25,White,0-30k,0-200k,500-1k,11
43456,F,Toronto,ON,MAHON KATHLEEN,46,True,,White,77514.0,True,1238063.0,0.0,True,False,4208,92110.56,761.0,Joint,11,85.0,True,3258.12,Mortgage,True,False,0,High,4,1,4,742-712-2234T,4510 1654T 5054 3924,DEBIT,TMK75283890@test.mail.com,0.15,0.14,36-45,White,60k-100k,1M-2M,0-500,25
94416,F,Montreal,QC,BONIN STEPHANE,24,False,,White,48352.0,False,0.0,643.0,True,False,2236,7172.57,477.0,Checking; Savings,13,78.0,True,1425.57,,False,False,0,High,3,1,4,819-256-2703T,4510 1675T 9505 2879,DEBIT,TBONIN_STEPHANE89@non.gmail.com,0.18,0.06,18-25,White,30k-60k,0-200k,500-1k,7
97335,M,Montreal,QC,LAMPRON PATRICK,43,False,,White,88537.0,True,569322.0,0.0,True,False,4686,46201.9,707.0,Investment,7,10.15,False,28.62,Mortgage,False,True,3,Medium,2,1,4,514-550-6137T,4510 1532T 2614 7364,CREDIT,TLAPAempathicChough71974@synth.outlook.com,0.18,0.09,36-45,White,60k-100k,500k-1M,0-500,28
101508,M,Montreal,QC,SIMARD MARIO,32,False,,White,65197.0,True,484911.0,0.0,True,False,3532,8638.18,658.0,Credit,7,7.32,False,19.98,Mortgage,False,True,0,Low,6,3,3,438-169-3155T,4510 1647T 3612 1108,DEBIT,TSIMARDMARIO@synth.mail.com,0.18,0.53,26-35,White,60k-100k,200k-500k,0-500,7
94856,F,Montreal,QC,ANN DANIELS,34,False,,White,58102.0,True,579025.0,0.0,True,False,3106,15131.81,634.0,Credit; Checking,12,108.0,True,1719.88,Mortgage,False,False,0,High,4,1,5,438-451-1208T,5415 9042T 1639 6462,CREDIT,TAD0286@synth.neo.com,0.18,0.1,26-35,White,30k-60k,500k-1M,0-500,7
157973,F,Winnipeg,MB,ADRIAN DORA,40,False,,White,68229.0,True,482817.0,0.0,True,False,3445,14080.46,669.0,Checking,9,100.0,True,2009.6,Personal Loan,True,False,1,High,5,1,4,204-323-6966T,4512 2375T 7307 3615,CREDIT,TAD4282@non.bla.com,0.18,0.13,36-45,White,60k-100k,200k-500k,0-500,8
62450,F,Toronto,ON,SALO BECKY,24,False,,Others,54877.0,False,0.0,1023.0,True,False,1680,3813.45,470.0,Checking,11,15.58,False,5.94,,False,True,0,Medium,2,1,5,807-415-8736T,4512 2389T 9039 2643,CREDIT,TSALOamusedWigeon054@synth.live.com,0.15,0.1,18-25,OTHER,30k-60k,0-200k,1k-2k,10
72712,M,Toronto,ON,PENNER GORDON,29,False,,White,80735.0,True,1018617.0,0.0,True,False,3402,31679.51,706.0,Checking,15,9.99,False,15.29,,True,False,0,Low,5,4,1,365-959-4193T,4510 1522T 4951 9238,CREDIT,TPG9586@synth.yahoo.com,0.15,0.4,26-35,White,60k-100k,1M-2M,0-500,23
183439,F,Mississauga,ON,ENNS GLADYS,33,True,,Black,80746.0,True,1095757.0,0.0,True,False,3968,20570.07,711.0,Checking,8,6.68,False,21.1,Mortgage,False,False,0,Low,5,2,3,416-181-1309T,4514 0138T 4821 6502,CREDIT,TEG045053@synth.bla.com,0.17,0.07,26-35,OTHER,60k-100k,1M-2M,0-500,8
67417,M,Toronto,ON,CURTIS PETERSON,40,True,,Latino,84734.0,True,1267943.0,0.0,True,False,4106,302.78,686.0,Checking,4,53.0,True,2822.05,Mortgage,False,False,0,High,4,4,1,343-489-1482T,4514 0163T 9352 6089,CREDIT,TCP877218@rand.comcast.net,0.15,0.23,36-45,OTHER,60k-100k,1M-2M,0-500,26
39771,F,Toronto,ON,DRAPER LORI,21,False,,White,18835.0,False,0.0,1005.0,False,False,1200,7716.88,419.0,Savings,11,82.0,True,910.01,,False,True,6,High,4,1,3,647-235-6115T,4510 1377T 7216 4733,CREDIT,TDRAPER_LORI79@fake.icloud.com,0.15,0.04,18-25,White,0-30k,0-200k,1k-2k,5
41966,M,Toronto,ON,SLIWINSKI MICHAEL,39,True,,White,86223.0,True,1098407.0,0.0,True,False,4734,59376.08,750.0,Joint,5,12.16,False,56.11,Mortgage,True,False,9,Low,6,2,3,226-945-6300T,4512 2391T 3861 6408,CREDIT,TSLMIaffectedSalt41972@rand.outlook.com,0.15,0.2,36-45,White,60k-100k,1M-2M,0-500,21
77308,F,Montreal,QC,ROCHON-GERVAIS LISE,20,False,,White,8499.0,False,0.0,527.0,False,False,681,5374.31,389.0,Checking,13,40.0,True,388.8,,False,True,0,High,2,2,4,367-675-8700T,5415 9051T 0806 4615,CREDIT,TRL7937911@non.iCloud.com,0.18,0.08,18-25,White,0-30k,0-200k,500-1k,6
1919,M,Toronto,ON,SHAW BAUMAN,35,True,c8isfZlN,Asian,87853.42,True,940865.0,0.0,True,False,5327,42967.38,771.0,Credit; Joint; Checking; Investment,4,46.0,True,3521.41,Personal Loan,True,False,12,High,3,5,6,416-877-7086T,4510 1526T 1789 0072,CREDIT,TSB171050@synth.cogeco.ca,0.15,0.17,26-35,OTHER,60k-100k,500k-1M,0-500,8
149371,M,Ottawa,ON,THORNHILL PETER,27,True,,White,115128.0,True,764984.0,0.0,True,False,5221,14097.26,746.0,Credit,13,107.0,True,3877.25,Mortgage,True,False,2,High,4,3,1,807-564-2025T,4510 1644T 1327 9128,DEBIT,TTP9695044761@test.mail.com,0.14,0.33,26-35,White,100k-200k,500k-1M,0-500,7
112640,F,Vancouver,BC,CONROY RITA,45,False,,White,70331.0,True,1153676.0,0.0,True,False,3476,79961.67,736.0,Checking,12,42.0,True,1875.7,Mortgage,False,False,7,High,4,3,1,604-195-8788T,4519 9246T 8781 9527,DEBIT,TCR647845682@non.icloud.com,0.13,0.27,36-45,White,60k-100k,1M-2M,0-500,14
1751,F,Toronto,ON,KEOGH TRACEY,27,False,,Asian,72687.0,True,949840.0,0.0,True,False,3379,260.42,644.0,Checking; Credit; Investment,10,69.0,True,1883.11,Mortgage,False,False,0,High,4,0,6,365-509-4558T,4512 2319T 9236 0094,CREDIT,TKEOGHF27@non.proton.com,0.15,0.08,26-35,OTHER,60k-100k,500k-1M,0-500,22
22702,M,Toronto,ON,SIMONS JOHN,45,False,,Asian,87995.0,True,1015323.0,0.0,True,False,5292,69750.55,755.0,Credit,34,10.05,False,16.27,,True,False,0,Medium,2,2,2,226-474-3235T,4519 9292T 8327 7722,DEBIT,TSJ2402777@synth.comcast.net,0.15,0.08,36-45,OTHER,60k-100k,1M-2M,0-500,40
59582,M,Toronto,ON,TRUELOVE BRIAN,22,False,,Black,15861.0,False,0.0,1148.0,False,False,888,4364.36,429.0,Checking,10,14.61,False,14.39,Student Loan,False,False,0,Medium,2,2,3,365-303-8705T,4510 1584T 5293 5811,CREDIT,TTRUELOVE_BRIAN5@rand.proton.com,0.15,0.08,18-25,OTHER,0-30k,0-200k,1k-2k,6
61005,M,Toronto,ON,MCPHAIL DAVID,28,False,,Asian,108370.0,True,1149629.0,0.0,True,False,3617,16445.21,700.0,Investment,10,10.67,False,14.61,Mortgage,False,False,7,Medium,2,3,1,905-690-6263T,4514 0144T 2191 7640,CREDIT,TMCPHAIL_DAVID65@fake.gmail.com,0.15,0.41,26-35,OTHER,100k-200k,1M-2M,0-500,21
7709,F,Toronto,ON,PATTON SHEILA,34,False,,White,86452.0,True,1014099.0,0.0,False,False,3524,11072.44,653.0,Checking,23,9.97,False,28.96,Mortgage,False,False,8,Low,4,0,6,705-996-1634T,4512 2382T 9863 3429,CREDIT,TchicOil3PASH@rand.yahoo.com,0.15,0.07,26-35,White,60k-100k,1M-2M,0-500,9
175481,F,Hamilton,ON,CALVIERI NICOLA,35,False,,White,68326.0,True,619880.0,0.0,True,False,3237,13610.92,686.0,Checking,12,8.07,False,48.47,Personal Loan,True,True,8,Low,5,0,7,613-157-1543T,5415 9024T 7849 1091,CREDIT,TCN69162052@fake.netZero.com,0.15,0.22,26-35,White,60k-100k,500k-1M,0-500,6
21381,F,Toronto,ON,REID EVELYN,33,False,,White,84220.0,True,1110433.0,0.0,True,False,3559,25509.66,688.0,Investment,20,113.0,True,2375.63,Mortgage,True,False,0,High,5,2,5,905-359-2443T,4514 0168T 3076 3271,CREDIT,TRE127136424@fake.iCloud.com,0.15,0.1,26-35,White,60k-100k,1M-2M,0-500,37
175517,F,Hamilton,ON,VLAICU CARMEN,46,False,,White,81261.0,True,917472.0,0.0,True,False,4640,62276.84,733.0,Credit,35,18.58,False,44.83,,True,False,0,Medium,2,0,7,807-769-6469T,4510 1673T 7864 1215,DEBIT,TexcitedZebra0VLCA@non.iCloud.com,0.15,0.11,36-45,White,60k-100k,500k-1M,0-500,8
21723,F,Toronto,ON,LANDU ZOLA,48,True,,White,66323.0,True,1072243.0,0.0,True,False,4255,24637.84,745.0,Joint,14,13.0,False,17.2,Mortgage,False,True,1,Medium,2,0,6,519-909-4538T,4510 1578T 7246 8317,CREDIT,TLZ8334963@test.mail.com,0.15,0.08,46-55,White,60k-100k,1M-2M,0-500,10
46326,M,Toronto,ON,SIGNORINI ELISEO,29,False,,White,148732.0,True,1214241.0,0.0,True,False,2715,3799.67,714.0,Credit,14,12.06,False,42.16,Mortgage,False,False,11,Low,6,2,4,647-762-2368T,4514 0187T 7111 2968,CREDIT,TSIGNORINI_ELISEO10@synth.gmail.com,0.15,0.33,26-35,White,100k-200k,1M-2M,0-500,16
15132,M,Toronto,ON,MILLWARD BOB,49,False,,Asian,106679.0,True,1238543.0,0.0,True,False,8890,11159.91,719.0,Credit; Checking,29,14.63,False,40.39,Mortgage,False,False,0,Medium,2,0,6,905-720-2204T,4512 2354T 9704 7129,CREDIT,TMB099646@synth.outlook.com,0.15,0.08,46-55,OTHER,100k-200k,1M-2M,0-500,13
995,F,Toronto,ON,WENDT PATRICIA,35,False,,Asian,84041.0,True,1050056.0,0.0,True,False,4226,59410.54,736.0,Investment; Checking; Credit,9,11.99,False,16.27,Mortgage,False,False,8,Medium,2,0,7,807-190-2236T,4519 9246T 1365 3497,DEBIT,TferventCake2WEPA@fake.hotmail.com,0.15,0.08,26-35,OTHER,60k-100k,1M-2M,0-500,63
22490,M,Toronto,ON,AGELETOS GEO,34,False,,Asian,64575.0,True,1064034.0,0.0,True,False,3381,4551.21,640.0,Credit,11,6.2,False,22.11,Mortgage,False,True,4,Low,5,0,7,705-557-5017T,5415 9032T 0956 6190,CREDIT,TAG11016@non.netZero.com,0.15,0.08,26-35,OTHER,60k-100k,1M-2M,0-500,39
38477,M,Toronto,ON,KOZORIZ NICK,31,True,,Asian,138131.0,True,1129533.0,0.0,True,False,11511,6357.42,758.0,Investment; Joint; Checking; Credit,15,13.52,False,26.53,Mortgage,True,False,12,Medium,2,1,5,742-785-2005T,4510 1595T 4210 6157,CREDIT,TKOZORIZNICK@synth.att.net,0.15,0.16,26-35,OTHER,100k-200k,1M-2M,0-500,18
60698,M,Toronto,ON,WILLIAM LEBLANC,43,False,,White,103871.0,True,1953867.0,0.0,True,False,8656,43346.74,749.0,Credit,33,16.34,False,38.61,Mortgage,False,False,5,Medium,2,0,4,437-937-8074T,4512 2352T 6444 4065,CREDIT,TWILLIAMLEBLANC@test.jumo.com,0.15,0.11,36-45,White,100k-200k,1M-2M,0-500,19
55725,F,Toronto,ON,INSLEY CINDY,37,False,,White,96745.0,True,1034696.0,0.0,True,False,4030,62163.57,761.0,Credit,5,15.67,False,93.03,Mortgage,True,False,0,Medium,2,0,6,249-111-9574T,4510 1567T 5678 4791,CREDIT,TIC43259@fake.comcast.net,0.15,0.07,36-45,White,60k-100k,1M-2M,0-500,42
14653,F,Toronto,ON,APPLETON SHELLY,49,False,,Asian,99015.0,True,1170372.0,0.0,True,False,5533,66039.49,793.0,Credit,4,12.9,False,24.36,Mortgage,True,False,10,Medium,2,0,5,613-553-2868T,4510 1672T 7535 7267,DEBIT,TAS590590@fake.cogeco.ca,0.15,0.1,46-55,OTHER,60k-100k,1M-2M,0-500,23
179016,M,Mississauga,ON,CHARLEBOIS MARC,39,False,,White,111346.0,True,1144577.0,0.0,True,False,9279,34988.24,741.0,Checking,10,16.44,False,49.0,Personal Loan,True,True,4,Medium,2,4,1,807-553-7480T,4519 9264T 5296 1188,DEBIT,TCM991719@fake.hotmail.com,0.17,0.32,36-45,White,100k-200k,1M-2M,0-500,7
1712,M,Toronto,ON,MOUSSEAU HENRY,37,False,,White,82918.0,True,636679.0,0.0,True,False,3551,40863.12,700.0,Credit,15,17.07,False,84.42,Mortgage,False,False,3,Low,5,4,2,365-815-1928T,4514 0120T 1628 0925,CREDIT,TMOUSSEAUHENRY@rand.netZero.com,0.15,0.25,36-45,White,60k-100k,500k-1M,0-500,7
69163,F,Toronto,ON,MARKUS MICHELLE,20,False,,White,9894.0,False,0.0,1018.0,False,False,980,8540.75,392.0,Savings,6,5.68,False,13.45,,False,False,0,Low,5,1,4,249-661-8229T,4514 0127T 2541 9824,CREDIT,TMM815066@non.comcast.net,0.15,0.15,18-25,White,0-30k,0-200k,1k-2k,5
58419,M,Toronto,ON,MEDHURST BRIAN,33,True,,White,65607.0,True,537623.0,0.0,True,False,4163,12371.06,679.0,Joint,7,5.09,False,45.63,Mortgage,False,False,3,Low,5,0,6,226-667-8294T,4510 1329T 2062 2900,CREDIT,TMEDHURSTBRIAN@test.icloud.com,0.15,0.11,26-35,White,60k-100k,500k-1M,0-500,8
3590,M,Toronto,ON,DANIEL EVANS,41,False,,White,83013.0,True,671099.0,0.0,True,False,4668,16451.24,687.0,Credit; Checking,20,100.0,True,2650.06,,True,False,0,High,5,0,5,289-920-8033T,4510 1516T 5004 1553,CREDIT,TDE0702@non.iCloud.com,0.15,0.05,36-45,White,60k-100k,500k-1M,0-500,7
57076,F,Toronto,ON,BREESE SHELLEY,28,False,,Asian,101168.0,True,1168793.0,0.0,True,False,3000,5738.28,703.0,Credit,14,117.0,True,2160.46,Mortgage,True,False,0,High,4,1,6,683-701-5161T,4510 1392T 0790 0072,CREDIT,TBREESE_SHELLEY1@test.neo.com,0.15,0.14,26-35,OTHER,100k-200k,1M-2M,0-500,13
116579,F,Vancouver,BC,MALEK COLLEEN,40,False,,White,85086.0,True,1328492.0,0.0,True,False,5141,37805.43,709.0,Investment,13,118.0,True,3678.9,Mortgage,True,True,0,High,5,1,5,250-306-8725T,4510 1339T 8029 0614,CREDIT,TMC0341634@test.neo.com,0.13,0.09,36-45,White,60k-100k,1M-2M,0-500,14
15949,M,Toronto,ON,MORDEN HARVEY,45,True,zmqDJFjt,Latino,103875.0,True,1225843.0,0.0,True,False,8656,32490.76,732.0,Investment,22,36.0,True,6776.44,Mortgage,False,False,0,High,4,0,5,416-412-5429T,4510 1596T 7958 6980,CREDIT,TMH15217482@test.att.net,0.15,0.06,36-45,OTHER,100k-200k,1M-2M,0-500,22
165312,F,Quebec City,QC,GAGNE FRANCE,38,False,,White,87639.0,True,403396.0,0.0,True,False,5053,32582.27,694.0,Credit,4,15.59,False,62.02,Mortgage,False,False,9,Low,5,1,5,263-878-5748T,4510 1685T 5220 6538,DEBIT,TGF5267261581@fake.zoho.com,0.16,0.16,36-45,White,60k-100k,200k-500k,0-500,8
54955,M,Toronto,ON,SEAN LEWIS,30,False,,Asian,93794.0,True,1307672.0,0.0,True,False,3884,13327.95,718.0,Credit,15,10.69,False,21.37,,True,False,11,Medium,2,1,4,753-236-7132T,4510 1389T 2516 3934,CREDIT,TSL5783006@test.proton.com,0.15,0.11,26-35,OTHER,60k-100k,1M-2M,0-500,39
104641,M,Vancouver,BC,DEW JOHN,34,False,,White,74078.0,True,1404954.0,0.0,True,False,3385,13915.3,706.0,Checking,12,102.0,True,1716.09,Mortgage,True,False,0,High,4,6,1,778-105-8861T,4510 1353T 2364 0398,CREDIT,TDEWJOHN@non.netZero.com,0.13,0.29,26-35,White,60k-100k,1M-2M,0-500,9
28791,F,Toronto,ON,PRICE BRENDA,34,False,,Asian,75711.0,True,1033898.0,0.0,False,False,3649,28174.51,649.0,Credit,24,7.71,False,12.21,Mortgage,False,True,0,Low,4,1,4,343-276-5472T,4510 1599T 6558 8374,CREDIT,TPB34414705@test.comcast.net,0.15,0.1,26-35,OTHER,60k-100k,1M-2M,0-500,11
24924,M,Toronto,ON,BEARD RON,43,False,,Asian,92452.0,True,1267802.0,0.0,False,False,4955,50792.12,732.0,Checking,29,94.0,True,3418.57,Personal Loan,True,False,8,High,4,2,4,683-339-5870T,4510 1364T 6320 5883,CREDIT,TBR24071@rand.bla.com,0.15,0.12,36-45,OTHER,60k-100k,1M-2M,0-500,7
218415,M,Markham,ON,BAYER HEINZ,34,True,,Asian,89513.0,True,1078477.0,0.0,True,False,3843,31657.07,653.0,Investment,15,9.32,False,11.51,Mortgage,True,False,2,Low,5,1,4,742-971-2507T,4519 9213T 6340 4519,DEBIT,TBH1947938047@rand.hotmail.com,0.12,0.1,26-35,OTHER,60k-100k,1M-2M,0-500,5
119346,M,Vancouver,BC,TROMBLEY GARRY,41,False,,Asian,91669.0,True,1065937.0,0.0,True,False,4085,35297.85,725.0,Credit,23,71.0,True,2657.53,Mortgage,False,False,10,High,4,2,1,672-630-2079T,5415 9055T 5709 4207,CREDIT,TTG0251969@rand.icloud.com,0.13,0.14,36-45,OTHER,60k-100k,1M-2M,0-500,9
21056,F,Toronto,ON,FOUGERE YOLANDE,49,True,,White,80540.0,True,1287176.0,0.0,True,False,4944,79406.97,767.0,Joint,4,70.0,True,3630.24,Mortgage,True,False,0,High,5,3,2,519-127-8767T,4510 1692T 4013 3669,DEBIT,TFY168645@non.gmail.com,0.15,0.14,46-55,White,60k-100k,1M-2M,0-500,10
27576,M,Toronto,ON,STEVEN LOWE,32,True,XhdyLYOx,Asian,119413.96,True,1016388.0,0.0,True,False,9951,26504.66,742.0,Credit,4,11.8,False,57.17,Mortgage,True,False,8,High,5,2,6,742-870-1432T,4510 1522T 3351 8408,CREDIT,TSL091897812@non.mail.com,0.15,0.05,26-35,OTHER,100k-200k,1M-2M,0-500,18
135605,M,Edmonton,AB,WILSON BARRY,25,False,,Asian,79113.0,True,491388.0,0.0,True,False,1549,6688.73,633.0,Credit,9,15.83,False,24.64,Auto Loan,True,True,0,Medium,2,0,4,587-449-9342T,4510 1581T 9449 9612,CREDIT,TWB85033147@rand.comcast.net,0.16,0.25,18-25,OTHER,60k-100k,200k-500k,0-500,5
102566,M,Montreal,QC,XIFRE RAYMOND,31,False,,White,76974.0,True,613413.0,0.0,False,False,4096,29579.78,645.0,Checking,14,8.06,False,30.69,Mortgage,True,False,12,Low,6,4,1,263-784-1442T,4514 0161T 6155 9846,CREDIT,TXR003610@rand.cogeco.ca,0.18,0.77,26-35,White,60k-100k,500k-1M,0-500,7
13785,M,Toronto,ON,MARIO LOGAN,35,True,,Asian,111502.0,True,1022502.0,0.0,True,False,8475,7750.47,760.0,Joint,4,15.6,False,42.43,Mortgage,True,False,0,Low,5,2,2,753-764-6491T,4519 9238T 3303 5207,DEBIT,TMARIOLOGAN@non.mail.com,0.15,0.08,26-35,OTHER,100k-200k,1M-2M,0-500,18
64704,F,Toronto,ON,BURR JOYCE,45,True,,Asian,78108.0,True,1183171.0,0.0,True,False,4405,86184.9,757.0,Joint,32,96.0,True,3424.33,Mortgage,True,False,2,High,5,2,5,683-581-4681T,4510 1332T 2966 4024,CREDIT,TBJ906577088@rand.gmail.com,0.15,0.07,36-45,OTHER,60k-100k,1M-2M,0-500,36
20328,F,Toronto,ON,LEWIS JANE,27,False,,Asian,68513.0,True,1223449.0,0.0,True,False,4182,16457.22,686.0,Credit,2,9.75,False,17.72,Mortgage,False,False,9,Low,6,1,6,683-243-5604T,4514 0134T 1562 6429,CREDIT,TLEWIS_JANE6@fake.neo.com,0.15,0.4,26-35,OTHER,60k-100k,1M-2M,0-500,63
3625,F,Toronto,ON,NAOUFAL MARIAN,31,True,,Asian,90501.0,True,973776.0,0.0,True,False,3816,50769.91,765.0,Checking,18,7.84,False,21.41,Mortgage,True,True,0,Low,5,0,6,548-487-7115T,4510 1619T 1429 2886,DEBIT,TimportedHawk5NAMA@non.iCloud.com,0.15,0.06,26-35,OTHER,60k-100k,500k-1M,0-500,5
1172,F,Toronto,ON,SPIEGELBERG DOROTHY,38,False,,Asian,60100.0,True,1034729.0,0.0,False,False,3924,24314.41,666.0,Credit; Checking,15,12.76,False,37.1,Mortgage,False,True,8,Low,4,0,8,365-833-5567T,4510 1656T 5328 7816,DEBIT,TSD5600@synth.cogeco.ca,0.15,0.05,36-45,OTHER,60k-100k,1M-2M,0-500,23
10347,F,Toronto,ON,PAQUETTE JULIE,28,True,,Asian,76553.0,True,1257354.0,0.0,False,False,4844,38790.54,719.0,Investment; Checking; Credit; Joint,16,30.0,True,2467.13,Mortgage,True,False,0,High,4,3,1,249-557-5404T,4512 2372T 5474 6388,CREDIT,TPJ56936@test.yahoo.com,0.15,0.23,26-35,OTHER,60k-100k,1M-2M,0-500,6
120315,M,Vancouver,BC,SALH JAS,31,False,,Asian,86339.0,True,1295899.0,0.0,True,False,3369,37751.77,740.0,Credit; Checking,6,101.0,True,1696.39,Mortgage,False,False,4,High,5,5,1,778-724-3424T,4510 1389T 5950 6214,CREDIT,TSJ0147@rand.outlook.com,0.13,0.21,26-35,OTHER,60k-100k,1M-2M,0-500,21
137257,F,Edmonton,AB,KNIGHT KATHRYN,29,False,,Asian,61262.0,True,380245.0,0.0,True,False,2796,12195.03,660.0,Checking,16,7.65,False,26.08,Mortgage,True,False,0,Low,6,1,7,587-977-8592T,4519 9251T 4341 6402,DEBIT,TKNIGHT_KATHRYN30@non.gmail.com,0.16,0.31,26-35,OTHER,60k-100k,200k-500k,0-500,7
17605,M,Toronto,ON,SAVARD DANIEL,46,True,,Asian,77167.0,True,1045270.0,0.0,True,False,4267,52638.46,761.0,Credit,4,15.58,False,63.16,Mortgage,True,False,0,Low,4,0,4,416-276-7024T,4519 9245T 4360 3410,DEBIT,TSAVARDDANIEL@synth.comcast.net,0.15,0.09,36-45,OTHER,60k-100k,1M-2M,0-500,26
70940,M,Toronto,ON,RAWN STEVE,45,True,,Asian,112506.0,True,1163176.0,0.0,True,False,9376,45907.57,758.0,Joint,30,78.0,True,7184.26,Mortgage,True,False,1,High,4,2,2,289-589-5578T,4510 1557T 2745 7468,CREDIT,TRASToffendedEggs51967@non.comcast.net,0.15,0.12,36-45,OTHER,100k-200k,1M-2M,0-500,22
15890,F,Toronto,ON,COOK VIVIANE,30,True,,White,105787.0,True,1728515.0,0.0,True,False,5995,10988.13,729.0,Credit,16,10.61,False,46.94,Mortgage,False,False,0,Low,5,0,6,753-208-9258T,4510 1518T 9040 9534,CREDIT,TCV4230127@fake.aol.com,0.15,0.04,26-35,White,100k-200k,1M-2M,0-500,7
65126,M,Toronto,ON,DELATORRE FEDERICO,33,False,,White,66062.0,True,968050.0,0.0,False,False,3137,11594.13,658.0,Credit,16,4.82,False,31.48,Mortgage,True,True,5,Low,4,1,5,742-303-7974T,4514 0147T 0958 1100,CREDIT,TDEFEsimilarTermite81979@test.att.net,0.15,0.2,26-35,White,60k-100k,500k-1M,0-500,6
23187,M,Toronto,ON,WILLS PATRICK,35,False,,Others,91641.0,True,1344942.0,0.0,True,False,2779,51129.04,719.0,Checking,4,6.5,False,21.51,Mortgage,True,False,0,Low,5,3,2,437-808-8221T,4510 1519T 8288 3316,CREDIT,TWP22951455@rand.comcast.net,0.15,0.31,26-35,OTHER,60k-100k,1M-2M,0-500,39
49861,M,Toronto,ON,KIRKEY RICHARD,41,False,,Asian,76480.0,True,570188.0,0.0,True,False,4873,13730.07,680.0,Credit,26,108.0,True,2870.27,Mortgage,False,False,3,High,4,3,2,613-471-8427T,4519 9284T 1644 8214,DEBIT,TKR43012952@test.comcast.net,0.15,0.12,36-45,OTHER,60k-100k,500k-1M,0-500,5
186494,F,Brampton,ON,SCOTLAND SUSAN,43,False,,Black,117011.0,True,1058680.0,0.0,True,False,9751,17016.44,732.0,Checking; Credit; Investment,19,110.0,True,6974.05,Mortgage,True,False,0,High,4,0,7,249-144-1894T,4514 0193T 5282 1722,CREDIT,TSS223637272@fake.outlook.com,0.17,0.1,36-45,OTHER,100k-200k,1M-2M,0-500,6
3967,F,Toronto,ON,JOHNSON PATTI,47,False,,White,80827.0,True,1182011.0,0.0,True,False,4437,99865.23,746.0,Investment; Checking; Credit,9,62.0,True,3009.92,Mortgage,False,False,0,High,5,2,3,519-237-1560T,4519 9297T 4758 5916,DEBIT,TJP2836@fake.netZero.com,0.15,0.13,46-55,White,60k-100k,1M-2M,0-500,6
84256,F,Montreal,QC,CAMPAGNA TESSIER,49,True,thSn1fxz,White,97619.37,True,576732.0,0.0,True,False,5252,26404.43,762.0,Investment; Credit; Checking,16,36.0,True,3376.36,Mortgage,True,False,0,Low,5,0,5,581-522-6368T,5415 9035T 3157 1743,CREDIT,TCT06913@synth.mail.com,0.18,0.1,46-55,White,60k-100k,500k-1M,0-500,5
11009,M,Toronto,ON,TOTH LES,42,False,,Black,89932.0,True,1066180.0,0.0,True,False,4080,64285.56,746.0,Credit; Investment,18,53.0,True,2515.3,Mortgage,True,False,0,High,4,0,4,683-780-6871T,4510 1695T 6378 3465,DEBIT,TTOTHLES@synth.mail.com,0.15,0.09,36-45,OTHER,60k-100k,1M-2M,0-500,40
81746,F,Montreal,QC,TURCOTTE JOCELYN,35,False,,Black,83339.0,True,561076.0,0.0,True,False,3995,17014.71,692.0,Investment,13,15.06,False,13.94,Mortgage,False,False,7,Medium,2,0,6,514-574-3833T,4510 1662T 2780 8948,DEBIT,TlyingEagle9TUJO@test.zoho.com,0.18,0.14,26-35,OTHER,60k-100k,500k-1M,0-500,21
33493,F,Toronto,ON,LEE JANICE,41,False,,Asian,85409.0,False,0.0,1750.0,True,False,4821,24570.41,608.0,Credit,4,11.63,False,16.27,Auto Loan,True,True,3,Medium,2,0,6,519-451-6371T,4514 0178T 3837 5887,CREDIT,TLJ8493761858@non.gmail.com,0.15,0.11,36-45,OTHER,60k-100k,0-200k,1k-2k,7
116344,M,Vancouver,BC,CARTER BRUCE,38,True,,Asian,88928.0,True,1458007.0,0.0,True,False,5478,36159.54,754.0,Joint,7,15.85,False,58.27,Mortgage,True,True,6,Medium,2,0,6,250-853-6402T,4510 1353T 1545 9435,CREDIT,TCB896337@non.zoho.com,0.13,0.25,36-45,OTHER,60k-100k,1M-2M,0-500,7
62694,M,Toronto,ON,PRICE DANNY,24,False,,White,86957.0,False,0.0,1291.0,True,False,1518,13995.27,538.0,Investment,8,15.9,False,40.49,,False,False,0,Medium,2,4,1,365-208-9567T,4510 1626T 6322 9164,DEBIT,TPRICE_DANNY48@test.icloud.com,0.15,0.2,18-25,White,60k-100k,0-200k,1k-2k,10
103204,F,Vancouver,BC,REMPEL KAREN,32,False,,Asian,74953.0,True,1460773.0,0.0,True,False,3430,29347.76,690.0,Checking; Investment; Credit,16,54.0,True,2656.76,Mortgage,True,False,0,High,4,1,4,672-905-8947T,4510 1683T 1351 4862,DEBIT,TmildLeopard6REKA@synth.netZero.com,0.13,0.09,26-35,OTHER,60k-100k,1M-2M,0-500,16
160448,F,Winnipeg,MB,MANGIN ANNETTE,36,False,,Native,68479.0,True,294240.0,0.0,True,False,4379,22188.09,644.0,Checking,4,10.96,False,13.67,Mortgage,True,False,7,Medium,2,0,6,584-612-6617T,4510 1527T 5830 8391,CREDIT,TMA14652@rand.outlook.com,0.18,0.12,26-35,OTHER,60k-100k,200k-500k,0-500,6
51376,M,Toronto,ON,WILLIAM HIDALGO,41,True,kgBqyHkI,Asian,79326.26,True,1228447.0,0.0,True,False,4976,20428.75,706.0,Joint; Investment,4,65.0,True,2742.08,,True,False,2,High,4,2,4,613-839-9907T,4519 9268T 3216 9466,DEBIT,TWIHIculturedQuiche21956@synth.zoho.com,0.15,0.07,36-45,OTHER,60k-100k,1M-2M,0-500,26
40159,M,Toronto,ON,RUTTAN BRUCE,49,False,,White,89967.0,True,1209268.0,0.0,True,False,4362,100999.04,777.0,Investment; Credit,4,11.03,False,56.98,Personal Loan,True,False,0,Medium,2,2,3,807-644-1881T,4519 9296T 2642 4286,DEBIT,TRUTTANBRUCE@test.jumo.com,0.15,0.11,46-55,White,60k-100k,1M-2M,0-500,11
67765,F,Toronto,ON,LALONDE DIANE,46,False,,Asian,76555.0,True,1181463.0,0.0,True,False,5014,48300.62,764.0,Credit,22,9.62,False,16.84,Mortgage,True,False,0,Low,6,6,1,647-209-4135T,5415 9029T 1179 3825,CREDIT,TLD18442@rand.iCloud.com,0.15,0.49,36-45,OTHER,60k-100k,1M-2M,0-500,69
19410,M,Toronto,ON,RHEAULT ROLAND,48,False,,Black,86745.0,True,1321267.0,0.0,True,False,4719,79732.95,761.0,Credit,35,73.0,True,3601.63,Mortgage,True,True,4,High,4,4,3,905-676-8221T,4510 1368T 4125 9602,CREDIT,TRR2329@fake.zoho.com,0.15,0.41,46-55,OTHER,60k-100k,1M-2M,0-500,12
36726,M,Toronto,ON,TRUMBLEY DAVID,45,False,,Asian,82421.0,True,1238645.0,0.0,False,False,3970,55388.85,686.0,Checking,4,13.48,False,32.01,Mortgage,False,False,7,Low,5,1,4,753-136-3005T,5415 9093T 7124 3086,CREDIT,TTD780099136@rand.neo.com,0.15,0.09,36-45,OTHER,60k-100k,1M-2M,0-500,7
67639,M,Toronto,ON,DAWE NORMAN,44,False,,Asian,104659.0,True,1312753.0,0.0,False,False,8722,48948.41,727.0,Checking,13,47.0,True,5371.48,Personal Loan,True,False,0,High,3,4,1,705-831-8535T,4510 1657T 6026 6227,DEBIT,TDAWENORMAN@synth.zoho.com,0.15,0.3,36-45,OTHER,100k-200k,1M-2M,0-500,7
145316,M,Ottawa,ON,O'BRIEN KEVIN,38,True,,White,78434.0,True,773248.0,0.0,True,False,4905,24585.47,715.0,Investment; Checking; Credit; Joint,7,87.0,True,3244.53,Mortgage,True,False,6,High,4,3,3,226-916-1631T,4514 0138T 4014 5761,CREDIT,TOK008237@test.comcast.net,0.14,0.32,36-45,White,60k-100k,500k-1M,0-500,6
137478,F,Edmonton,AB,POSYNICK RAYLENE,38,False,,White,93843.0,True,491570.0,0.0,True,False,4841,51189.91,714.0,Investment,4,42.0,True,3241.32,Auto Loan,True,False,8,High,4,4,1,403-462-6626T,4512 2312T 7635 0849,CREDIT,TtruthfulTomatoe6PORA@synth.jumo.com,0.16,0.23,36-45,White,60k-100k,200k-500k,0-500,5
61078,M,Toronto,ON,LAFOREST MARK,37,True,,Asian,101301.0,True,1343010.0,0.0,True,False,8442,32559.78,745.0,Joint,26,68.0,True,6179.18,Mortgage,True,False,8,High,4,3,1,683-745-7182T,5415 9066T 4645 1704,CREDIT,TLAFORESTMARK@test.icloud.com,0.15,0.21,36-45,OTHER,100k-200k,1M-2M,0-500,22
98932,F,Montreal,QC,OUELLET REJEAN,42,False,,Latino,72912.0,True,608837.0,0.0,True,True,4450,10915.9,786.0,Credit; Checking; Investment,4,15.35,False,18.7,Mortgage,False,True,4,Low,5,1,6,468-799-6380T,4512 2391T 3958 1676,CREDIT,TOR26116@fake.aol.com,0.18,0.09,36-45,OTHER,60k-100k,500k-1M,0-500,5
69342,F,Toronto,ON,MISIC VERA,47,True,qFGyhJhw,White,64546.0,True,1135733.0,0.0,True,False,6324,20148.21,729.0,Joint,15,91.0,True,3948.54,Mortgage,True,False,0,High,4,1,5,249-156-1271T,4512 2349T 0575 2743,CREDIT,TMV975190803@rand.gmail.com,0.15,0.09,46-55,White,60k-100k,1M-2M,0-500,10
100646,F,Montreal,QC,CLERMONT MONIQUE,24,False,,White,66303.0,False,0.0,655.0,True,False,2285,4240.69,479.0,Checking,14,14.41,False,12.82,,False,True,0,Medium,2,0,7,367-872-8857T,4519 9286T 6853 1924,DEBIT,TCLERMONT_MONIQUE83@rand.hotmail.com,0.18,0.08,18-25,White,60k-100k,0-200k,500-1k,9
94343,F,Montreal,QC,JORDAN COOKE,24,False,,Latino,34962.0,False,0.0,648.0,True,False,2095,10878.05,486.0,Checking,10,11.48,False,6.35,Student Loan,False,False,0,Medium,2,0,6,468-312-1651T,5415 9026T 8414 6455,CREDIT,TJORDAN_COOKE78@rand.netZero.com,0.18,0.09,18-25,OTHER,30k-60k,0-200k,500-1k,7
65493,F,Toronto,ON,BOLLE YVONNE,27,False,,Black,87224.0,True,1024023.0,0.0,True,False,4315,24308.86,703.0,Credit,11,66.0,True,3237.86,Mortgage,False,False,0,High,3,4,1,365-807-7898T,4510 1640T 6243 5203,DEBIT,TBOLLE_YVONNE19@fake.aol.com,0.15,0.22,26-35,OTHER,60k-100k,1M-2M,0-500,63
92434,F,Montreal,QC,ULRICH JEANNE,44,True,,White,61055.0,True,549167.0,0.0,True,False,3887,46611.87,708.0,Checking; Credit,32,44.0,True,2953.31,Mortgage,True,False,0,Medium,5,0,8,581-405-6423T,4512 2386T 7972 2978,CREDIT,TUJ18702668@non.netZero.com,0.18,0.1,36-45,White,60k-100k,500k-1M,0-500,9
17261,M,Toronto,ON,STAHLEY KEITH,34,True,9TA6Hb4m,Asian,95100.0,True,1133247.0,0.0,True,False,4908,36064.39,774.0,Joint; Credit; Investment; Checking,4,10.93,False,22.03,Mortgage,True,False,2,Medium,2,1,5,519-845-4257T,5415 9082T 4098 3938,CREDIT,TSK96214288@synth.proton.com,0.15,0.05,26-35,OTHER,60k-100k,1M-2M,0-500,19
98917,M,Montreal,QC,LAGIMONIERE ANTOINE,35,False,,White,69523.0,True,540099.0,0.0,True,False,3181,22248.07,680.0,Credit,4,10.54,False,14.44,Mortgage,True,False,7,Low,6,3,4,450-824-6641T,4510 1339T 7470 9602,CREDIT,TLAANholisticSnipe11979@test.icloud.com,0.18,0.74,26-35,White,60k-100k,500k-1M,0-500,30
15544,F,Toronto,ON,DIMARCANTONIO ALEXANDRA,48,False,,White,99549.0,True,1364353.0,0.0,True,False,4768,28573.76,769.0,Checking,4,49.0,True,2758.56,Mortgage,False,False,0,High,4,0,5,548-680-3629T,4510 1592T 3309 0579,CREDIT,TemptyGarlic0DIAL@test.icloud.com,0.15,0.1,46-55,White,60k-100k,1M-2M,0-500,6
13276,F,Toronto,ON,SHANTZ JANIS,20,False,,Black,25881.0,False,0.0,1064.0,False,False,1607,6779.98,412.0,Checking; Savings,13,39.0,True,1136.56,,False,False,0,High,4,2,3,742-959-8155T,5415 9030T 7190 8234,CREDIT,TSHANTZ_JANIS63@rand.outlook.com,0.15,0.08,18-25,OTHER,0-30k,0-200k,1k-2k,11
94629,F,Montreal,QC,CHAYER DANIELLE,30,True,,White,73576.0,True,584059.0,0.0,True,False,4693,33535.49,702.0,Investment,11,14.27,False,37.96,Mortgage,True,False,0,Medium,2,1,5,581-340-6704T,5415 9070T 7796 3590,CREDIT,TCD139775@synth.aol.com,0.18,0.06,26-35,White,60k-100k,500k-1M,0-500,8
118857,M,Vancouver,BC,HOPP PETER,22,False,,Asian,13171.0,False,0.0,903.0,False,False,1055,7051.39,412.0,Savings,16,112.0,True,690.24,,False,False,0,High,4,2,2,250-799-2559T,5415 9011T 1917 6604,CREDIT,THP527365@test.netZero.com,0.13,0.12,18-25,OTHER,0-30k,0-200k,500-1k,5
175343,M,Hamilton,ON,RALPH WATSON,30,False,,Asian,75363.0,True,926206.0,0.0,True,False,3466,37056.08,718.0,Investment,20,7.09,False,10.0,Mortgage,False,False,6,Low,5,3,2,519-142-4942T,4510 1582T 8230 5783,CREDIT,TRW890056727@non.zoho.com,0.15,0.25,26-35,OTHER,60k-100k,500k-1M,0-500,5
148320,F,Ottawa,ON,CINDY FRANCO,22,False,,Asian,15006.0,False,0.0,729.0,False,False,1038,326.3,392.0,Savings,7,31.92,False,13.78,,False,True,0,Medium,2,0,6,647-581-3191T,4512 2380T 4175 1472,CREDIT,TCINDY_FRANCO47@rand.att.net,0.14,0.15,18-25,OTHER,0-30k,0-200k,500-1k,5
123550,F,Calgary,AB,BONERTZ VALORIE,39,True,,White,127889.0,True,669158.0,0.0,True,False,10657,21063.89,743.0,Investment; Checking,17,19.45,False,57.77,Auto Loan,False,False,0,Medium,2,1,5,587-975-1343T,4510 1650T 7558 2179,DEBIT,TBV2126568@synth.gmail.com,0.14,0.13,36-45,White,100k-200k,500k-1M,0-500,7
210743,F,London,ON,MOLLY YOUNG,38,False,,White,79085.0,True,778581.0,0.0,True,False,3680,13412.73,703.0,Checking,11,10.59,False,25.34,Mortgage,False,True,6,Medium,2,2,4,905-462-4063T,5415 9018T 1957 2322,CREDIT,TMY21763338@rand.netZero.com,0.17,0.09,36-45,White,60k-100k,500k-1M,0-500,8
19611,M,Toronto,ON,KIEFER BARRY,23,False,,White,78180.0,False,0.0,1365.0,True,False,1533,23589.15,533.0,Checking,12,40.0,True,1127.26,,False,False,0,High,5,0,3,289-345-8364T,4510 1549T 6301 2906,CREDIT,TKIEFER_BARRY73@non.att.net,0.15,0.12,18-25,White,60k-100k,0-200k,1k-2k,10
55767,F,Toronto,ON,NYGUYEN NGA,41,False,,White,99248.0,True,1134956.0,0.0,True,False,4316,32789.9,707.0,Investment,4,12.92,False,29.05,Auto Loan,True,False,0,Medium,2,1,5,343-180-2371T,5415 9057T 7907 3373,CREDIT,TsuperiorCamel5NYNG@test.cogeco.ca,0.15,0.1,36-45,White,60k-100k,1M-2M,0-500,42
106154,F,Vancouver,BC,CORNISH LORI,31,False,,Native,63396.0,True,1310841.0,0.0,True,False,2911,13916.68,697.0,Credit,10,5.58,False,43.16,Mortgage,False,False,10,Low,5,0,7,236-190-9138T,4510 1657T 2590 8744,DEBIT,TCL3913300423@non.zoho.com,0.13,0.2,26-35,OTHER,60k-100k,1M-2M,0-500,16
80544,M,Montreal,QC,CHMOUNI YOUSSEF,22,False,,White,23838.0,False,0.0,647.0,False,False,1165,4794.21,417.0,Checking,3,83.0,True,738.71,,False,False,6,High,4,6,1,581-489-9285T,5415 9033T 5812 5106,CREDIT,TCHMOUNImercifulCoati424@synth.proton.com,0.18,0.16,18-25,White,0-30k,0-200k,500-1k,11
66919,M,Toronto,ON,PROKOPOWICZ JOE,48,False,,Latino,125071.0,True,1292818.0,0.0,True,False,10423,33412.65,801.0,Checking; Investment; Credit,4,30.0,True,7863.05,,True,False,0,High,5,3,4,437-405-3967T,5415 9094T 1567 2559,CREDIT,TPJ0765@rand.iCloud.com,0.15,0.47,46-55,OTHER,100k-200k,1M-2M,0-500,13
17875,M,Toronto,ON,MENNIE GARRY,42,False,,Asian,129901.0,True,1350984.0,0.0,True,False,10825,39199.67,751.0,Investment,22,89.0,True,7152.98,,True,False,0,High,5,0,5,249-898-5693T,4510 1353T 0881 8700,CREDIT,TMG16850@synth.gmail.com,0.15,0.12,36-45,OTHER,100k-200k,1M-2M,0-500,29
164765,F,Quebec City,QC,GRONDIN BRIGITTE,33,False,,White,67377.0,True,363378.0,0.0,True,False,2837,11599.28,663.0,Checking; Credit,18,3.73,False,42.02,Mortgage,False,False,0,Low,6,0,7,468-115-1472T,4510 1659T 2638 6888,DEBIT,TGB972966217@fake.zoho.com,0.16,0.21,26-35,White,60k-100k,200k-500k,0-500,11
73166,M,Toronto,ON,DEWETERING TONY,20,False,,Black,19827.0,False,0.0,876.0,False,False,1000,3141.68,418.0,Savings; Checking,14,7.64,False,9.77,,False,False,7,Medium,2,0,4,753-980-6487T,4510 1321T 2107 5449,CREDIT,TDEWETERING_TONY78@rand.jumo.com,0.15,0.16,18-25,OTHER,0-30k,0-200k,500-1k,11
108884,M,Vancouver,BC,CHYLD RYAN,45,True,,Asian,88116.0,True,1150862.0,0.0,True,False,5002,102903.83,745.0,Investment,2,105.0,True,2723.75,Mortgage,True,False,6,High,5,0,4,778-555-2259T,4512 2384T 9870 5354,CREDIT,TCHYLDRYAN@fake.mail.com,0.13,0.07,36-45,OTHER,60k-100k,1M-2M,0-500,7
186296,M,Brampton,ON,SARAH BROWN,43,False,,Asian,97557.0,True,1307099.0,0.0,True,False,4893,32758.74,736.0,Checking,30,12.55,False,23.09,Personal Loan,False,False,4,Medium,2,2,3,289-614-7414T,4519 9215T 0833 3843,DEBIT,TSABRadoringLocust71961@non.icloud.com,0.17,0.05,36-45,OTHER,60k-100k,1M-2M,0-500,5
79978,M,Montreal,QC,DEMONTIGNY MARC,39,False,,White,66642.0,True,637700.0,0.0,True,False,3363,23144.56,688.0,Credit,4,7.53,False,62.35,Mortgage,False,False,5,Low,5,1,5,819-576-3484T,4510 1683T 8616 6886,DEBIT,TDEMONTIGNYMARC@test.yahoo.com,0.18,0.11,36-45,White,60k-100k,500k-1M,0-500,28
47626,M,Toronto,ON,FINAMORE JAMES,38,False,,Latino,108548.0,True,1074839.0,0.0,True,False,8845,15956.08,741.0,Credit,4,11.39,False,35.72,Mortgage,False,False,8,Low,6,3,2,289-948-3043T,5415 9054T 1144 0876,CREDIT,TFJ68831@fake.att.net,0.15,0.52,36-45,OTHER,100k-200k,1M-2M,0-500,29
17176,F,Toronto,ON,DONER BEVERLY,25,False,,Asian,63879.0,True,1045282.0,0.0,True,False,2659,17038.77,681.0,Checking; Credit,9,11.51,False,11.16,Mortgage,True,True,3,Low,4,0,6,343-475-7502T,4510 1531T 1069 1563,CREDIT,TDONER_BEVERLY92@rand.proton.com,0.15,0.24,18-25,OTHER,60k-100k,1M-2M,0-500,8
59553,F,Toronto,ON,COURTNEY HENSMAN,46,True,yyRxuqAm,Asian,73847.51,True,1349426.0,0.0,True,False,5953,76834.58,788.0,Investment,8,37.0,True,3145.79,Mortgage,True,True,8,High,4,1,6,289-714-5123T,4512 2381T 3129 2491,CREDIT,TCH3578339336@rand.iCloud.com,0.15,0.11,36-45,OTHER,60k-100k,1M-2M,0-500,36
28080,F,Toronto,ON,MILLSON CHRISTA,21,False,,Black,19272.0,False,0.0,977.0,False,False,821,5187.88,403.0,Savings,11,11.99,False,4.77,,False,True,0,Medium,2,0,5,683-439-4208T,4519 9266T 8110 0953,DEBIT,TMC081835@synth.outlook.com,0.15,0.16,18-25,OTHER,0-30k,0-200k,500-1k,15
182692,F,Mississauga,ON,LUSSIER MARTI,33,True,kXMdvRbw,Asian,82198.0,True,1171164.0,0.0,True,False,3811,41767.49,755.0,Credit,16,7.74,False,35.12,Mortgage,True,True,0,Low,5,0,6,548-503-8252T,5415 9085T 2421 0521,CREDIT,TLM98886333@fake.zoho.com,0.17,0.06,26-35,OTHER,60k-100k,1M-2M,0-500,8
28690,F,Toronto,ON,PEACOCK DAPHNE,21,False,,White,10191.0,False,0.0,898.0,False,False,1070,5157.04,394.0,Savings,5,16.86,False,17.99,,False,True,0,Medium,2,2,4,647-294-3373T,4510 1669T 3341 1949,DEBIT,TPD526264589@non.live.com,0.15,0.08,18-25,White,0-30k,0-200k,500-1k,10
91471,F,Montreal,QC,MENARD DIANE,32,False,,Latino,54018.0,True,508296.0,0.0,True,False,2986,17385.96,665.0,Credit,5,9.55,False,19.06,Mortgage,False,False,0,Low,5,0,7,873-706-2178T,4510 1370T 8700 7740,CREDIT,TfondThrush7MEDI@rand.iCloud.com,0.18,0.12,26-35,OTHER,30k-60k,500k-1M,0-500,8
42264,M,Toronto,ON,BECHARD GERALD,34,True,,White,87035.0,True,1232438.0,0.0,True,False,5006,17009.08,702.0,Investment,5,6.84,False,29.92,,False,False,0,Low,5,1,4,753-271-4835T,4512 2316T 1662 3997,CREDIT,TBECHARDGERALD@test.bla.com,0.15,0.09,26-35,White,60k-100k,1M-2M,0-500,11
190083,F,Brampton,ON,WYLIE DORIS,33,False,,Asian,96003.0,True,1077946.0,0.0,True,False,3125,19394.02,745.0,Checking,4,10.81,False,13.13,Mortgage,True,False,6,Medium,2,1,4,437-775-5484T,4512 2375T 6177 5095,CREDIT,TWD149169070@non.aol.com,0.17,0.13,26-35,OTHER,60k-100k,1M-2M,0-500,6
151975,M,Ottawa,ON,JORDAN PHILLIPS,29,False,,White,69584.0,True,642408.0,0.0,True,False,3837,6757.46,628.0,Credit; Checking,3,5.79,False,11.85,,True,False,12,Low,4,3,4,705-755-9340T,4510 1557T 9914 4921,CREDIT,TJORDAN_PHILLIPS9@fake.att.net,0.14,0.53,26-35,White,60k-100k,500k-1M,0-500,7
99322,M,Montreal,QC,URBAN NICK,42,False,,White,85987.0,True,680646.0,0.0,True,False,4962,41683.83,723.0,Checking,4,11.4,False,28.21,Mortgage,True,False,12,Medium,2,2,2,581-495-8936T,4519 9265T 3208 8793,DEBIT,TUN608187648@non.outlook.com,0.18,0.08,36-45,White,60k-100k,500k-1M,0-500,28
165527,F,Quebec City,QC,GRATTON LINA,36,False,,White,71738.0,True,323130.0,0.0,True,False,3106,64358.4,705.0,Investment,12,66.0,True,2228.67,Mortgage,False,False,0,High,3,4,3,438-332-7994T,4519 9261T 6496 2348,DEBIT,TGL7555@rand.hotmail.com,0.16,0.04,26-35,White,60k-100k,200k-500k,0-500,11
71147,M,Toronto,ON,GIROUX JACQUES,48,False,,Asian,82703.0,True,1084681.0,0.0,True,False,3678,32195.62,750.0,Checking,10,39.0,True,1955.89,Mortgage,False,False,8,High,4,2,4,249-954-9780T,4519 9220T 8911 9585,DEBIT,TGJ91211@non.proton.com,0.15,0.08,46-55,OTHER,60k-100k,1M-2M,0-500,12
39653,M,Toronto,ON,SHIP SAUL,34,False,,White,98647.0,True,982170.0,0.0,True,False,2695,29491.88,710.0,Investment,19,45.0,True,1437.55,Mortgage,False,False,0,High,3,2,2,905-319-7422T,4510 1342T 3112 2203,CREDIT,TSS6954@test.zoho.com,0.15,0.12,26-35,White,60k-100k,500k-1M,0-500,19
35742,F,Toronto,ON,GARDINER ANNE,40,False,,Asian,96629.0,True,1294825.0,0.0,True,False,4662,21762.45,737.0,Investment,8,11.02,False,24.3,Mortgage,True,False,0,Medium,2,1,5,519-456-1364T,4510 1699T 1267 5332,DEBIT,TabjectPaella3GAAN@fake.live.com,0.15,0.16,36-45,OTHER,60k-100k,1M-2M,0-500,69
6015,F,Toronto,ON,VOISINE JUDITH,43,True,AKDVLDsK,Black,99332.0,True,1126140.0,0.0,True,False,6279,15655.91,752.0,Credit; Joint; Investment; Checking,4,66.0,True,3243.67,Personal Loan,False,False,0,High,4,1,3,613-577-6335T,4510 1656T 4720 0243,DEBIT,TforsakenCur0VOJU@fake.mail.com,0.15,0.06,36-45,OTHER,60k-100k,1M-2M,0-500,36
47542,F,Toronto,ON,FISCHER LINDA,44,True,haRNQpmt,Asian,76280.0,True,1051223.0,0.0,True,False,4731,40446.65,736.0,Joint; Checking; Investment,4,36.0,True,2767.66,Mortgage,True,True,0,High,4,0,4,548-249-2732T,4510 1567T 1873 8509,CREDIT,TFL94085219@synth.att.net,0.15,0.06,36-45,OTHER,60k-100k,1M-2M,0-500,36
97725,F,Montreal,QC,IMBEAULT MYRIAM,31,False,,White,61088.0,True,570573.0,0.0,True,False,3863,16141.98,650.0,Credit,4,7.0,False,18.31,Mortgage,True,False,0,Low,6,0,6,263-287-4172T,5415 9093T 7100 7072,CREDIT,TIM33994@rand.hotmail.com,0.18,0.2,26-35,White,60k-100k,500k-1M,0-500,28
31131,M,Toronto,ON,DOUGLAS JACK,45,True,ryx8NxMo,Asian,116139.32,True,1062196.0,0.0,True,False,8182,18989.14,748.0,Credit,10,118.0,True,5116.03,Mortgage,False,False,11,High,5,1,6,548-922-9931T,4510 1589T 1658 5296,CREDIT,TDJ3960208856@synth.proton.com,0.15,0.07,36-45,OTHER,100k-200k,1M-2M,0-500,22
6205,F,Toronto,ON,DIAZ ELIANA,39,False,,White,86706.0,True,1004969.0,0.0,True,False,5013,51561.78,726.0,Checking; Credit,19,72.0,True,2814.81,Mortgage,False,False,8,High,4,1,6,548-472-6127T,4514 0132T 7223 0579,CREDIT,TDE497070030@synth.zoho.com,0.15,0.06,36-45,White,60k-100k,1M-2M,0-500,42
19080,F,Toronto,ON,PHILLIPS KAREN,38,True,,White,74657.0,True,1108382.0,0.0,True,False,4784,41629.33,736.0,Credit; Joint; Checking,26,19.82,False,57.73,Mortgage,True,False,0,Low,4,1,5,519-728-6480T,4512 2311T 0407 3323,CREDIT,TPK9470@test.neo.com,0.15,0.05,36-45,White,60k-100k,1M-2M,0-500,25
25261,F,Toronto,ON,MAZURSKI BEV,24,False,,White,58052.0,False,0.0,1120.0,True,False,1916,8035.19,500.0,Savings; Credit; Checking,11,14.23,False,23.68,Student Loan,False,False,0,Medium,2,0,5,548-357-1227T,4510 1586T 4676 3246,CREDIT,TMAZURSKI_BEV4@synth.cogeco.ca,0.15,0.1,18-25,White,30k-60k,0-200k,1k-2k,5
125569,F,Calgary,AB,BODNAREK LORRAINE,34,True,,White,70316.0,True,541818.0,0.0,True,False,3225,17613.77,700.0,Joint,12,75.0,True,2194.09,Mortgage,True,False,0,High,4,3,4,587-975-7505T,4519 9294T 5594 6560,DEBIT,TBL167700094@synth.cogeco.ca,0.14,0.26,26-35,White,60k-100k,500k-1M,0-500,5
164616,F,Quebec City,QC,OUELLET NICOLE,46,True,Un9F2QF7,White,67261.0,True,320960.0,0.0,True,False,5366,34198.71,709.0,Checking,8,64.0,True,3941.16,Mortgage,True,False,7,High,5,0,8,438-656-1039T,4510 1672T 8691 9132,DEBIT,TON9040148@fake.zoho.com,0.16,0.13,36-45,White,60k-100k,200k-500k,0-500,7
87246,M,Montreal,QC,ROBITAILLE ALAIN,24,False,,Black,49916.0,False,0.0,665.0,True,False,1730,4452.41,472.0,Savings; Checking,4,7.64,False,7.03,,False,False,0,Low,5,0,6,438-235-4818T,5415 9091T 2460 3218,CREDIT,TROBITAILLE_ALAIN35@fake.zoho.com,0.18,0.1,18-25,OTHER,30k-60k,0-200k,500-1k,6
5929,F,Toronto,ON,LAMONTAGNE LINDA,37,False,,Others,77431.0,True,1064066.0,0.0,True,True,4430,62157.43,850.0,Credit,17,109.0,True,2836.25,Mortgage,False,False,0,High,4,1,6,753-348-5067T,4510 1634T 2372 5302,DEBIT,TwingedMallard6LALI@non.proton.com,0.15,0.09,36-45,OTHER,60k-100k,1M-2M,0-500,12
70743,F,Toronto,ON,SCHROEDER SANDRA,24,False,,Black,33725.0,False,0.0,837.0,False,False,2168,12093.89,459.0,Checking,4,8.38,False,17.31,,False,True,12,Medium,2,2,4,416-240-3779T,4510 1313T 2046 3489,CREDIT,TSCHROEDER_SANDRA82@non.aol.com,0.15,0.26,18-25,OTHER,30k-60k,0-200k,500-1k,5
60477,M,Toronto,ON,HARRY WILLIAMS,46,True,,White,70106.0,True,1099674.0,0.0,True,False,5241,78581.64,777.0,Joint,29,44.0,True,3760.63,Mortgage,True,True,0,High,5,2,4,753-622-1364T,4514 0144T 3799 1171,CREDIT,THW6459087@test.neo.com,0.15,0.05,36-45,White,60k-100k,1M-2M,0-500,21
18184,F,Toronto,ON,MCEWEN CAROLYN,34,False,,White,87625.0,True,1024145.0,0.0,True,False,3066,14700.62,694.0,Credit,4,47.0,True,1734.19,Mortgage,True,False,0,Medium,7,2,5,742-720-6480T,4510 1320T 9301 9128,CREDIT,TMC8724@non.comcast.net,0.15,0.14,26-35,White,60k-100k,1M-2M,0-500,37
93696,F,Montreal,QC,DUCHARME JULIE,39,True,,Others,67064.0,True,510323.0,0.0,True,False,4625,10474.05,685.0,Credit,16,106.0,True,2395.67,Mortgage,False,False,6,High,4,1,6,819-549-8071T,4510 1690T 1085 9583,DEBIT,TDJ2155999292@fake.netZero.com,0.18,0.12,36-45,OTHER,60k-100k,500k-1M,0-500,5
93280,M,Montreal,QC,DEBLOIS MARC,32,False,,White,90042.0,True,630276.0,0.0,True,False,3021,23564.89,694.0,Credit; Checking; Investment,5,9.71,False,44.4,Personal Loan,True,False,2,Low,5,4,1,579-312-4640T,4519 9225T 9173 5634,DEBIT,TDM3871560047@synth.icloud.com,0.18,0.33,26-35,White,60k-100k,500k-1M,0-500,30
8746,M,Toronto,ON,NURMI RAY,38,False,,White,116383.0,True,1210569.0,0.0,False,False,9046,15845.31,699.0,Checking,14,18.91,False,59.96,Mortgage,False,False,4,Low,5,2,4,365-705-7595T,4510 1517T 6560 1894,CREDIT,TNR8456@non.comcast.net,0.15,0.15,36-45,White,100k-200k,1M-2M,0-500,9
5158,F,Toronto,ON,GAETE LUZ,39,False,,Asian,76404.0,True,1138928.0,0.0,True,False,4613,30000.81,713.0,Credit; Checking,6,16.77,False,14.15,Mortgage,True,False,9,Medium,2,1,6,753-828-2921T,4510 1524T 7966 9103,CREDIT,TGL3126@fake.icloud.com,0.15,0.13,36-45,OTHER,60k-100k,1M-2M,0-500,69
38780,F,Toronto,ON,OPPELMAN ROSA,44,False,,Black,94901.0,True,1062096.0,0.0,True,False,3405,61926.49,757.0,Investment; Checking; Credit,4,19.0,False,45.81,Mortgage,True,False,7,Low,5,0,7,416-611-1548T,4510 1352T 9852 0716,CREDIT,TfondCheetah6OPRO@non.neo.com,0.15,0.12,36-45,OTHER,60k-100k,1M-2M,0-500,69
14249,F,Toronto,ON,ROSE SUSAN,42,False,,White,101830.0,True,1768525.0,0.0,True,False,8486,21263.88,713.0,Investment,32,57.0,True,4405.35,Mortgage,False,False,0,High,4,2,6,416-958-4346T,4512 2392T 9567 4778,CREDIT,TRS47773871@fake.hotmail.com,0.15,0.08,36-45,White,100k-200k,1M-2M,0-500,7
91056,F,Montreal,QC,MARIN LOUISE,44,False,,Latino,70434.0,True,668647.0,0.0,True,False,3117,51808.8,698.0,Credit,18,103.0,True,1919.79,Mortgage,True,True,0,High,4,1,3,354-640-9832T,4510 1568T 1615 7792,CREDIT,TML89271910@test.comcast.net,0.18,0.15,36-45,OTHER,60k-100k,500k-1M,0-500,19
63443,M,Toronto,ON,MARY LEE,25,False,,White,83074.0,True,1051434.0,0.0,True,False,2534,13261.55,688.0,Investment,4,103.0,True,1843.08,Mortgage,True,True,0,High,4,4,2,613-394-9494T,5415 9036T 0831 0503,CREDIT,TMARY_LEE77@synth.yahoo.com,0.15,0.48,18-25,White,60k-100k,1M-2M,0-500,10
71367,M,Toronto,ON,THOMAS RICHARDSON,33,False,,Asian,75052.0,True,1212325.0,0.0,True,False,3357,33045.67,689.0,Investment,21,8.06,False,13.37,Mortgage,True,True,0,Low,5,4,2,365-340-4908T,4510 1637T 0836 8303,DEBIT,TTR464682@fake.hotmail.com,0.15,0.59,26-35,OTHER,60k-100k,1M-2M,0-500,39
149801,M,Ottawa,ON,RALPH VINCE,34,False,,Others,79149.0,True,798013.0,0.0,True,False,3872,34532.24,684.0,Investment,4,49.0,True,2557.42,Auto Loan,False,False,8,Medium,5,0,5,807-565-1830T,4512 2339T 7119 8195,CREDIT,TRALPHVINCE@non.netZero.com,0.14,0.09,26-35,OTHER,60k-100k,500k-1M,0-500,7
152493,F,Ottawa,ON,BEZEAU MIREILLE,31,False,,White,86644.0,True,670451.0,0.0,True,False,3626,25721.65,691.0,Checking,21,106.0,True,2473.44,Mortgage,True,False,0,High,3,4,1,613-452-8897T,4512 2339T 7199 0271,CREDIT,TBM8271300584@non.comcast.net,0.14,0.29,26-35,White,60k-100k,500k-1M,0-500,18
42136,M,Toronto,ON,BEATON DANNY,49,False,,White,88974.0,True,1168937.0,0.0,True,False,4835,124943.15,754.0,Investment,35,16.48,False,26.69,Mortgage,True,False,0,Low,4,1,4,249-270-8363T,4510 1336T 2463 0423,CREDIT,TBEATONDANNY@rand.neo.com,0.15,0.1,46-55,White,60k-100k,1M-2M,0-500,11
97271,F,Montreal,QC,PAYETTE DIANE,26,False,,White,68162.0,False,0.0,944.0,True,False,3560,13942.7,568.0,Credit,14,11.78,False,13.58,,True,True,0,Low,5,0,7,418-252-1537T,4512 2315T 3080 5101,CREDIT,TPAYETTE_DIANE40@rand.iCloud.com,0.18,0.17,18-25,White,60k-100k,0-200k,500-1k,9
20674,F,Toronto,ON,DREW JEN,44,True,9xZFeFQm,Asian,123980.24,True,1077902.0,0.0,True,False,8289,53072.65,813.0,Credit; Investment; Checking,23,14.82,False,47.79,Auto Loan,False,False,0,High,5,3,2,289-838-2851T,4514 0135T 4559 9297,CREDIT,TDJ82787353@test.gmail.com,0.15,0.17,36-45,OTHER,100k-200k,1M-2M,0-500,16
23907,F,Toronto,ON,RYAN DARLENE,43,False,,Others,108563.0,True,1375887.0,0.0,True,False,9047,30795.43,750.0,Credit; Investment; Checking,16,11.57,False,37.02,Mortgage,True,False,0,Low,5,0,5,289-779-6106T,4510 1386T 9375 9356,CREDIT,TRD1914@fake.outlook.com,0.15,0.11,36-45,OTHER,100k-200k,1M-2M,0-500,14
29232,M,Toronto,ON,SHAVER CALVIN,29,False,,Others,60671.0,True,887305.0,0.0,True,False,3008,6794.61,639.0,Credit,14,116.0,True,1726.83,Mortgage,True,True,3,High,4,2,5,613-481-9162T,4512 2372T 5161 3249,CREDIT,TSC7326759@fake.iCloud.com,0.15,0.17,26-35,OTHER,60k-100k,500k-1M,0-500,19
95876,M,Montreal,QC,PITRE DANIEL,47,True,,White,62424.0,True,587960.0,0.0,True,False,5032,14518.22,716.0,Joint; Credit,33,88.0,True,3303.38,Mortgage,False,False,0,High,4,3,5,354-480-3037T,4512 2367T 0887 6429,CREDIT,TPD8226@test.gmail.com,0.18,0.17,46-55,White,60k-100k,500k-1M,0-500,6
46112,M,Toronto,ON,KELSO ALLAN,27,False,,Asian,62747.0,True,1001207.0,0.0,True,False,3382,16050.73,657.0,Credit; Checking,12,11.72,False,22.0,Mortgage,True,False,1,Low,5,0,7,613-309-6550T,4514 0187T 7340 0509,CREDIT,TKELSOM65@synth.att.net,0.15,0.16,26-35,OTHER,60k-100k,1M-2M,0-500,39
65530,F,Toronto,ON,MCKENZIE DIANA,42,False,,Asian,108058.0,True,1654164.0,0.0,True,False,9005,29979.61,722.0,Credit,13,15.04,False,2.04,Personal Loan,False,True,9,Medium,2,1,4,249-193-6997T,4510 1513T 4709 9442,CREDIT,ToutlyingPaella8MCDI@non.hotmail.com,0.15,0.18,36-45,OTHER,100k-200k,1M-2M,0-500,14
166356,M,Quebec City,QC,RAYMOND JACQUES,46,True,,White,72137.0,True,453456.0,0.0,True,False,4841,24019.86,722.0,Joint,15,73.0,True,3229.13,Mortgage,True,False,2,High,5,0,5,438-796-3531T,4510 1663T 2157 3027,DEBIT,TRJ274661@test.att.net,0.16,0.11,36-45,White,60k-100k,200k-500k,0-500,8
111073,F,Vancouver,BC,KESTELOO KAREN,25,True,,Asian,92293.0,True,1292015.0,0.0,True,False,4156,10735.32,722.0,Investment; Checking,11,85.0,True,2426.32,Mortgage,True,False,2,High,4,2,3,778-180-2813T,5415 9061T 1051 0631,CREDIT,TKK892890@non.zoho.com,0.13,0.1,18-25,OTHER,60k-100k,1M-2M,0-500,5
67543,M,Toronto,ON,HEARN PATRICK,47,True,,White,114264.0,True,1153177.0,0.0,True,False,8263,79737.02,794.0,Investment; Credit; Joint; Checking,12,16.64,False,44.83,Personal Loan,True,False,6,Medium,2,3,2,289-948-3191T,4519 9238T 4756 3678,DEBIT,THEPApridefulCaribou21981@synth.icloud.com,0.15,0.43,46-55,White,100k-200k,1M-2M,0-500,7
4848,M,Toronto,ON,GALLO DANIEL,22,False,,White,7819.0,False,0.0,663.0,False,False,965,5430.11,408.0,Checking,12,6.32,False,22.47,,False,True,0,Low,6,1,3,437-526-5112T,4519 9294T 7824 1359,DEBIT,TGALLO_DANIEL11@fake.att.net,0.15,0.22,18-25,White,0-30k,0-200k,500-1k,9
29727,M,Toronto,ON,MILLER ERNIE,43,False,,White,71523.0,True,1364167.0,0.0,True,False,3463,28921.43,708.0,Credit,28,14.73,False,73.41,Mortgage,True,False,0,Medium,2,0,5,807-755-2531T,4510 1525T 9336 3488,CREDIT,TME5353715239@fake.bla.com,0.15,0.09,36-45,White,60k-100k,1M-2M,0-500,31
28681,M,Toronto,ON,JONES DUANE,39,True,,White,96566.0,True,1010207.0,0.0,True,False,4949,64675.47,787.0,Investment,25,19.19,False,51.18,Mortgage,True,False,6,Medium,2,3,1,416-432-6993T,4519 9267T 2914 9978,DEBIT,TJONESDUANE@non.iCloud.com,0.15,0.24,36-45,White,60k-100k,1M-2M,0-500,21
167521,M,Quebec City,QC,RANCOURT LUC,29,False,,White,91577.0,True,333028.0,0.0,True,False,3687,10070.63,663.0,Investment,17,33.0,True,2430.71,Mortgage,False,False,0,Medium,5,0,5,438-660-8995T,4510 1366T 9761 8176,CREDIT,TRANCOURTM70@fake.iCloud.com,0.16,0.06,26-35,White,60k-100k,200k-500k,0-500,6
20052,F,Toronto,ON,WARPULA BARB,31,True,,White,89152.0,True,1175640.0,0.0,True,False,5641,30381.9,724.0,Investment,4,116.0,True,3473.5,Auto Loan,True,False,0,High,3,3,4,289-371-6022T,5415 9050T 2297 6956,CREDIT,TWB3918645884@synth.hotmail.com,0.15,0.12,26-35,White,60k-100k,1M-2M,0-500,14
88060,F,Montreal,QC,RAICHE GENEVIEVE,29,False,,Asian,77138.0,True,512998.0,0.0,True,False,3563,50385.08,693.0,Checking; Investment,10,8.39,False,31.66,Mortgage,True,False,0,Low,4,1,5,263-817-1341T,5415 9095T 9838 8293,CREDIT,TRAICHE_GENEVIEVE88@fake.iCloud.com,0.18,0.12,26-35,OTHER,60k-100k,500k-1M,0-500,21
59631,F,Toronto,ON,MCGREGOR DAWN,24,False,,Asian,68102.0,False,0.0,1403.0,True,False,1935,6898.24,515.0,Savings,3,14.8,False,5.38,,False,False,3,Medium,2,1,5,683-955-1993T,4514 0196T 0404 4675,CREDIT,TMCGREGORgiddySeahorse365@fake.outlook.com,0.15,0.08,18-25,OTHER,60k-100k,0-200k,1k-2k,8
74024,M,Montreal,QC,GRAVEL GILLES,36,False,,White,65213.0,True,517199.0,0.0,False,False,4255,14928.63,647.0,Credit; Checking,12,16.06,False,45.13,Mortgage,True,False,4,Low,4,1,5,873-401-6602T,4514 0184T 2617 7188,CREDIT,TGG06544@non.cogeco.ca,0.18,0.13,26-35,White,60k-100k,500k-1M,0-500,7
175436,M,Hamilton,ON,SIERRA JOSE,35,False,,Black,91489.0,True,810849.0,0.0,True,False,3691,26830.23,708.0,Credit; Checking,9,5.47,False,10.48,Mortgage,False,False,3,Low,6,2,2,613-561-5487T,5415 9044T 9534 7530,CREDIT,TSJ7819990@rand.icloud.com,0.15,0.15,26-35,OTHER,60k-100k,500k-1M,0-500,5
22958,M,Toronto,ON,HAMANAKA DAVID,27,False,,White,92807.0,True,961619.0,0.0,True,False,3743,34433.23,720.0,Checking,10,60.0,True,1984.97,Mortgage,True,False,1,High,4,2,4,647-493-4269T,4514 0174T 6034 8695,CREDIT,THAMANAKA_DAVID15@non.bla.com,0.15,0.15,26-35,White,60k-100k,500k-1M,0-500,19
32968,F,Toronto,ON,GERMANN JENNIFER,44,False,,Black,99543.0,True,1179709.0,0.0,True,False,5198,51312.67,764.0,Credit; Investment; Checking,4,94.0,True,4104.81,Mortgage,True,False,0,High,3,0,4,416-605-8891T,4514 0171T 6192 8231,CREDIT,TGJ656036@non.live.com,0.15,0.14,36-45,OTHER,60k-100k,1M-2M,0-500,69
27589,M,Toronto,ON,DIONNE CHARLIE,49,False,,White,89511.0,True,1150635.0,0.0,True,False,4880,93757.31,777.0,Checking,28,10.74,False,23.25,Mortgage,True,False,0,Low,5,0,4,437-544-5312T,4512 2377T 2455 7898,CREDIT,TDIONNECHARLIE@rand.icloud.com,0.15,0.09,46-55,White,60k-100k,1M-2M,0-500,11
60658,F,Toronto,ON,HICKMAN CAROLYN,29,False,,Asian,77887.0,True,952422.0,0.0,True,False,3312,14712.69,669.0,Investment,14,11.64,False,32.01,,True,False,0,Medium,2,0,5,613-758-7660T,4510 1396T 9406 7509,CREDIT,THC4393@synth.hotmail.com,0.15,0.13,26-35,OTHER,60k-100k,500k-1M,0-500,22
28580,M,Toronto,ON,MAJIK FRANK,36,True,,Asian,107646.0,True,1198097.0,0.0,True,False,8970,8657.69,730.0,Investment,6,64.0,True,5525.35,Mortgage,False,False,11,High,4,4,2,613-752-9125T,4510 1399T 9456 7400,CREDIT,TMAJIKFRANK@non.netZero.com,0.15,0.05,26-35,OTHER,100k-200k,1M-2M,0-500,18
69708,F,Toronto,ON,MISNER JOANNE,41,True,,Black,77485.0,True,1005469.0,0.0,True,False,5502,44933.94,765.0,Joint,31,89.0,True,3966.09,Mortgage,True,False,11,High,3,2,2,548-255-7100T,4510 1380T 3901 5869,CREDIT,TwakefulRuffs2MIJO@fake.proton.com,0.15,0.11,36-45,OTHER,60k-100k,1M-2M,0-500,36
57604,F,Toronto,ON,PORTILLO MARIA,30,False,,Asian,96524.0,True,1041069.0,0.0,True,False,3442,17333.19,684.0,Investment,18,10.69,False,15.15,Mortgage,False,False,5,Medium,2,1,4,807-436-5778T,4510 1666T 3537 2665,DEBIT,TPM47828@test.att.net,0.15,0.14,26-35,OTHER,60k-100k,1M-2M,0-500,63
27645,F,Toronto,ON,LEPINE AGNES,21,False,,White,9442.0,False,0.0,934.0,False,True,1058,8354.3,573.0,Checking; Savings,4,6.08,False,21.2,,False,True,8,Medium,2,0,6,519-808-7082T,4512 2337T 6682 8445,CREDIT,TLA56838729@fake.comcast.net,0.15,0.14,18-25,White,0-30k,0-200k,500-1k,5
19820,F,Toronto,ON,CHISHOLM CONNIE,39,False,,Asian,66142.0,False,0.0,1677.0,True,False,3452,6768.5,571.0,Credit,7,12.59,False,31.94,,True,False,0,Medium,2,0,8,905-782-3203T,4510 1520T 3727 0953,CREDIT,TCC8441556@synth.bla.com,0.15,0.07,36-45,OTHER,60k-100k,0-200k,1k-2k,7
21085,M,Toronto,ON,GOODHAND JIM,32,False,,White,97983.0,True,1157951.0,0.0,True,False,3836,9036.79,711.0,Credit,9,11.95,False,8.67,Mortgage,True,False,0,Low,5,2,4,437-650-7790T,4519 9279T 3704 6160,DEBIT,TGOODHANDJIM@rand.comcast.net,0.15,0.07,26-35,White,60k-100k,1M-2M,0-500,23
19447,M,Toronto,ON,PEARSON IAN,30,True,U3FzkKG1,Black,73856.0,True,1140397.0,0.0,True,False,4468,31471.36,704.0,Checking,4,9.88,False,27.14,Mortgage,False,False,2,Low,4,0,4,365-234-6993T,4510 1382T 0606 9351,CREDIT,TPI17660136@rand.bla.com,0.15,0.05,26-35,OTHER,60k-100k,1M-2M,0-500,19
48885,F,Toronto,ON,MOELLER SHEILA,24,False,,Asian,72367.0,False,0.0,1111.0,True,False,2126,9488.72,512.0,Savings,13,103.0,True,1424.91,,False,True,0,High,4,2,3,683-797-7095T,4510 1673T 3764 6538,DEBIT,TMOELLER_SHEILA56@fake.zoho.com,0.15,0.15,18-25,OTHER,60k-100k,0-200k,1k-2k,8
49064,F,Toronto,ON,KENNETH BROWN,22,False,,White,31671.0,False,0.0,1193.0,True,False,1869,6814.26,479.0,Savings,14,8.47,False,27.8,Student Loan,False,False,0,Medium,2,1,4,647-656-7909T,4512 2399T 0239 5738,CREDIT,TKENNETH_BROWN10@non.outlook.com,0.15,0.15,18-25,White,30k-60k,0-200k,1k-2k,5
83404,F,Montreal,QC,COULOMBE LOUISE,32,False,,Asian,65882.0,True,640185.0,0.0,True,False,3663,12625.29,671.0,Credit,10,12.75,False,19.13,Personal Loan,True,False,3,Low,4,0,8,819-978-5358T,5415 9057T 3325 4247,CREDIT,TCL06130@fake.proton.com,0.18,0.06,26-35,OTHER,60k-100k,500k-1M,0-500,21
114804,M,Vancouver,BC,SHIRLEY TUCKER,43,False,,White,91005.0,True,1435747.0,0.0,True,False,4196,36576.49,737.0,Credit,18,46.0,True,2763.72,,True,False,0,High,5,5,1,250-184-5033T,4519 9293T 1633 5669,DEBIT,TSHIRLEYTUCKER@non.gmail.com,0.13,0.3,36-45,White,60k-100k,1M-2M,0-500,12
722,M,Toronto,ON,BAKER DAN,33,False,,White,75527.0,True,986045.0,0.0,True,False,2794,9074.09,693.0,Credit,22,110.0,True,2199.71,Mortgage,False,False,0,High,4,2,3,437-566-8419T,4510 1682T 2484 6706,DEBIT,TBD6077@rand.outlook.com,0.15,0.04,26-35,White,60k-100k,500k-1M,0-500,19
82583,F,Montreal,QC,LEMIEUX DIANE,29,True,,White,61647.0,True,549239.0,0.0,True,False,2922,23722.28,684.0,Credit,12,9.64,False,39.39,Mortgage,True,True,8,Low,4,0,7,418-479-3236T,4512 2369T 6002 1948,CREDIT,TLD920636758@rand.icloud.com,0.18,0.34,26-35,White,60k-100k,500k-1M,0-500,8
118631,M,Vancouver,BC,MOLCAN DENIS,29,False,,Asian,78930.0,True,1291003.0,0.0,True,False,3354,35744.31,695.0,Checking,8,13.12,False,24.51,Mortgage,False,False,3,Low,4,3,2,250-264-1188T,5415 9096T 3299 6489,CREDIT,TMD974731535@synth.comcast.net,0.13,0.48,26-35,OTHER,60k-100k,1M-2M,0-500,21
89945,M,Montreal,QC,SULLIVAN JOHN,42,False,,White,75431.0,True,599861.0,0.0,True,False,3741,52385.24,690.0,Investment,1,12.59,False,304.95,Mortgage,True,False,12,Medium,2,2,3,367-356-6934T,4510 1527T 0855 2860,CREDIT,TSJ22805692@rand.icloud.com,0.18,0.16,36-45,White,60k-100k,500k-1M,0-500,28
25005,F,Toronto,ON,DILLON CHANTAL,47,True,f6FeK8NL,White,91345.0,True,1022530.0,0.0,True,False,6573,29690.99,763.0,Joint,26,87.0,True,4702.04,Mortgage,True,False,0,High,4,4,2,613-214-7274T,4512 2380T 5476 9376,CREDIT,TDC333766@test.hotmail.com,0.15,0.07,46-55,White,60k-100k,1M-2M,0-500,10
115316,M,Vancouver,BC,KELLY ROMERO,31,False,,White,72935.0,True,1454139.0,0.0,True,False,3459,24883.15,619.0,Checking,15,5.75,False,34.05,Mortgage,False,False,12,Low,4,2,3,672-935-1821T,4519 9254T 3848 5205,DEBIT,TKEROfondBaboon41994@synth.netZero.com,0.13,0.17,26-35,White,60k-100k,1M-2M,0-500,9
138384,M,Edmonton,AB,WAGGONER TODD,32,False,,White,74308.0,True,440013.0,0.0,True,False,3100,35708.94,662.0,Investment,4,85.0,True,2464.08,Mortgage,True,False,0,High,3,3,1,587-814-1618T,4512 2392T 3683 4223,CREDIT,TWAGGONERTODD@test.cogeco.ca,0.16,0.21,26-35,White,60k-100k,200k-500k,0-500,16
66185,F,Toronto,ON,HARRISON LORRI,45,True,,Black,100645.0,True,1194881.0,0.0,True,False,8152,42923.23,789.0,Investment,4,43.0,True,6093.77,,True,False,0,High,4,1,5,683-623-8691T,4510 1534T 8695 2887,CREDIT,THL242207040@synth.live.com,0.15,0.07,36-45,OTHER,100k-200k,1M-2M,0-500,16
154072,F,Ottawa,ON,JESSICA WELCH,33,False,,White,69264.0,True,748281.0,0.0,True,False,3897,11342.97,658.0,Credit,17,64.0,True,2684.72,Personal Loan,True,True,6,High,4,1,6,437-449-1638T,4514 0121T 4359 1999,CREDIT,TspiritedMeerkat9JEWE@non.cogeco.ca,0.14,0.2,26-35,White,60k-100k,500k-1M,0-500,18
8063,M,Toronto,ON,STRYBOSCH HARRY,25,False,,Asian,86908.0,True,978155.0,0.0,True,False,2377,31780.75,717.0,Checking,10,15.74,False,15.85,Mortgage,True,False,0,Medium,2,1,5,807-664-2031T,4510 1566T 1215 1077,CREDIT,TSTRYBOSCH_HARRY73@test.iCloud.com,0.15,0.09,18-25,OTHER,60k-100k,500k-1M,0-500,5
89457,M,Montreal,QC,GAUVIN STEPHAN,39,False,,White,91530.0,True,675835.0,0.0,True,False,5486,60456.72,730.0,Credit,22,14.5,False,24.28,Mortgage,True,False,0,Medium,2,0,6,450-884-6156T,4510 1653T 4481 8367,DEBIT,TGS3441767110@synth.comcast.net,0.18,0.08,36-45,White,60k-100k,500k-1M,0-500,28
142776,F,Ottawa,ON,ZAJAC YVONNE,49,True,,White,90489.0,True,815910.0,0.0,True,False,5560,37804.05,739.0,Checking; Investment; Credit,25,18.23,False,24.04,Personal Loan,True,False,0,Medium,2,0,7,548-663-6805T,4510 1694T 5672 7706,DEBIT,TZY050952@test.jumo.com,0.14,0.04,46-55,White,60k-100k,500k-1M,0-500,5
174003,M,Hamilton,ON,STAPLEY JOHN,45,False,,White,105477.0,True,1114805.0,0.0,True,False,8790,59277.35,746.0,Investment; Credit; Checking,19,35.0,True,4788.56,Mortgage,True,True,7,Medium,6,2,2,647-386-6189T,4514 0135T 5317 4961,CREDIT,TSJ11333957@rand.zoho.com,0.15,0.28,36-45,White,100k-200k,1M-2M,0-500,5
9766,F,Toronto,ON,TREMBLAY JOANNA,49,True,,Asian,96460.0,True,1230868.0,0.0,True,False,6316,57238.23,770.0,Joint,18,57.0,True,4674.74,Mortgage,True,True,0,High,4,2,4,613-457-3409T,4514 0173T 2458 7242,CREDIT,TamusedMare1TRJO@fake.icloud.com,0.15,0.14,46-55,OTHER,60k-100k,1M-2M,0-500,11
1815,M,Toronto,ON,FERGUSON BRIAN,23,False,,White,89082.0,False,0.0,1463.0,True,False,1819,20683.07,529.0,Savings; Investment,8,15.92,False,41.92,,False,False,0,Medium,2,2,2,365-520-2365T,4519 9299T 4752 2517,DEBIT,TFB6457@test.aol.com,0.15,0.11,18-25,White,60k-100k,0-200k,1k-2k,10
91016,M,Montreal,QC,CHRISTINE LAWSON,44,False,,White,78670.0,True,720903.0,0.0,True,False,4542,248.99,638.0,Checking,34,104.0,True,3616.43,Mortgage,True,False,0,High,4,4,2,579-161-4115T,4512 2364T 5888 7565,CREDIT,TCHLAobsessedCurlew21994@synth.mail.com,0.18,0.22,36-45,White,60k-100k,500k-1M,0-500,28
57313,F,Toronto,ON,JACKSON IRENE,48,False,,Black,90479.0,True,1038406.0,0.0,True,False,4475,21294.01,752.0,Checking,4,76.0,True,2715.36,Personal Loan,True,True,0,High,4,2,5,548-198-8441T,5415 9055T 1146 9219,CREDIT,TJI271738494@test.icloud.com,0.15,0.15,46-55,OTHER,60k-100k,1M-2M,0-500,23
6675,M,Toronto,ON,ROY WAYNE,43,False,,White,87611.0,True,1353608.0,0.0,True,False,3994,21054.09,702.0,Checking,30,69.0,True,3008.13,Mortgage,True,True,10,High,4,0,5,519-747-1783T,4519 9239T 7698 4089,DEBIT,TROYWAYNE@non.yahoo.com,0.15,0.1,36-45,White,60k-100k,1M-2M,0-500,31
52087,F,Toronto,ON,PERRY SYLVIA,21,False,,Asian,18296.0,False,0.0,894.0,False,False,1165,10083.69,431.0,Savings; Checking,10,11.23,False,12.76,,False,False,0,Medium,2,1,5,742-981-4024T,4519 9238T 9516 1168,DEBIT,TPERRY_SYLVIA65@test.aol.com,0.15,0.11,18-25,OTHER,0-30k,0-200k,500-1k,15
91239,F,Montreal,QC,TETREAULT JOCELYN,34,False,,White,71589.0,True,602665.0,0.0,True,False,3508,10608.33,651.0,Credit,4,58.0,True,1868.57,Mortgage,True,False,0,High,4,0,6,450-124-3362T,4514 0147T 6672 6034,CREDIT,TTJ5121@test.zoho.com,0.18,0.06,26-35,White,60k-100k,500k-1M,0-500,28
126301,F,Calgary,AB,BARRETTE APRIL,46,False,,White,98875.0,True,638754.0,0.0,True,False,5000,54397.35,766.0,Investment; Checking; Credit,10,96.0,True,3268.08,Mortgage,False,False,0,High,4,2,3,587-791-5504T,4510 1697T 2401 8028,DEBIT,TBA6195816@synth.jumo.com,0.14,0.12,36-45,White,60k-100k,500k-1M,0-500,8
70861,M,Toronto,ON,ALYEA LLOYD,49,True,,Asian,145651.0,True,1302375.0,0.0,True,False,12138,32049.94,818.0,Credit; Joint; Checking; Investment,23,15.5,False,48.36,Mortgage,True,False,0,Low,5,2,3,249-298-9880T,4510 1335T 2292 5098,CREDIT,TALYEALLOYD@synth.zoho.com,0.15,0.09,46-55,OTHER,100k-200k,1M-2M,0-500,10
21432,M,Toronto,ON,MICHAUD ANDRE,27,False,,Asian,122593.0,True,1005287.0,0.0,True,False,2744,6338.82,728.0,Checking,4,76.0,True,1665.04,Personal Loan,False,True,0,High,4,6,1,249-143-2925T,4510 1377T 0562 1891,CREDIT,TMICHAUD_ANDRE8@rand.hotmail.com,0.15,0.22,26-35,OTHER,100k-200k,1M-2M,0-500,21
111388,M,Vancouver,BC,CRITTENDEN JOHN,28,False,,Asian,114804.0,True,1245941.0,0.0,True,False,3484,31703.08,747.0,Checking; Credit,18,80.0,True,2449.8,,False,False,0,High,4,0,7,236-285-4423T,4510 1524T 5441 8190,CREDIT,TCRITTENDEN_JOHN22@fake.bla.com,0.13,0.08,26-35,OTHER,100k-200k,1M-2M,0-500,8
209779,F,London,ON,LEBEL CAROLINE,37,False,,White,72671.0,True,670036.0,0.0,True,False,3138,47212.38,713.0,Investment,3,83.0,True,1735.75,Mortgage,False,True,0,High,3,3,4,343-103-2028T,4510 1341T 5090 2436,CREDIT,TLC499066405@test.live.com,0.17,0.16,36-45,White,60k-100k,500k-1M,0-500,8
39567,M,Toronto,ON,BARNETT MIKE,20,False,,Black,13254.0,False,0.0,907.0,True,False,941,2235.49,438.0,Savings,13,81.0,True,590.2,,False,True,0,High,4,2,3,807-394-2831T,4512 2348T 0524 5634,CREDIT,TBARNETT_MIKE20@non.aol.com,0.15,0.11,18-25,OTHER,0-30k,0-200k,500-1k,9
114408,F,Vancouver,BC,PESQUEREL STEPHANE,33,True,,Black,80554.0,True,1298027.0,0.0,True,False,4772,32431.98,753.0,Joint,20,113.0,True,3601.82,Mortgage,False,False,0,High,4,0,8,250-219-7034T,4510 1346T 5612 2384,CREDIT,TPS7169806214@fake.proton.com,0.13,0.1,26-35,OTHER,60k-100k,1M-2M,0-500,8
149783,M,Ottawa,ON,SCHUT TED,30,False,,White,136796.0,True,795182.0,0.0,True,False,3442,16461.56,724.0,Investment,16,11.48,False,32.96,Mortgage,False,False,7,Medium,2,0,4,289-540-2164T,4514 0194T 9197 6442,CREDIT,TST14437999@non.proton.com,0.14,0.08,26-35,White,100k-200k,500k-1M,0-500,7
10747,F,Toronto,ON,PIZZITELLI VIVIAN,42,False,,White,82583.0,True,1274939.0,0.0,True,False,5037,44195.03,726.0,Credit,30,17.2,False,29.23,Mortgage,False,False,0,Low,5,1,4,289-735-8431T,5415 9050T 3728 4066,CREDIT,TPV19348@rand.bla.com,0.15,0.12,36-45,White,60k-100k,1M-2M,0-500,42
198616,F,Kitchener,ON,BROWN PEGGY,30,False,,White,87544.0,True,738808.0,0.0,True,False,4160,15270.01,675.0,Investment,14,59.0,True,2415.28,Mortgage,True,False,0,High,3,3,3,365-975-7767T,4512 2388T 1512 0562,CREDIT,TBP1141369932@test.outlook.com,0.15,0.28,26-35,White,60k-100k,500k-1M,0-500,7
194886,F,Kitchener,ON,DONALD DAWSON,31,False,,White,73580.0,True,853664.0,0.0,True,False,3331,23528.8,687.0,Checking,18,13.91,False,13.28,Mortgage,True,False,0,Low,4,2,3,613-526-9559T,4514 0153T 7136 7773,CREDIT,TDD1234676201@test.yahoo.com,0.15,0.07,26-35,White,60k-100k,500k-1M,0-500,7
35393,M,Toronto,ON,IANNETTA MIKE,37,False,,Asian,76131.0,True,1298055.0,0.0,True,False,3588,35876.79,717.0,Checking; Investment; Credit,4,8.8,False,35.47,Mortgage,False,True,0,Low,5,0,5,705-477-6050T,4512 2388T 8658 3746,CREDIT,TIM9386407642@fake.att.net,0.15,0.05,36-45,OTHER,60k-100k,1M-2M,0-500,40
53883,F,Toronto,ON,CLARK IRENE,32,False,,Asian,65657.0,True,1003079.0,0.0,True,False,3261,12328.15,659.0,Credit,16,6.83,False,15.65,Mortgage,True,True,0,Low,4,0,7,548-135-7002T,4514 0117T 1774 0085,CREDIT,TCI9813338@non.proton.com,0.15,0.12,26-35,OTHER,60k-100k,1M-2M,0-500,63
1600,M,Toronto,ON,HOCKE RUDY,27,False,,White,64086.0,True,956842.0,0.0,True,False,3511,17335.74,672.0,Credit,10,7.15,False,35.3,Mortgage,False,False,0,Low,6,0,5,647-244-3005T,4510 1638T 4036 9196,DEBIT,THOCKE_RUDY22@non.iCloud.com,0.15,0.24,26-35,White,60k-100k,500k-1M,0-500,19
96515,F,Montreal,QC,MICHAEL COMPTON,46,False,,Black,75087.0,True,681541.0,0.0,True,False,3630,31434.65,731.0,Checking,14,14.44,False,18.35,Mortgage,True,True,4,Medium,2,1,4,873-181-8294T,4510 1374T 7277 1093,CREDIT,TMC86906@test.yahoo.com,0.18,0.13,36-45,OTHER,60k-100k,500k-1M,0-500,19
68429,M,Toronto,ON,BARWISE PAUL,31,True,,White,102504.0,True,1068371.0,0.0,True,False,8542,8801.58,749.0,Joint; Checking; Investment; Credit,4,69.0,True,4500.03,Mortgage,True,False,0,High,5,3,2,249-904-4339T,4510 1522T 9371 6002,CREDIT,TBAPAgloomyDinosaur51951@rand.mail.com,0.15,0.14,26-35,White,100k-200k,1M-2M,0-500,6
100447,F,Montreal,QC,ROBERT CHRISTIAN,34,False,,White,68255.0,True,563243.0,0.0,True,False,3461,14018.37,655.0,Credit,6,8.21,False,53.06,Mortgage,False,False,0,Low,5,0,7,354-105-4754T,5415 9010T 5946 6301,CREDIT,TrelievedCockatoo8ROCH@synth.jumo.com,0.18,0.11,26-35,White,60k-100k,500k-1M,0-500,28
81163,F,Montreal,QC,LAINESSE HELENE,48,False,,White,78618.0,True,716399.0,0.0,True,False,3398,34927.82,695.0,Checking,32,42.0,True,2165.35,Mortgage,False,False,0,High,5,0,5,873-186-9556T,4512 2350T 8611 2371,CREDIT,TmellowPonie9LAHE@test.proton.com,0.18,0.12,46-55,White,60k-100k,500k-1M,0-500,7
45513,M,Toronto,ON,HART DAVID,20,False,,Asian,16254.0,False,0.0,864.0,True,False,1083,6138.17,460.0,Savings,4,8.2,False,4.33,,False,True,6,Low,5,1,3,753-370-7593T,4510 1372T 3366 9546,CREDIT,THD49152@non.live.com,0.15,0.12,18-25,OTHER,0-30k,0-200k,500-1k,9
28621,F,Toronto,ON,PREVOST REJEAN,27,True,kxNiWXCX,Asian,79381.0,True,1032018.0,0.0,False,False,4777,37382.52,687.0,Credit,4,10.52,False,26.74,Mortgage,True,False,0,Low,4,2,3,416-975-8973T,4512 2344T 2625 2634,CREDIT,TPREVOST_REJEAN85@synth.live.com,0.15,0.11,26-35,OTHER,60k-100k,1M-2M,0-500,6
16621,F,Toronto,ON,JOSEPH JOHNSON,39,True,,Latino,79944.0,True,1028620.0,0.0,True,False,4252,10375.26,701.0,Credit; Joint; Investment,10,16.2,False,59.83,Mortgage,True,False,0,Medium,2,1,5,753-531-4931T,5415 9080T 0975 0355,CREDIT,TJJ04742835@non.live.com,0.15,0.09,36-45,OTHER,60k-100k,1M-2M,0-500,36
15668,F,Toronto,ON,WACIUK RIA,48,False,,Asian,92955.0,True,1288203.0,0.0,True,False,3965,76462.13,788.0,Credit,3,120.0,True,3040.94,Mortgage,True,False,8,High,4,3,4,753-106-2698T,4512 2348T 6014 3906,CREDIT,TWR49436523@rand.cogeco.ca,0.15,0.3,46-55,OTHER,60k-100k,1M-2M,0-500,23
170827,M,Hamilton,ON,STEFANOVIC MICHAEL,28,False,,Asian,64703.0,True,687291.0,0.0,True,False,2935,16351.1,689.0,Credit,18,3.94,False,25.04,Personal Loan,True,False,0,Low,5,1,5,683-697-9727T,4510 1513T 7815 0927,CREDIT,TSM7439339@fake.live.com,0.15,0.23,26-35,OTHER,60k-100k,500k-1M,0-500,5
51487,F,Toronto,ON,RYDZIK SUZANNE,40,False,,White,78842.0,True,1111615.0,0.0,False,False,3782,46616.98,671.0,Investment,18,22.61,False,35.34,Mortgage,True,False,0,Medium,2,2,5,343-776-7034T,4510 1397T 6573 7769,CREDIT,TRS06787@fake.hotmail.com,0.15,0.09,36-45,White,60k-100k,1M-2M,0-500,9
104252,M,Vancouver,BC,BEELBY TODD,29,False,,White,62579.0,True,1247935.0,0.0,True,False,2784,4376.4,673.0,Checking; Credit,18,9.68,False,32.54,Mortgage,False,True,0,Low,4,3,4,236-366-2153T,4512 2390T 9952 5730,CREDIT,TBEELBY_TODD83@fake.gmail.com,0.13,0.69,26-35,White,60k-100k,1M-2M,0-500,9
123087,F,Calgary,AB,KAISER KOREN,40,False,,White,83799.0,True,670697.0,0.0,True,False,3623,58120.64,725.0,Investment,4,107.0,True,2863.11,Mortgage,True,False,3,High,3,2,6,403-251-9653T,4512 2312T 5189 2817,CREDIT,TKK564398169@test.att.net,0.14,0.09,36-45,White,60k-100k,500k-1M,0-500,8
69039,F,Toronto,ON,WINEMAKER GAIL,39,False,,Asian,120387.0,True,1172735.0,0.0,True,False,9511,29373.61,761.0,Investment; Credit,19,13.76,False,9.05,Personal Loan,False,False,0,Medium,2,3,3,519-497-1802T,4510 1667T 8055 0885,DEBIT,TWG5193011@rand.outlook.com,0.15,0.15,36-45,OTHER,100k-200k,1M-2M,0-500,14
83062,M,Montreal,QC,LACHANCE GERARD,22,False,,White,28284.0,False,0.0,726.0,False,False,1230,5002.26,426.0,Savings,6,67.0,True,781.56,,False,False,6,High,4,6,1,581-592-9937T,4514 0192T 6176 9237,CREDIT,TLG2222@rand.zoho.com,0.18,0.17,18-25,White,0-30k,0-200k,500-1k,11
81588,F,Montreal,QC,DROUIN PATRICE,45,False,,White,72506.0,True,594131.0,0.0,True,True,3795,40066.65,827.0,Investment,22,97.0,True,2132.43,Mortgage,False,False,0,High,5,2,3,450-239-1801T,4519 9289T 4445 5636,DEBIT,TcrummyTuna2DRPA@non.comcast.net,0.18,0.11,36-45,White,60k-100k,500k-1M,0-500,7
36424,M,Toronto,ON,DECKER BOB,37,False,,Asian,120929.0,True,1158247.0,0.0,True,False,9065,23092.07,730.0,Investment,21,57.0,True,6034.22,Mortgage,True,False,10,High,4,0,6,807-911-4641T,4512 2391T 5078 0435,CREDIT,TDECKERBOB@synth.live.com,0.15,0.1,36-45,OTHER,100k-200k,1M-2M,0-500,29
100043,M,Montreal,QC,MICHAUD GEORGES,29,False,,White,95017.0,True,667648.0,0.0,True,False,3815,7329.19,672.0,Checking,15,7.46,False,43.77,Mortgage,True,False,12,Low,4,0,5,438-581-6556T,4510 1388T 7791 7342,CREDIT,TMG578026642@rand.bla.com,0.18,0.2,26-35,White,60k-100k,500k-1M,0-500,30
218403,F,Markham,ON,TUMMILLO LEANNE,39,False,,Asian,73564.0,True,1241560.0,0.0,True,False,3216,63303.54,739.0,Checking,4,35.0,True,2125.93,Mortgage,True,False,8,High,4,3,3,807-183-9326T,4510 1610T 6757 2809,DEBIT,TmerePiglet1TULE@synth.gmail.com,0.12,0.45,36-45,OTHER,60k-100k,1M-2M,0-500,5
153403,F,Ottawa,ON,READ HEATHER,29,False,,White,92463.0,True,805690.0,0.0,True,False,3376,15224.37,677.0,Checking,16,6.1,False,25.87,Mortgage,True,False,0,Low,5,0,5,416-776-1292T,4512 2332T 5707 7585,CREDIT,TREAD_HEATHER52@non.yahoo.com,0.14,0.22,26-35,White,60k-100k,500k-1M,0-500,18
198937,M,Kitchener,ON,HAROLD ROSE,38,False,,White,78704.0,True,860741.0,0.0,True,False,3789,39354.34,728.0,Investment; Credit,15,113.0,True,2898.67,Mortgage,True,True,0,High,4,2,4,905-765-7408T,5415 9051T 8352 6345,CREDIT,THAROLDROSE@rand.cogeco.ca,0.15,0.12,36-45,White,60k-100k,500k-1M,0-500,8
37685,M,Toronto,ON,ROOS RYAN,36,False,,Asian,122754.0,True,1067798.0,0.0,True,False,10230,20267.04,744.0,Investment,12,18.6,False,33.41,Mortgage,False,False,2,Low,5,2,3,519-100-5190T,4514 0167T 5055 0403,CREDIT,TRR0649@synth.gmail.com,0.15,0.09,26-35,OTHER,100k-200k,1M-2M,0-500,21
6127,F,Toronto,ON,JAMIE BEASLEY,36,False,,White,75927.0,True,1036803.0,0.0,False,False,4841,45066.35,710.0,Credit,21,86.0,True,3250.02,Mortgage,True,False,10,High,4,1,4,613-598-2328T,4510 1349T 5723 9828,CREDIT,TJB87694180@fake.proton.com,0.15,0.12,26-35,White,60k-100k,1M-2M,0-500,9
59445,M,Toronto,ON,TRAER JASON,33,False,,White,92650.0,True,1028848.0,0.0,True,False,2815,33902.6,743.0,Credit,9,76.0,True,1944.23,Mortgage,False,False,0,High,4,7,1,683-934-5690T,4510 1387T 2761 4630,CREDIT,TTJ111538@fake.jumo.com,0.15,0.13,26-35,White,60k-100k,1M-2M,0-500,23
21306,F,Toronto,ON,BARIBEAU NICOLE,32,False,,Asian,89175.0,True,986809.0,0.0,True,False,3266,14657.84,673.0,Checking,12,10.22,False,13.71,Mortgage,False,False,8,Low,6,1,6,416-620-2924T,4512 2333T 9609 6316,CREDIT,TBN82698959@test.cogeco.ca,0.15,0.26,26-35,OTHER,60k-100k,500k-1M,0-500,22
186532,F,Brampton,ON,MANN JACQUELINE,39,False,,Asian,105575.0,True,1139790.0,0.0,True,False,8798,6004.83,732.0,Checking; Investment; Credit,18,48.0,True,6295.63,Personal Loan,True,False,6,High,4,4,1,226-248-3041T,4510 1318T 7101 9721,CREDIT,TcuriousOryx2MAJA@synth.bla.com,0.17,0.26,36-45,OTHER,100k-200k,1M-2M,0-500,6
91124,M,Montreal,QC,LABRECQUE DENIS,21,False,,White,26331.0,False,0.0,650.0,False,False,1293,3978.4,426.0,Savings,11,8.47,False,11.51,,False,False,0,Medium,2,2,3,367-435-9597T,4510 1336T 3219 5386,CREDIT,TLD554106@rand.iCloud.com,0.18,0.09,18-25,White,0-30k,0-200k,500-1k,11
82996,M,Montreal,QC,BERTRAND LUC,34,False,,White,86756.0,True,658212.0,0.0,True,False,3231,32657.73,704.0,Credit,8,10.33,False,13.07,Mortgage,True,False,0,Low,5,0,5,367-138-3305T,4519 9242T 9190 5590,DEBIT,TBELUexcitedSheep51979@test.att.net,0.18,0.12,26-35,White,60k-100k,500k-1M,0-500,30
81647,M,Montreal,QC,LAPIERRE MARC,44,False,,White,76673.0,True,629098.0,0.0,True,True,3285,26148.35,806.0,Checking; Credit,22,11.37,False,29.41,Mortgage,True,False,0,Low,6,1,4,263-608-6238T,4519 9252T 7719 6290,DEBIT,TLM3882@test.neo.com,0.18,0.13,36-45,White,60k-100k,500k-1M,0-500,6
42051,F,Toronto,ON,LAUZON MOGNON,41,True,Eneim0IK,Asian,84514.02,True,1068003.0,0.0,True,False,4415,27984.73,746.0,Credit,24,73.0,True,3223.06,Mortgage,True,False,0,Medium,2,0,2,226-499-6809T,4510 1333T 0235 0359,CREDIT,TobsessedEland8LAMO@non.netZero.com,0.15,0.09,36-45,OTHER,60k-100k,1M-2M,0-500,36
17844,M,Toronto,ON,PADDICK DOUG,42,False,,Asian,109452.0,True,1397309.0,0.0,True,False,8971,38463.79,765.0,Credit,18,95.0,True,6027.22,Mortgage,True,False,0,High,4,1,4,365-770-4592T,5415 9056T 7918 2910,CREDIT,TPADOpeacefulLard51976@fake.neo.com,0.15,0.11,36-45,OTHER,100k-200k,1M-2M,0-500,29
94193,M,Montreal,QC,LUSSIER PATRICK,46,False,,White,65626.0,True,558682.0,0.0,True,True,3524,28697.02,828.0,Credit,15,96.0,True,2707.08,Mortgage,True,False,0,High,3,1,6,438-526-2682T,4510 1673T 9273 9788,DEBIT,TLP564958103@synth.jumo.com,0.18,0.06,36-45,White,60k-100k,500k-1M,0-500,6
30597,M,Toronto,ON,DUSTIN JOHN,47,False,,Native,104039.0,True,1190128.0,0.0,True,False,8670,28016.95,730.0,Credit; Investment; Checking,4,37.0,True,6485.01,Mortgage,True,False,0,High,3,2,3,343-763-4053T,4512 2387T 6832 3231,CREDIT,TDJ7114813@rand.zoho.com,0.15,0.08,46-55,OTHER,100k-200k,1M-2M,0-500,13
116058,F,Vancouver,BC,FERGUSSON DOREEN,43,False,,Asian,97090.0,True,1042271.0,0.0,False,False,4126,28353.64,694.0,Investment,6,19.61,False,52.02,,True,False,10,Low,5,2,5,604-498-5686T,4510 1377T 7018 9458,CREDIT,TFD98784341@synth.hotmail.com,0.13,0.27,36-45,OTHER,60k-100k,1M-2M,0-500,8
203511,M,Halifax,NS,TRENCHARD ARTHUR,31,False,,White,73826.0,True,364231.0,0.0,True,False,4090,28852.51,681.0,Checking,2,7.81,False,22.34,Personal Loan,False,False,0,Low,6,0,5,782-228-8967T,4510 1580T 4012 3615,CREDIT,TTRENCHARDARTHUR@synth.comcast.net,0.14,0.22,26-35,White,60k-100k,200k-500k,0-500,5
21168,M,Toronto,ON,COULL DAVID,34,False,,Asian,82116.0,True,991742.0,0.0,True,True,3445,19637.77,850.0,Investment,13,0.15,False,144.64,Mortgage,True,False,0,Low,6,6,1,548-798-2704T,4510 1591T 5333 6220,CREDIT,TCD97104@test.proton.com,0.15,0.55,26-35,OTHER,60k-100k,500k-1M,0-500,5
163447,F,Quebec City,QC,FORTIN STEPHANE,30,False,,White,74224.0,True,350665.0,0.0,True,False,3499,16630.96,652.0,Checking,9,62.0,True,2222.54,Mortgage,False,False,0,High,4,1,6,468-101-6067T,5415 9043T 8147 5899,CREDIT,TFS64235902@rand.cogeco.ca,0.16,0.1,26-35,White,60k-100k,200k-500k,0-500,11
4929,F,Toronto,ON,PROULX ALISON,39,True,,Latino,68211.0,True,1020583.0,0.0,False,False,3707,19264.32,693.0,Checking,20,10.15,False,37.83,Mortgage,False,False,0,Low,5,0,7,519-384-8602T,4510 1398T 5097 1981,CREDIT,TPA4681031182@fake.icloud.com,0.15,0.17,36-45,OTHER,60k-100k,1M-2M,0-500,6
113174,F,Vancouver,BC,DOW JULIA,39,True,,Asian,78263.0,True,1236463.0,0.0,True,False,5150,13429.18,689.0,Credit,18,20.95,False,35.1,Mortgage,False,False,0,Medium,2,3,4,778-557-2110T,4510 1616T 7192 1469,DEBIT,TDJ2653913@fake.neo.com,0.13,0.37,36-45,OTHER,60k-100k,1M-2M,0-500,12
174346,M,Hamilton,ON,MARQUARDT EARL,40,False,,Asian,80178.0,True,968899.0,0.0,True,False,3697,47596.32,732.0,Credit,10,53.0,True,1920.25,Mortgage,False,False,7,High,4,4,1,807-328-8915T,4512 2341T 6382 1048,CREDIT,TME2461276239@test.gmail.com,0.15,0.13,36-45,OTHER,60k-100k,500k-1M,0-500,5
55807,F,Toronto,ON,O'DELL JUDITH,32,False,,Asian,64983.0,True,1207309.0,0.0,True,False,3450,5837.47,690.0,Checking,4,6.0,False,31.45,Personal Loan,True,True,5,Low,6,0,7,613-352-5031T,4519 9229T 4631 1129,DEBIT,TOJ17894@rand.att.net,0.15,0.33,26-35,OTHER,60k-100k,1M-2M,0-500,63
14626,F,Toronto,ON,VASSELL LOUISE,39,True,,Asian,92609.0,True,1154626.0,0.0,True,False,4743,32222.95,725.0,Credit,3,19.13,False,28.43,Mortgage,False,False,8,Medium,2,0,7,705-944-9016T,4514 0111T 6475 6459,CREDIT,TyearningVenison3VALO@test.iCloud.com,0.15,0.05,36-45,OTHER,60k-100k,1M-2M,0-500,36
63184,M,Toronto,ON,WHITE BRAD,44,False,,White,85694.0,True,1224149.0,0.0,True,False,4115,42222.75,704.0,Investment,14,98.0,True,2915.09,Mortgage,True,True,11,High,4,6,1,613-722-5409T,4514 0157T 2401 2531,CREDIT,TWHITEBRAD@test.hotmail.com,0.15,0.32,36-45,White,60k-100k,1M-2M,0-500,31
49348,F,Toronto,ON,HALL KATHLEEN,32,False,,Black,101071.0,True,1193580.0,0.0,False,False,8423,22612.29,704.0,Credit,19,11.44,False,18.13,Mortgage,False,False,9,Medium,2,0,6,613-334-1525T,4512 2380T 1231 0510,CREDIT,TcheerfulCurlew0HAKA@synth.aol.com,0.15,0.1,26-35,OTHER,100k-200k,1M-2M,0-500,7
53476,M,Toronto,ON,LALANDE PAUL,43,False,,White,87757.0,True,1127513.0,0.0,True,False,4918,20081.47,678.0,Credit,4,99.0,True,3666.65,Mortgage,False,False,5,High,5,0,7,289-445-2027T,4514 0132T 1413 6964,CREDIT,TLP40696@non.neo.com,0.15,0.12,36-45,White,60k-100k,1M-2M,0-500,31
22570,M,Toronto,ON,ROGERS RICK,29,False,,White,75901.0,True,999761.0,0.0,False,False,4595,36517.12,680.0,Checking,12,10.3,False,27.34,,True,False,0,Low,4,5,1,647-389-4889T,4514 0115T 7931 8531,CREDIT,TRR5917@test.zoho.com,0.15,0.53,26-35,White,60k-100k,500k-1M,0-500,6
20559,F,Toronto,ON,HOULE CINDY,47,False,,White,98188.0,True,1099344.0,0.0,True,False,3821,88519.99,746.0,Credit,34,10.9,False,21.45,Mortgage,True,False,5,Medium,2,0,7,807-600-6236T,4519 9242T 4886 7428,DEBIT,THC659734574@non.yahoo.com,0.15,0.05,46-55,White,60k-100k,1M-2M,0-500,6
76326,M,Montreal,QC,MONTPETIT PAUL,36,False,,White,83902.0,True,631056.0,0.0,True,False,4277,16047.54,696.0,Credit,16,81.0,True,3120.04,Mortgage,False,False,3,High,4,6,1,819-346-7545T,4510 1612T 8521 2307,DEBIT,TMP305094@non.bla.com,0.18,0.13,26-35,White,60k-100k,500k-1M,0-500,30
76866,M,Montreal,QC,HOUDE JACQUES,39,False,,White,72242.0,True,618036.0,0.0,True,False,4337,12777.93,655.0,Credit,4,15.05,False,41.69,Mortgage,False,False,10,Medium,2,1,5,354-572-1372T,4519 9253T 4708 2019,DEBIT,THOJApridefulCrackers81980@non.iCloud.com,0.18,0.07,36-45,White,60k-100k,500k-1M,0-500,28
10111,F,Toronto,ON,SCHOTHUIS BRANDE,42,True,,White,106568.0,True,1341002.0,0.0,True,False,8881,33204.66,754.0,Joint; Credit,23,115.0,True,4630.73,Personal Loan,True,False,0,High,4,4,1,548-491-2267T,4512 2365T 0881 3345,CREDIT,TSB3749@fake.proton.com,0.15,0.26,36-45,White,100k-200k,1M-2M,0-500,9
145633,M,Ottawa,ON,GASCHO NORMAN,44,False,,White,99072.0,True,987431.0,0.0,True,False,3823,113174.1,735.0,Checking; Investment,5,58.0,True,2136.26,Mortgage,True,False,0,High,5,3,3,742-400-9544T,4510 1364T 1819 7412,CREDIT,TGN32142@synth.aol.com,0.14,0.21,36-45,White,60k-100k,500k-1M,0-500,5
237261,M,St. Catharines,ON,GARCIA OTTO,40,False,,White,88919.0,True,584243.0,0.0,True,False,3948,41619.54,703.0,Investment,25,10.93,False,23.67,Mortgage,False,False,0,Medium,2,3,1,343-593-3831T,4510 1399T 9890 0023,CREDIT,TGAOTanxiousLlama71963@fake.aol.com,0.13,0.25,36-45,White,60k-100k,500k-1M,0-500,7
154871,F,Ottawa,ON,BYLUND CINDY,39,False,,Others,95637.0,True,789029.0,0.0,True,False,5385,29293.66,692.0,Checking,29,17.46,False,24.43,Mortgage,False,True,0,Medium,2,0,6,807-514-4101T,4512 2322T 7724 2952,CREDIT,TforsakenSnail9BYCI@test.hotmail.com,0.14,0.12,36-45,OTHER,60k-100k,500k-1M,0-500,7
49247,F,Toronto,ON,HAWKINS DORIS,27,False,,Latino,104695.0,True,1201509.0,0.0,True,False,3815,12695.63,724.0,Checking,11,9.55,False,27.59,Personal Loan,True,False,2,Low,4,0,5,437-226-9206T,4510 1344T 6601 4529,CREDIT,THAWKINS_DORIS2@fake.live.com,0.15,0.18,26-35,OTHER,100k-200k,1M-2M,0-500,13
106508,F,Vancouver,BC,KELLY GONZALEZ,46,False,,White,95705.0,True,1242645.0,0.0,False,False,4694,68822.96,725.0,Investment,4,16.86,False,31.98,Mortgage,True,False,0,Low,4,0,5,604-304-6568T,4512 2344T 1710 8933,CREDIT,TtautIguana5KEGO@synth.jumo.com,0.13,0.09,36-45,White,60k-100k,1M-2M,0-500,5
125286,M,Calgary,AB,THRONDSON ALLAN,27,False,,Asian,115349.0,True,601119.0,0.0,True,False,3823,9207.09,693.0,Checking,12,11.88,False,17.04,Personal Loan,False,False,0,Medium,2,4,2,403-394-7751T,4510 1632T 9628 6631,DEBIT,TTA5503737@non.att.net,0.14,0.44,26-35,OTHER,100k-200k,500k-1M,0-500,5
80590,F,Montreal,QC,TREMBLAY PAULA,22,False,,White,32598.0,False,0.0,649.0,True,False,2046,8424.25,444.0,Checking,10,73.0,True,1357.49,Student Loan,False,False,0,High,4,4,1,367-570-5971T,4519 9283T 1761 4476,DEBIT,TTREMBLAYF30@synth.bla.com,0.18,0.15,18-25,White,30k-60k,0-200k,500-1k,7
88375,M,Montreal,QC,LACOMBE CLAUDE,29,False,,White,75269.0,True,573343.0,0.0,True,False,3381,10781.06,651.0,Checking,9,7.66,False,15.04,Mortgage,False,True,1,Low,6,0,5,367-951-5548T,4510 1659T 8173 2032,DEBIT,TLACOMBE_CLAUDE1@test.cogeco.ca,0.18,0.4,26-35,White,60k-100k,500k-1M,0-500,30
56166,F,Toronto,ON,DAVIS HYACINTH,29,False,,Asian,73925.0,True,1155531.0,0.0,True,False,3128,29971.38,717.0,Credit,4,9.17,False,25.36,Mortgage,True,False,0,Low,4,2,3,226-146-5504T,4510 1528T 2318 9595,CREDIT,TDAVIS_HYACINTH19@fake.neo.com,0.15,0.1,26-35,OTHER,60k-100k,1M-2M,0-500,63
69460,M,Toronto,ON,GOLL DENNIS,46,True,Kswh04aZ,White,91728.0,True,1185226.0,0.0,True,False,4746,48994.65,808.0,Credit,11,38.0,True,3299.87,Mortgage,False,True,11,High,4,2,3,289-961-3106T,4510 1672T 4735 4234,DEBIT,TGD7689899@non.hotmail.com,0.15,0.05,36-45,White,60k-100k,1M-2M,0-500,21
128018,M,Calgary,AB,KARY RICHARD,41,False,,Asian,114187.0,True,629327.0,0.0,True,False,9516,30313.99,706.0,Checking; Credit; Investment,26,72.0,True,5821.19,Mortgage,True,False,0,High,4,3,1,403-126-4058T,4510 1331T 6683 5840,CREDIT,TKR8844014@rand.neo.com,0.14,0.35,36-45,OTHER,100k-200k,500k-1M,0-500,6
106683,F,Vancouver,BC,NEWLANDS NICOLE,42,False,,Asian,85594.0,True,1468680.0,0.0,False,False,4552,53849.91,702.0,Checking; Investment; Credit,21,60.0,True,3213.61,Mortgage,True,False,0,High,4,4,1,672-511-7434T,4510 1558T 1015 5158,CREDIT,TNN54187@synth.mail.com,0.13,0.33,36-45,OTHER,60k-100k,1M-2M,0-500,8
8125,M,Toronto,ON,CHAMBO TROY,30,True,,White,71265.0,True,983970.0,0.0,True,False,4213,45595.07,733.0,Investment; Checking,15,8.78,False,47.88,Mortgage,False,False,6,Low,5,2,3,343-824-4970T,4512 2381T 1008 3486,CREDIT,TCT5033504884@rand.zoho.com,0.15,0.12,26-35,White,60k-100k,500k-1M,0-500,8
15025,M,Toronto,ON,TREPANIER ANDRE,42,False,,White,103077.0,True,1303604.0,0.0,False,False,8316,13056.76,669.0,Investment,18,19.41,False,47.84,Mortgage,True,False,11,Medium,2,2,2,289-520-7214T,4510 1573T 7003 6091,CREDIT,TTA52134@synth.icloud.com,0.15,0.26,36-45,White,100k-200k,1M-2M,0-500,9
54313,F,Toronto,ON,ECKSTEIN KITCHENESE,47,True,Ci2MoEU5,Native,64726.92,True,1211609.0,0.0,True,False,4596,34271.28,757.0,Credit,32,9.23,False,16.92,Mortgage,False,True,4,Medium,2,0,6,437-951-9926T,4510 1366T 1077 0407,CREDIT,TEK265417@fake.att.net,0.15,0.06,46-55,OTHER,60k-100k,1M-2M,0-500,11
220306,F,Oshawa,ON,PAQUETTE EVA,38,False,,White,98519.0,True,512057.0,0.0,True,False,3949,13970.11,703.0,Credit,26,90.0,True,2954.71,Mortgage,True,False,10,High,4,0,7,519-729-3805T,4510 1663T 7233 1889,DEBIT,TPE1131@fake.netZero.com,0.14,0.12,36-45,White,60k-100k,500k-1M,0-500,5
151555,F,Ottawa,ON,FRIESEN HELEN,43,False,,White,145937.0,True,928494.0,0.0,True,False,12161,13831.05,726.0,Investment,13,94.0,True,8157.92,Mortgage,False,False,10,High,4,3,3,519-554-9836T,4510 1360T 5313 9937,CREDIT,TFH45177@rand.bla.com,0.14,0.33,36-45,White,100k-200k,500k-1M,0-500,9
187265,M,Brampton,ON,WESLEY DANE,39,True,ql2sVbsW,Asian,122265.0,True,1163466.0,0.0,True,False,8043,28930.15,762.0,Investment; Credit; Checking; Joint,4,14.2,False,10.49,Personal Loan,True,False,0,Medium,2,0,5,742-844-6568T,4510 1512T 2260 5963,CREDIT,TWD5825334@non.proton.com,0.17,0.08,36-45,OTHER,100k-200k,1M-2M,0-500,6
33898,M,Toronto,ON,GAUTHIER REMI,33,True,,Asian,89791.0,True,1023795.0,0.0,True,False,5376,31020.56,718.0,Credit; Checking; Joint; Investment,6,9.66,False,51.37,Mortgage,True,False,0,Low,5,1,4,905-844-6876T,4510 1644T 8571 5826,DEBIT,TGAUTHIERREMI@fake.live.com,0.15,0.08,26-35,OTHER,60k-100k,1M-2M,0-500,19
108695,M,Vancouver,BC,NICOLE JONES,29,False,,White,93261.0,True,1327969.0,0.0,True,False,3425,9380.57,704.0,Checking,4,18.48,False,10.36,Mortgage,True,False,0,Medium,2,2,3,236-907-4274T,5415 9058T 3008 6192,CREDIT,TNICOLE_JONES92@rand.netZero.com,0.13,0.16,26-35,White,60k-100k,1M-2M,0-500,9
131188,M,Calgary,AB,STREIFEL DOUG,28,True,,White,103918.0,True,612126.0,0.0,True,False,5171,6545.53,697.0,Credit,12,100.0,True,3888.41,Mortgage,True,False,0,High,4,4,3,780-371-4010T,4514 0125T 1953 1531,CREDIT,TSTREIFELshyLeopard041@rand.comcast.net,0.14,0.44,26-35,White,100k-200k,500k-1M,0-500,5
86706,M,Montreal,QC,VANLOO ANDRE,36,True,,White,78102.0,True,564455.0,0.0,True,False,3262,46576.3,718.0,Joint; Checking; Investment,14,18.01,False,35.2,,True,False,10,Low,4,0,6,438-760-4690T,4510 1617T 5945 3929,DEBIT,TVA1106652@rand.live.com,0.18,0.1,26-35,White,60k-100k,500k-1M,0-500,6
28617,F,Toronto,ON,ROQUE ANNA,40,False,,White,74048.0,True,1258207.0,0.0,True,True,4104,47726.03,850.0,Checking,28,14.1,False,18.0,Mortgage,True,False,0,Medium,2,1,5,613-201-3692T,4510 1394T 4621 8595,CREDIT,TRA365243@test.proton.com,0.15,0.06,36-45,White,60k-100k,1M-2M,0-500,5
328,F,Toronto,ON,CHRISTOPHER BRADLEY,23,False,,Asian,35608.0,False,0.0,1066.0,True,False,1510,8554.36,482.0,Checking; Savings,7,77.0,True,776.34,,False,True,6,High,3,1,4,343-486-2246T,4519 9285T 1712 5516,DEBIT,TCHRISTOPHERmercifulBustard867@test.hotmail.com,0.15,0.12,18-25,OTHER,30k-60k,0-200k,1k-2k,10
14717,M,Toronto,ON,PATEL VIJAY,21,False,,Asian,6933.0,False,0.0,847.0,True,False,856,7966.34,451.0,Checking,18,9.57,False,20.97,,False,True,0,Medium,2,0,5,705-880-4200T,4510 1672T 7004 1390,DEBIT,TPATEL_VIJAY44@fake.jumo.com,0.15,0.13,18-25,OTHER,0-30k,0-200k,500-1k,9
135388,F,Edmonton,AB,HAUSAUER CHARMAINE,28,False,,White,67727.0,True,450995.0,0.0,True,False,3862,6261.24,642.0,Credit,16,8.73,False,9.65,Mortgage,True,False,0,Low,4,0,7,403-670-6011T,4510 1334T 1212 9627,CREDIT,THAUSAUERabjectDoughnut128@non.cogeco.ca,0.16,0.15,26-35,White,60k-100k,200k-500k,0-500,6
14339,F,Toronto,ON,DUMAIS BRENDA,40,False,,White,95996.0,True,1398466.0,0.0,True,False,4339,15015.42,718.0,Credit,15,105.0,True,2216.14,Mortgage,False,False,9,High,4,3,2,683-466-9235T,4519 9279T 0113 6179,DEBIT,TcruelChile8DUBR@test.bla.com,0.15,0.19,36-45,White,60k-100k,1M-2M,0-500,42
16038,F,Toronto,ON,TOPHAM PAMELA,35,False,,White,86260.0,True,1148851.0,0.0,True,False,3728,11731.76,673.0,Checking; Credit,25,100.0,True,2508.15,Mortgage,True,False,0,High,4,1,3,753-311-4275T,4519 9245T 7172 4586,DEBIT,TTP71876721@rand.cogeco.ca,0.15,0.14,26-35,White,60k-100k,1M-2M,0-500,37
142065,F,Ottawa,ON,ROBERTSON CINDY,42,False,,Asian,85372.0,True,830349.0,0.0,True,False,3745,32564.54,714.0,Checking,4,18.4,False,15.17,,False,False,0,Medium,2,0,5,548-430-2052T,4510 1554T 6914 2260,CREDIT,TRC1324272162@synth.icloud.com,0.14,0.04,36-45,OTHER,60k-100k,500k-1M,0-500,7
3333,F,Toronto,ON,LYLE BARBARA,21,False,,Asian,21359.0,False,0.0,725.0,False,True,1012,4426.35,570.0,Checking; Savings,10,74.0,True,808.56,,False,False,0,High,3,2,3,416-221-5576T,4519 9265T 3958 3371,DEBIT,TLYLE_BARBARA64@fake.neo.com,0.15,0.04,18-25,OTHER,0-30k,0-200k,500-1k,6
18366,F,Toronto,ON,KERKHOF BARBARA,43,False,,Asian,83480.0,True,1210051.0,0.0,False,False,4858,21366.16,689.0,Checking; Investment; Credit,4,42.0,True,3529.82,,True,False,6,High,4,1,5,289-142-7883T,4512 2332T 7963 9184,CREDIT,TKB18521365@test.gmail.com,0.15,0.08,36-45,OTHER,60k-100k,1M-2M,0-500,23
64194,F,Toronto,ON,GWILLIAMS MARIE,35,True,,Asian,98649.0,True,1124838.0,0.0,True,False,5228,17694.48,722.0,Joint,25,72.0,True,3669.28,Mortgage,False,False,10,High,4,2,3,683-230-2652T,5415 9038T 1203 1635,CREDIT,TGM98630@synth.zoho.com,0.15,0.11,26-35,OTHER,60k-100k,1M-2M,0-500,11
81234,F,Montreal,QC,COTE ISABELLE,33,False,,Black,76266.0,True,610763.0,0.0,True,False,3868,22175.57,654.0,Investment,10,71.0,True,2517.48,Mortgage,True,False,0,High,4,2,3,450-897-5927T,4519 9233T 3479 4835,DEBIT,TCI3024026303@non.iCloud.com,0.18,0.12,26-35,OTHER,60k-100k,500k-1M,0-500,21
58931,M,Toronto,ON,COE RALPH,40,False,,White,99959.0,True,1143659.0,0.0,True,False,5094,11288.29,719.0,Credit; Checking; Investment,10,32.0,True,3174.26,Mortgage,False,False,2,High,3,6,1,416-492-1274T,4512 2313T 2900 5390,CREDIT,TCORAjealousCordial21993@non.aol.com,0.15,0.11,36-45,White,60k-100k,1M-2M,0-500,31
144925,F,Ottawa,ON,CASSELMAN JENNIFER,28,False,,White,84318.0,True,703379.0,0.0,True,False,2858,20300.04,705.0,Investment,18,8.79,False,50.67,Mortgage,True,False,0,Low,5,0,6,343-393-6541T,4519 9222T 7519 2153,DEBIT,TCJ437632@non.neo.com,0.14,0.14,26-35,White,60k-100k,500k-1M,0-500,18
61762,M,Toronto,ON,GRUNDY ERNEST,31,True,viEoAKzZ,Native,82158.27,True,1012874.0,0.0,True,False,5136,12534.44,718.0,Joint,11,38.0,True,3083.7,Mortgage,True,False,5,Low,6,2,2,416-157-2983T,4512 2324T 6758 2344,CREDIT,TGRUNDYERNEST@test.proton.com,0.15,0.12,26-35,OTHER,60k-100k,1M-2M,0-500,19
104267,F,Vancouver,BC,LEY SANDRA,46,False,,Asian,70637.0,True,1256901.0,0.0,True,False,3608,57856.58,744.0,Credit; Checking; Investment,4,11.64,False,22.3,Mortgage,True,False,0,Low,5,0,5,236-694-4095T,4510 1398T 4993 9439,CREDIT,TmildBuck6LESA@test.comcast.net,0.13,0.09,36-45,OTHER,60k-100k,1M-2M,0-500,17
21954,F,Toronto,ON,MOFFAT LAURIE,33,False,,Black,98025.0,True,1082027.0,0.0,True,False,3848,22795.82,716.0,Investment,5,57.0,True,2345.35,Mortgage,True,False,0,High,5,2,5,365-961-8490T,4519 9269T 3879 2424,DEBIT,TML71563@non.yahoo.com,0.15,0.12,26-35,OTHER,60k-100k,1M-2M,0-500,63
55954,F,Toronto,ON,ROBIN JEANETTE,39,True,,Asian,98559.0,True,1184384.0,0.0,True,False,4605,16574.26,734.0,Investment; Joint,5,110.0,True,3310.21,Mortgage,False,False,0,High,3,1,7,905-285-4551T,4510 1697T 5516 0570,DEBIT,TRJ934231@rand.yahoo.com,0.15,0.07,36-45,OTHER,60k-100k,1M-2M,0-500,36
88910,F,Montreal,QC,DUQUETTE CHANTAL,28,True,,White,62424.0,True,502536.0,0.0,True,False,4063,11114.17,662.0,Credit,12,7.32,False,69.61,Mortgage,True,False,5,Low,6,0,7,579-645-8833T,4510 1333T 8557 1464,CREDIT,TDUQUETTE_CHANTAL86@rand.gmail.com,0.18,0.32,26-35,White,60k-100k,500k-1M,0-500,8
53579,F,Toronto,ON,SANCHEZ SHAWNA,34,False,,Asian,72192.0,False,0.0,1658.0,True,False,3306,25777.5,583.0,Investment,4,90.0,True,2310.44,,True,False,0,High,4,0,6,289-180-5225T,4514 0125T 7559 1886,CREDIT,TexactingCoati6SASH@rand.proton.com,0.15,0.12,26-35,OTHER,60k-100k,0-200k,1k-2k,7
171372,M,Hamilton,ON,LESLIE BECK,28,False,,White,94757.0,True,993593.0,0.0,True,False,3090,41043.35,736.0,Checking,4,8.51,False,27.95,Mortgage,True,False,5,Low,5,2,3,437-299-8121T,5415 9028T 6783 9300,CREDIT,TLESLIE_BECK14@rand.comcast.net,0.15,0.12,26-35,White,60k-100k,500k-1M,0-500,9
66361,M,Toronto,ON,MASON ALLISON,37,True,,White,82442.0,True,1205664.0,0.0,True,False,4932,60613.49,744.0,Investment,7,12.44,False,50.76,Mortgage,False,False,11,Low,6,0,5,683-943-9316T,4519 9284T 5245 7368,DEBIT,TMA7325722694@test.iCloud.com,0.15,0.15,36-45,White,60k-100k,1M-2M,0-500,21
78349,F,Montreal,QC,VIGNOLA PATRICIA,27,False,,White,68217.0,True,590678.0,0.0,True,False,2643,17003.52,643.0,Credit; Checking,9,3.97,False,19.11,Mortgage,True,False,11,Low,5,0,7,354-312-2207T,4519 9238T 9699 7184,DEBIT,TVIGNOLAF22@test.neo.com,0.18,0.38,26-35,White,60k-100k,500k-1M,0-500,28
12347,F,Toronto,ON,BABUTAC SARAH,31,True,,Asian,100361.0,True,1506903.0,0.0,True,False,8363,9298.27,712.0,Checking,16,11.44,False,17.42,Mortgage,True,True,11,Medium,2,0,6,753-317-8346T,5415 9020T 9909 7457,CREDIT,TBS3254607320@test.bla.com,0.15,0.17,26-35,OTHER,100k-200k,1M-2M,0-500,5
160627,F,Winnipeg,MB,TABAKA SHARON,44,False,,White,98240.0,True,426835.0,0.0,True,False,4368,115174.26,740.0,Checking; Credit; Investment,15,14.45,False,37.64,Mortgage,False,False,0,Low,5,0,6,204-719-4352T,4512 2344T 8840 1405,CREDIT,TTS89511480@non.aol.com,0.18,0.09,36-45,White,60k-100k,200k-500k,0-500,8
120877,M,Vancouver,BC,WELLMAN HUGH,21,False,,Asian,9165.0,False,0.0,867.0,False,False,1029,5838.73,397.0,Savings; Checking,6,10.2,False,12.52,,False,True,0,Medium,2,3,3,250-244-5149T,4510 1320T 8706 8937,CREDIT,TWH22910450@fake.icloud.com,0.13,0.49,18-25,OTHER,0-30k,0-200k,500-1k,5
37185,M,Toronto,ON,HARRISON STEVE,41,False,,Asian,86143.0,True,1092689.0,0.0,True,False,4476,12135.31,713.0,Investment,14,36.0,True,2644.42,Mortgage,False,False,0,High,4,1,2,343-338-6549T,4514 0150T 0244 7129,CREDIT,THS6452861313@test.hotmail.com,0.15,0.09,36-45,OTHER,60k-100k,1M-2M,0-500,40
33387,F,Toronto,ON,WEATHERILL SANDRA,20,False,,Asian,11708.0,False,0.0,949.0,False,False,1137,5877.52,395.0,Checking,13,13.05,False,8.71,,False,True,0,Medium,2,1,4,905-964-6388T,5415 9039T 8752 9522,CREDIT,TWS9279500@non.zoho.com,0.15,0.11,18-25,OTHER,0-30k,0-200k,500-1k,15
101526,F,Montreal,QC,LEFEBVRE NICOLE,28,False,,Others,56846.0,True,501212.0,0.0,True,False,3500,3551.28,627.0,Credit,3,6.17,False,24.52,Mortgage,False,True,7,Low,5,0,7,263-777-2984T,4510 1566T 2751 5581,CREDIT,TLEFEBVREF56@fake.icloud.com,0.18,0.28,26-35,OTHER,30k-60k,500k-1M,0-500,8
7909,F,Toronto,ON,PARENT SHARON,37,False,,Asian,83721.0,True,1008818.0,0.0,True,False,5008,48166.2,703.0,Credit,20,10.31,False,27.27,Mortgage,True,False,0,Medium,2,1,5,365-458-4483T,4510 1344T 1553 7086,CREDIT,TPS973189@non.comcast.net,0.15,0.16,36-45,OTHER,60k-100k,1M-2M,0-500,69
50847,M,Toronto,ON,MURRAY JOHN,35,False,,Asian,82416.0,True,1126699.0,0.0,True,False,3954,45530.35,710.0,Credit,6,9.3,False,23.0,Mortgage,False,False,10,Low,5,1,5,289-678-6292T,4510 1659T 2780 2133,DEBIT,TMJ09341@fake.comcast.net,0.15,0.12,26-35,OTHER,60k-100k,1M-2M,0-500,39
40822,F,Toronto,ON,MCNAMARA TAMMY,35,False,,White,87861.0,True,1003381.0,0.0,False,False,4127,28034.1,693.0,Checking; Credit,4,112.0,True,2408.01,Mortgage,True,True,0,High,4,1,6,519-921-6201T,4510 1591T 5271 0252,CREDIT,TpridefulAntelope3MCTA@test.comcast.net,0.15,0.08,26-35,White,60k-100k,1M-2M,0-500,9
101742,M,Montreal,QC,BOUTIN DONALD,35,False,,White,63308.0,True,499385.0,0.0,True,False,2993,19941.12,651.0,Credit,16,14.12,False,22.57,Mortgage,True,False,5,Medium,2,1,4,819-106-2786T,4512 2364T 4827 1577,CREDIT,TBODOwrathfulAntelope71965@non.zoho.com,0.18,0.09,26-35,White,60k-100k,200k-500k,0-500,7
18171,F,Toronto,ON,DAVIDSON YVONNE,22,False,,Asian,30831.0,False,0.0,908.0,False,False,1826,242.35,412.0,Savings,4,58.0,True,1215.97,,False,True,0,High,5,1,5,905-426-7562T,5415 9010T 9851 4839,CREDIT,TDAVIDSON_YVONNE51@synth.iCloud.com,0.15,0.06,18-25,OTHER,30k-60k,0-200k,500-1k,5
111265,M,Vancouver,BC,JILL BOONE,30,True,,Native,67776.0,True,1195804.0,0.0,True,False,3381,6375.72,681.0,Checking,19,13.56,False,32.42,Mortgage,True,True,0,Medium,2,0,5,672-935-5576T,4514 0135T 0153 9412,CREDIT,TJB060105@fake.icloud.com,0.13,0.19,26-35,OTHER,60k-100k,1M-2M,0-500,7
161918,F,Quebec City,QC,FOURNIER REGINE,40,False,,White,63750.0,True,365420.0,0.0,True,False,3850,17572.4,657.0,Checking,8,14.42,False,20.87,Mortgage,True,False,0,Low,5,0,8,438-247-4971T,4512 2310T 5123 5601,CREDIT,TlazyPretzels6FORE@synth.netZero.com,0.16,0.04,36-45,White,60k-100k,200k-500k,0-500,8
12159,F,Toronto,ON,REYES EVELYN,43,False,,Asian,60773.0,True,1053122.0,0.0,False,False,3358,19624.77,631.0,Checking; Credit,4,8.38,False,34.62,Mortgage,False,False,0,Low,6,2,5,519-119-6505T,4512 2339T 2928 3909,CREDIT,TRE61482450@rand.zoho.com,0.15,0.15,36-45,OTHER,60k-100k,1M-2M,0-500,23
10559,F,Toronto,ON,MCRAE CHRISTINE,34,False,,White,74403.0,True,1187715.0,0.0,True,False,2983,32441.98,685.0,Credit,18,72.0,True,2330.23,Mortgage,True,False,0,High,4,0,5,519-515-8552T,4510 1538T 4117 6807,CREDIT,TMC0223959@synth.icloud.com,0.15,0.15,26-35,White,60k-100k,1M-2M,0-500,37
186037,M,Brampton,ON,MACDONALD KEVIN,31,True,,Asian,120146.0,True,1279445.0,0.0,True,False,10012,5308.14,735.0,Joint,18,52.0,True,7177.02,Mortgage,True,False,7,High,4,0,6,437-309-6629T,4510 1680T 0511 2644,DEBIT,TMACDONALDKEVIN@synth.live.com,0.17,0.05,26-35,OTHER,100k-200k,1M-2M,0-500,6
30850,M,Toronto,ON,DENIS D'ALESSANDRO,28,True,6S7AoT8E,Black,116083.63,True,1090468.0,0.0,False,False,6424,22311.14,731.0,Joint; Investment,5,0.08,False,35.54,Mortgage,True,False,12,High,5,2,2,226-404-5167T,4510 1394T 5089 5034,CREDIT,TDENIS_D'ALESSANDRO5@synth.proton.com,0.15,0.28,26-35,OTHER,100k-200k,1M-2M,0-500,6
4352,M,Toronto,ON,CROZIER ROB,35,True,,Asian,80505.0,True,635174.0,0.0,True,False,5309,21039.97,704.0,Joint,14,116.0,True,3481.27,Mortgage,True,False,0,High,4,2,5,683-212-1094T,5415 9094T 7212 4470,CREDIT,TCR3040450364@rand.icloud.com,0.15,0.11,26-35,OTHER,60k-100k,500k-1M,0-500,8
148187,M,Ottawa,ON,ROBINSON EDEN,36,True,sEqyjqOJ,White,75167.99,True,808890.0,0.0,True,False,3584,22103.22,733.0,Credit,16,11.08,False,46.11,Mortgage,True,False,12,Low,5,4,6,647-972-9883T,4510 1385T 0673 8549,CREDIT,TROBINSONEDEN@rand.iCloud.com,0.14,0.39,26-35,White,60k-100k,500k-1M,0-500,5
31459,F,Toronto,ON,JOHN JONES,32,False,,White,76345.0,True,1134506.0,0.0,True,True,4103,37073.57,847.0,Checking,18,6.83,False,18.15,Mortgage,True,False,10,Low,5,0,6,683-226-8752T,4510 1613T 1899 2495,DEBIT,TJJ5025@fake.comcast.net,0.15,0.12,26-35,White,60k-100k,1M-2M,0-500,8
48844,M,Toronto,ON,MIECHOWICZ ARTHUR,47,False,,White,77418.0,True,1215299.0,0.0,True,False,3711,115144.2,759.0,Checking,4,98.0,True,2141.35,,True,True,7,High,3,3,4,742-795-3815T,4519 9239T 0358 9134,DEBIT,TMA726255@rand.iCloud.com,0.15,0.32,46-55,White,60k-100k,1M-2M,0-500,11
66145,M,Toronto,ON,HOWES JASON,43,False,,Asian,104672.0,True,1287230.0,0.0,True,False,8723,6934.57,715.0,Checking,14,58.0,True,4695.75,Mortgage,True,True,1,High,4,5,1,705-940-3935T,5415 9080T 5847 2373,CREDIT,THOWESJASON@synth.iCloud.com,0.15,0.42,36-45,OTHER,100k-200k,1M-2M,0-500,29
68775,M,Toronto,ON,SEAN BARKER,46,False,,Black,85854.0,True,1140207.0,0.0,True,False,3964,37483.79,721.0,Investment,16,53.0,True,2633.33,Mortgage,True,False,0,High,4,0,6,742-418-8641T,4510 1623T 6864 9691,DEBIT,TSEANBARKER@non.icloud.com,0.15,0.06,36-45,OTHER,60k-100k,1M-2M,0-500,40
128898,F,Calgary,AB,BUDD LAURIE,37,True,,White,105022.0,True,625580.0,0.0,True,False,8752,31392.11,718.0,Investment,23,11.41,False,99.0,Mortgage,True,False,0,Low,5,0,6,780-352-2406T,5415 9055T 3658 0056,CREDIT,TBL82633462@rand.mail.com,0.14,0.08,36-45,White,100k-200k,500k-1M,0-500,7
121570,M,Vancouver,BC,SARAH SMITH,41,False,,Asian,79266.0,True,1385229.0,0.0,True,False,4349,52287.43,704.0,Investment,15,11.43,False,26.98,Mortgage,True,False,0,Medium,2,4,2,604-543-7565T,5415 9052T 9588 9566,CREDIT,TSS3529@test.bla.com,0.13,0.47,36-45,OTHER,60k-100k,1M-2M,0-500,9
29596,F,Toronto,ON,STANISCIA ANNA,32,True,XIzPaNph,White,93035.0,True,1073763.0,0.0,True,False,4081,27891.55,658.0,Joint,11,41.0,True,2234.21,Mortgage,False,False,0,Medium,5,1,4,905-436-8923T,4512 2325T 0804 7504,CREDIT,TSA1024842522@test.att.net,0.15,0.07,26-35,White,60k-100k,1M-2M,0-500,14
43182,M,Toronto,ON,BUDZIOSZ ROBERT,46,True,,White,90877.0,True,1288772.0,0.0,True,False,6299,72381.13,794.0,Investment,17,90.0,True,3155.54,Mortgage,True,False,1,High,4,0,4,249-517-6348T,4510 1375T 0154 0391,CREDIT,TBR325657@non.jumo.com,0.15,0.1,36-45,White,60k-100k,1M-2M,0-500,21
13909,F,Toronto,ON,KINGDON REBECCA,46,False,,Black,80268.0,False,0.0,1357.0,True,False,5240,73104.68,670.0,Checking; Investment,5,21.21,False,27.68,Personal Loan,True,True,3,Medium,2,1,6,548-280-4817T,4512 2343T 5401 5412,CREDIT,TKR20107881@non.live.com,0.15,0.16,36-45,OTHER,60k-100k,0-200k,1k-2k,7
55123,M,Toronto,ON,COOK FRED,49,True,hBY2ZvpJ,Asian,108155.57,True,1043611.0,0.0,True,False,9013,16867.64,771.0,Checking,31,85.0,True,7051.68,Auto Loan,False,False,1,Medium,7,1,6,365-349-2867T,4510 1629T 7029 9142,DEBIT,TCOOKFRED@non.mail.com,0.15,0.08,46-55,OTHER,100k-200k,1M-2M,0-500,10
201637,M,Halifax,NS,PARSONS PETER,34,False,,White,83350.0,True,390283.0,0.0,True,False,3250,23238.05,688.0,Checking,14,9.67,False,26.66,Mortgage,False,False,5,Low,6,5,1,782-546-8656T,5415 9031T 3872 8188,CREDIT,TPP8647932306@synth.live.com,0.14,0.47,26-35,White,60k-100k,200k-500k,0-500,5
41951,F,Toronto,ON,PARRIS TANYA,29,False,,Black,80686.0,True,1194688.0,0.0,True,False,3870,34876.18,691.0,Investment,18,6.78,False,29.4,Mortgage,True,False,0,Low,4,0,7,705-607-8274T,4510 1591T 3067 2466,CREDIT,TPARRIS_TANYA81@test.aol.com,0.15,0.23,26-35,OTHER,60k-100k,1M-2M,0-500,63
63737,M,Toronto,ON,SHUTE GARY,21,False,,White,14823.0,False,0.0,910.0,False,False,924,7297.96,426.0,Checking; Savings,9,9.43,False,10.49,,False,True,0,Low,6,0,5,742-335-9589T,4510 1631T 4973 3302,DEBIT,TSHUTE_GARY16@fake.aol.com,0.15,0.27,18-25,White,0-30k,0-200k,500-1k,9
44637,M,Toronto,ON,MONTGOMERY MICHAEL,38,False,,White,90615.0,True,1048259.0,0.0,True,False,3899,37008.33,711.0,Checking,19,105.0,True,2330.31,Personal Loan,True,False,0,High,5,4,2,343-955-8811T,4510 1380T 5257 0265,CREDIT,TMONTGOMERYMICHAEL@test.bla.com,0.15,0.16,36-45,White,60k-100k,1M-2M,0-500,31
34792,F,Toronto,ON,HILTS DENISE,36,True,,Asian,81810.0,True,1054721.0,0.0,True,False,4499,17601.38,696.0,Checking,18,19.0,False,38.1,Mortgage,False,False,0,Medium,2,0,6,249-667-5691T,4510 1623T 7767 9683,DEBIT,THD7924772387@non.proton.com,0.15,0.1,26-35,OTHER,60k-100k,1M-2M,0-500,11
55308,M,Toronto,ON,PRISCILLA BARRON,38,False,,Asian,67946.0,True,839469.0,0.0,True,False,3918,20966.65,691.0,Checking,18,115.0,True,2321.53,Mortgage,False,False,3,High,3,1,7,683-922-4044T,4510 1633T 0692 2694,DEBIT,TPB8407093@non.comcast.net,0.15,0.14,36-45,OTHER,60k-100k,500k-1M,0-500,5
33149,M,Toronto,ON,SZE MICHAEL,27,False,,Asian,73810.0,True,987168.0,0.0,True,True,3243,17051.65,817.0,Checking,18,118.0,True,2544.61,Mortgage,False,False,0,High,4,2,1,519-147-7907T,5415 9056T 3453 4847,CREDIT,TSM28700@fake.icloud.com,0.15,0.08,26-35,OTHER,60k-100k,500k-1M,0-500,5
54545,M,Toronto,ON,GINGRICH SHAUN,33,False,,Black,76779.0,True,993542.0,0.0,True,True,3090,42574.45,846.0,Credit,15,9.41,False,62.01,Mortgage,False,False,10,Low,6,3,2,683-406-5056T,4510 1570T 8300 4314,CREDIT,TGINGRICHSHAUN@synth.neo.com,0.15,0.57,26-35,OTHER,60k-100k,500k-1M,0-500,5
154424,M,Ottawa,ON,CHALUPKA STANLEY,29,True,,White,95306.0,True,821817.0,0.0,True,False,4744,35542.19,726.0,Joint; Investment; Credit; Checking,13,49.0,True,3419.52,Mortgage,False,False,8,Medium,6,6,1,753-350-3091T,4519 9268T 8641 8822,DEBIT,TCHALUPKA_STANLEY23@test.cogeco.ca,0.14,0.59,26-35,White,60k-100k,500k-1M,0-500,5
91460,M,Montreal,QC,ROULEAU LUCIEN,40,False,,White,62562.0,True,530988.0,0.0,False,False,3634,5106.25,638.0,Checking; Credit,14,110.0,True,2766.07,Mortgage,False,False,12,High,3,0,6,579-231-9070T,4510 1630T 2622 6807,DEBIT,TRL627751@synth.proton.com,0.18,0.06,36-45,White,60k-100k,500k-1M,0-500,11
157323,F,Winnipeg,MB,GARDINER MARILYN,34,False,,White,83249.0,True,355451.0,0.0,True,False,3591,34703.32,704.0,Checking,4,9.7,False,34.71,Mortgage,True,False,9,Low,5,1,6,204-493-2682T,4510 1676T 7981 4995,DEBIT,TselfishPlover8GAMA@non.hotmail.com,0.18,0.11,26-35,White,60k-100k,200k-500k,0-500,5
17798,F,Toronto,ON,RAHIM SALLY,26,False,,White,88116.0,True,1034538.0,0.0,True,False,3497,28215.36,699.0,Investment,9,12.74,False,68.79,Mortgage,True,False,0,Medium,2,0,7,742-938-6250T,4510 1672T 3893 8779,DEBIT,TRAHIM_SALLY30@fake.proton.com,0.15,0.12,18-25,White,60k-100k,1M-2M,0-500,5
105173,M,Vancouver,BC,KRISTA PACHECO,28,False,,Asian,77573.0,True,1456293.0,0.0,True,False,3300,25643.81,693.0,Checking; Credit,16,7.98,False,21.41,Mortgage,True,False,0,Low,4,3,3,236-296-8727T,4510 1510T 8545 7666,CREDIT,TKP8118314@non.att.net,0.13,0.53,26-35,OTHER,60k-100k,1M-2M,0-500,21
72407,M,Toronto,ON,CAMERON BRENT,27,False,,Native,95679.0,True,1193946.0,0.0,False,False,3001,13507.86,671.0,Checking; Credit; Investment,14,9.56,False,40.08,Mortgage,True,True,2,Low,5,2,4,437-427-8838T,4510 1542T 9372 7588,CREDIT,TCAMERON_BRENT47@test.att.net,0.15,0.27,26-35,OTHER,60k-100k,1M-2M,0-500,9
7763,M,Toronto,ON,KEY ALEXANDER,46,True,,Native,104597.0,True,1294844.0,0.0,True,False,8716,52808.28,776.0,Joint,28,13.02,False,47.95,Mortgage,False,False,0,Medium,2,2,2,742-745-6623T,4514 0110T 8568 4356,CREDIT,TKEYALEXANDER@test.outlook.com,0.15,0.08,36-45,OTHER,100k-200k,1M-2M,0-500,22
22205,F,Toronto,ON,HOWE YVONNE,40,False,,Native,82769.0,True,1040284.0,0.0,True,False,4663,20993.64,680.0,Checking; Credit; Investment,4,79.0,True,3635.37,Mortgage,True,False,9,High,4,3,2,742-870-9933T,5415 9095T 8436 8195,CREDIT,THY13373746@non.bla.com,0.15,0.33,36-45,OTHER,60k-100k,1M-2M,0-500,69
24638,F,Toronto,ON,STREEF OLIVIA,33,True,Nxvq3E2A,White,79665.0,True,988506.0,0.0,True,False,3485,49202.8,730.0,Checking,4,107.0,True,2704.96,Mortgage,True,False,0,High,4,4,1,647-376-2172T,4510 1523T 3653 2416,CREDIT,TcrummySnipe6STOL@non.jumo.com,0.15,0.11,26-35,White,60k-100k,500k-1M,0-500,5
15288,F,Toronto,ON,ARROYO MARCELA,29,False,,Asian,101054.0,True,1155319.0,0.0,False,False,3117,22733.7,679.0,Checking; Investment; Credit,5,14.53,False,20.12,Mortgage,True,False,11,Low,5,2,4,416-118-9575T,4510 1681T 9451 7336,DEBIT,TARROYOexcludedLion231@non.neo.com,0.15,0.26,26-35,OTHER,100k-200k,1M-2M,0-500,7
97523,F,Montreal,QC,LABBE STEPHANE,33,True,,Others,60072.0,True,527199.0,0.0,True,False,2792,17849.02,662.0,Checking,18,5.77,False,27.41,Mortgage,True,False,9,Low,5,0,7,873-698-8972T,4519 9260T 3621 8185,DEBIT,TLS3465057082@test.proton.com,0.18,0.11,26-35,OTHER,60k-100k,500k-1M,0-500,7
91149,F,Montreal,QC,RENAUD JULIE,30,False,,White,54479.0,True,578805.0,0.0,True,False,2517,14329.76,666.0,Credit,3,6.32,False,27.57,Mortgage,False,True,8,Low,5,0,6,263-125-6978T,5415 9088T 1109 2600,CREDIT,TRJ80668178@synth.netZero.com,0.18,0.14,26-35,White,30k-60k,500k-1M,0-500,7
26061,M,Toronto,ON,MCDONALD CAMPBELL,39,False,,Asian,99681.0,True,1029773.0,0.0,True,False,5007,48360.05,742.0,Credit,4,21.34,False,56.49,Mortgage,True,False,0,Medium,2,3,3,437-817-4155T,4519 9256T 9909 8327,DEBIT,TMCCAworriedHyena41951@rand.bla.com,0.15,0.29,36-45,OTHER,60k-100k,1M-2M,0-500,40
10393,F,Toronto,ON,THOMAS FRIEDMAN,45,False,,Asian,95232.0,True,1010561.0,0.0,False,False,4751,54345.18,740.0,Credit,22,40.0,True,2520.57,Mortgage,True,False,0,High,3,1,5,613-620-7178T,4519 9286T 8552 0408,DEBIT,TTF9952@test.gmail.com,0.15,0.12,36-45,OTHER,60k-100k,1M-2M,0-500,23
73249,F,Toronto,ON,JUNIO EMELIA,40,True,koKWMJWg,Asian,97684.0,True,1264162.0,0.0,True,False,5456,11841.24,709.0,Joint,30,10.81,False,59.48,Mortgage,True,False,12,Medium,2,0,6,807-331-5893T,5415 9033T 2400 3668,CREDIT,TJE355403746@fake.neo.com,0.15,0.12,36-45,OTHER,60k-100k,1M-2M,0-500,36
145358,M,Ottawa,ON,ARMIENTO JOHN,32,False,,White,131796.0,True,789449.0,0.0,True,False,9866,25096.16,747.0,Investment; Checking,10,10.51,False,59.17,Mortgage,True,False,5,Medium,2,1,4,613-392-8109T,4510 1561T 8012 3135,CREDIT,TARMIENTOJOHN@synth.hotmail.com,0.14,0.07,26-35,White,100k-200k,500k-1M,0-500,7
4792,M,Toronto,ON,CAPELING KEVIN,28,True,,Asian,89613.0,True,1263805.0,0.0,True,False,5213,35032.81,732.0,Investment,16,10.87,False,29.11,Mortgage,True,False,8,Medium,2,0,6,807-600-2551T,4519 9272T 7529 4335,DEBIT,TCAPELING_KEVIN58@rand.iCloud.com,0.15,0.14,26-35,OTHER,60k-100k,1M-2M,0-500,19
32,M,Toronto,ON,BEAUVAIS LATENDRE,34,True,6yet9Pbr,Black,76289.48,True,1225176.0,0.0,True,False,4811,17431.68,732.0,Investment,22,87.0,True,3049.58,,True,False,12,High,4,1,3,807-357-5936T,4510 1676T 6475 3048,DEBIT,TBEAUVAISLATENDRE@synth.mail.com,0.15,0.11,26-35,OTHER,60k-100k,1M-2M,0-500,19
15515,F,Toronto,ON,DUROSS MARYANN,32,False,,White,88516.0,True,919728.0,0.0,True,False,4210,32107.87,690.0,Checking; Credit,4,9.46,False,33.04,Mortgage,False,False,0,Low,5,0,6,416-213-6597T,4512 2371T 7875 2676,CREDIT,ToutlyingGelding2DUMA@rand.neo.com,0.15,0.06,26-35,White,60k-100k,500k-1M,0-500,14
14207,M,Toronto,ON,SMITH BRENDAN,21,False,,Asian,28558.0,False,0.0,1018.0,False,False,1439,5090.67,440.0,Savings; Checking,3,11.75,False,5.14,,False,True,0,Medium,2,3,2,705-609-2281T,4519 9223T 6501 0318,DEBIT,TSMITH_BRENDAN4@non.aol.com,0.15,0.28,18-25,OTHER,0-30k,0-200k,1k-2k,6
76489,M,Montreal,QC,OUELLETTE GABRIEL,30,False,,Black,66377.0,True,555421.0,0.0,True,True,3310,10697.71,790.0,Checking,13,82.0,True,1689.69,Mortgage,False,False,3,High,4,1,4,514-276-3042T,4519 9245T 7274 8736,DEBIT,TOG2929@test.netZero.com,0.18,0.06,26-35,OTHER,60k-100k,500k-1M,0-500,5
55401,F,Toronto,ON,BROCHU JOCELYN,44,False,,Black,73412.0,True,1157711.0,0.0,True,False,4119,52677.57,718.0,Investment,15,66.0,True,2960.12,Mortgage,True,False,2,High,3,0,5,289-129-5866T,4510 1623T 9623 8136,DEBIT,TBJ493714@non.iCloud.com,0.15,0.05,36-45,OTHER,60k-100k,1M-2M,0-500,69
44835,F,Toronto,ON,CYNTHIA SANCHEZ,26,False,,Asian,75261.0,True,977003.0,0.0,True,False,3763,29285.46,673.0,Investment,9,103.0,True,2814.04,Personal Loan,True,False,0,High,5,2,4,343-834-6794T,4510 1625T 9487 6529,DEBIT,TCS561983@synth.live.com,0.15,0.1,18-25,OTHER,60k-100k,500k-1M,0-500,8
14706,M,Toronto,ON,KRISTINA HARRIS,33,True,C5BXL5CK,White,85572.0,True,1047092.0,0.0,True,False,4876,19454.98,748.0,Credit,10,71.0,True,2625.18,Mortgage,False,False,0,High,3,2,4,548-508-4343T,4510 1655T 5848 2237,DEBIT,TKRHAmorbidDove02000@fake.proton.com,0.15,0.13,26-35,White,60k-100k,1M-2M,0-500,11
157626,F,Winnipeg,MB,GIESBRECHT ERNA,27,False,,Asian,88275.0,True,470912.0,0.0,True,False,3014,11910.18,694.0,Investment; Checking; Credit,6,11.49,False,18.09,Mortgage,False,False,4,Low,4,1,6,584-750-8621T,4510 1571T 0134 0671,CREDIT,TGE206851572@non.hotmail.com,0.18,0.14,26-35,OTHER,60k-100k,200k-500k,0-500,6
71442,F,Toronto,ON,JUAN GONZALES,33,False,,Asian,83207.0,True,1105812.0,0.0,True,False,3047,20911.01,703.0,Credit,23,10.79,False,16.02,Mortgage,False,False,0,Low,4,1,4,416-669-1898T,5415 9036T 4798 6239,CREDIT,TJG9877906124@rand.zoho.com,0.15,0.09,26-35,OTHER,60k-100k,1M-2M,0-500,63
149892,M,Ottawa,ON,JASON BROWN,31,False,,White,123430.0,True,820276.0,0.0,True,False,10286,9059.55,694.0,Credit,11,8.05,False,12.07,Mortgage,False,False,1,Low,5,0,5,226-687-9482T,4512 2331T 3242 4574,CREDIT,TJASONBROWN@fake.proton.com,0.14,0.11,26-35,White,100k-200k,500k-1M,0-500,7
55748,F,Toronto,ON,ABRAMS ELENA,45,False,,Asian,73519.0,True,729328.0,0.0,True,False,4444,78035.36,720.0,Checking,10,67.0,True,3207.55,Mortgage,False,False,0,High,4,0,7,365-803-2750T,5415 9070T 8861 8779,CREDIT,TAE478978@test.att.net,0.15,0.08,36-45,OTHER,60k-100k,500k-1M,0-500,9
25833,F,Toronto,ON,DJERGOVIC MARIA,35,True,,Asian,80541.0,True,1168431.0,0.0,True,False,3492,64814.34,765.0,Checking,24,8.16,False,18.71,Mortgage,True,False,0,Low,4,2,3,613-266-7005T,4519 9263T 0582 1048,DEBIT,TDM771947949@non.netZero.com,0.15,0.14,26-35,OTHER,60k-100k,1M-2M,0-500,11
56711,M,Toronto,ON,CLARK WALTER,45,True,,Latino,94572.0,True,723206.0,0.0,True,False,4284,56433.75,741.0,Checking; Joint,18,69.0,True,3199.28,Mortgage,False,False,0,High,4,0,4,289-358-3669T,4510 1357T 2762 4731,CREDIT,TCLARKWALTER@synth.proton.com,0.15,0.08,36-45,OTHER,60k-100k,500k-1M,0-500,8
51310,F,Toronto,ON,CHU ERIN,42,True,,Asian,105494.0,True,1219208.0,0.0,True,False,8791,15644.6,737.0,Joint; Investment; Credit; Checking,25,96.0,True,4460.18,Mortgage,False,False,2,High,4,1,5,647-236-6747T,4512 2392T 7114 6192,CREDIT,TCE54266@synth.att.net,0.15,0.05,36-45,OTHER,100k-200k,1M-2M,0-500,16
27295,M,Toronto,ON,KINNEAR MIKE,24,False,,Asian,72970.0,False,0.0,1427.0,True,False,2368,13159.1,489.0,Checking,12,13.86,False,7.99,,False,False,0,Medium,2,2,1,613-972-6033T,4510 1690T 9048 8274,DEBIT,TKINNEAR_MIKE27@synth.live.com,0.15,0.08,18-25,OTHER,60k-100k,0-200k,1k-2k,8
15926,F,Toronto,ON,EVANS ELIZABETH,46,False,,Asian,89619.0,True,597587.0,0.0,True,False,4134,70209.53,752.0,Checking,4,100.0,True,2223.99,Personal Loan,True,True,0,High,3,3,4,742-137-9381T,4510 1392T 4427 4769,CREDIT,TEE1956@synth.proton.com,0.15,0.28,36-45,OTHER,60k-100k,500k-1M,0-500,9
48584,M,Toronto,ON,VIGNA ROBERT,48,False,,Asian,102722.0,True,1219543.0,0.0,True,False,8560,95470.73,777.0,Investment,25,71.0,True,4536.66,Mortgage,True,False,5,High,4,3,3,683-977-7675T,4510 1388T 5279 3744,CREDIT,TVR923975@synth.hotmail.com,0.15,0.32,46-55,OTHER,100k-200k,1M-2M,0-500,13
52681,F,Toronto,ON,GRAY LISA,45,True,21zxDIIw,White,119364.43,True,1219718.0,0.0,True,False,9947,22359.95,739.0,Checking; Investment,18,77.0,True,5290.06,Mortgage,False,True,0,High,4,2,4,365-790-5926T,5415 9076T 1654 5823,CREDIT,TGL2979634198@rand.icloud.com,0.15,0.07,36-45,White,100k-200k,1M-2M,0-500,9
63081,M,Toronto,ON,MOSCARDELLI FRANK,39,False,,White,88286.0,True,1304358.0,0.0,True,False,4586,19888.24,679.0,Credit; Checking,17,16.48,False,36.41,Mortgage,False,False,1,Medium,2,4,1,548-974-3861T,5415 9016T 1868 0474,CREDIT,TMF555459593@synth.outlook.com,0.15,0.24,36-45,White,60k-100k,1M-2M,0-500,31
48992,F,Toronto,ON,THERIAULT PAMELA,27,False,,White,92646.0,True,545865.0,0.0,True,False,3709,45105.86,700.0,Credit,6,7.87,False,14.43,Mortgage,True,False,0,Low,5,2,4,226-455-4436T,4510 1569T 4522 1868,CREDIT,TTHERIAULTF31@non.neo.com,0.15,0.12,26-35,White,60k-100k,500k-1M,0-500,14
4296,F,Toronto,ON,WASYLYSHEN GEORGINA,33,False,,Others,73866.0,True,1124027.0,0.0,False,False,3713,30810.33,695.0,Investment,4,12.0,False,40.62,Mortgage,True,True,9,Medium,2,3,2,905-926-6152T,4512 2399T 4648 1130,CREDIT,TenviousClam7WAGE@test.att.net,0.15,0.53,26-35,OTHER,60k-100k,1M-2M,0-500,11
158682,F,Winnipeg,MB,KELLY BARBARA,46,False,,Latino,74255.0,True,477305.0,0.0,True,False,4007,38372.38,726.0,Checking,26,10.91,False,28.6,Mortgage,True,False,0,Low,4,1,4,584-833-6654T,4510 1386T 2688 6282,CREDIT,TKB431849@fake.hotmail.com,0.18,0.1,36-45,OTHER,60k-100k,200k-500k,0-500,6
96401,M,Montreal,QC,DESLAURIERS JONATHAN,37,False,,Asian,68355.0,True,538888.0,0.0,True,False,3405,22355.14,672.0,Checking,10,8.59,False,25.97,Mortgage,False,False,8,Low,5,1,5,354-708-4819T,4519 9217T 1146 6149,DEBIT,TDJ15775@non.gmail.com,0.18,0.07,36-45,OTHER,60k-100k,500k-1M,0-500,18
151749,M,Ottawa,ON,PATRICK HERRERA,32,False,,White,96388.0,True,670387.0,0.0,True,False,3989,14192.19,674.0,Investment,4,85.0,True,2614.17,Auto Loan,False,False,0,High,5,3,4,289-729-8303T,4510 1574T 4405 1069,CREDIT,TPATRICKHERRERA@test.netZero.com,0.14,0.22,26-35,White,60k-100k,500k-1M,0-500,7
41097,F,Toronto,ON,PEREIRA MARIA,40,False,,Asian,84676.0,True,1197713.0,0.0,True,False,3993,58287.95,725.0,Credit,27,12.03,False,25.57,Personal Loan,True,False,7,Medium,2,1,6,548-928-1341T,4514 0143T 1255 7260,CREDIT,TPM5752499515@synth.comcast.net,0.15,0.11,36-45,OTHER,60k-100k,1M-2M,0-500,69
143267,M,Ottawa,ON,ORTON LLOYD,40,True,,White,125053.0,True,888459.0,0.0,True,False,10421,13535.38,732.0,Investment,22,17.71,False,57.98,Personal Loan,True,False,3,Medium,2,3,2,807-605-1627T,4510 1380T 2160 9067,CREDIT,TORTONLLOYD@test.live.com,0.14,0.31,36-45,White,100k-200k,500k-1M,0-500,5
101648,F,Montreal,QC,ST-LOUIS LEVASSEUR,48,True,1CGDzrQG,White,84904.29,True,576916.0,0.0,True,False,4214,103247.92,734.0,Checking,9,22.85,False,35.51,Mortgage,False,False,12,High,1,2,7,581-762-5462T,4512 2393T 8144 8032,CREDIT,TdreadfulSeafowl8STLE@fake.mail.com,0.18,0.09,46-55,White,60k-100k,500k-1M,0-500,5
51422,F,Toronto,ON,DELL LILY,25,False,,White,94599.0,True,1134347.0,0.0,True,False,1681,10465.64,696.0,Checking,14,22.28,False,24.36,Mortgage,False,False,0,Medium,2,2,3,742-264-6455T,4514 0194T 0550 3442,CREDIT,TDELL_LILY12@fake.netZero.com,0.15,0.14,18-25,White,60k-100k,1M-2M,0-500,5
162473,F,Quebec City,QC,MERLA ODILE,31,False,,White,78446.0,True,228594.0,0.0,True,False,3460,24343.77,665.0,Checking,4,5.65,False,9.49,Personal Loan,True,False,0,Low,4,0,6,581-227-6877T,5415 9081T 3014 8146,CREDIT,TMO4111@rand.outlook.com,0.16,0.05,26-35,White,60k-100k,200k-500k,0-500,11
30774,F,Toronto,ON,BUGEJA NANCY,47,False,,Latino,88568.0,True,1031749.0,0.0,True,False,5493,31240.21,765.0,Checking,13,17.4,False,24.0,Mortgage,True,False,0,Medium,2,2,4,437-626-2957T,4510 1651T 1780 2558,DEBIT,TemptyCockatoo2BUNA@fake.neo.com,0.15,0.1,46-55,OTHER,60k-100k,1M-2M,0-500,23
51581,F,Toronto,ON,NAJMALA KATHARINE,42,True,,Black,74549.0,True,1155816.0,0.0,True,False,4282,50387.8,742.0,Checking,15,88.0,True,2680.75,Mortgage,True,True,7,High,4,4,1,705-975-5715T,4519 9253T 3458 2379,DEBIT,TcuriousSausage5NAKA@non.yahoo.com,0.15,0.34,36-45,OTHER,60k-100k,1M-2M,0-500,36
106867,F,Vancouver,BC,SIMPSON TERRIE,35,False,,Asian,82019.0,True,1253107.0,0.0,True,False,3621,17200.31,695.0,Checking,8,10.26,False,16.85,Auto Loan,True,False,0,Medium,2,0,5,250-427-3221T,4514 0146T 7467 2710,CREDIT,TST44061046@synth.aol.com,0.13,0.16,26-35,OTHER,60k-100k,1M-2M,0-500,16
74973,M,Montreal,QC,ROUSSEAU FERNAND,30,False,,White,73971.0,True,606113.0,0.0,True,False,3259,25216.03,659.0,Investment,6,15.0,False,18.67,Mortgage,True,False,2,Medium,2,2,3,579-876-7526T,4514 0113T 8443 1414,CREDIT,TRF694243461@test.jumo.com,0.18,0.12,26-35,White,60k-100k,500k-1M,0-500,30
155385,F,Ottawa,ON,JARVIS CAROLYN,33,False,,Asian,126096.0,True,879495.0,0.0,True,False,10508,27010.19,728.0,Credit; Investment,19,63.0,True,5887.71,Mortgage,False,True,1,High,5,4,1,289-394-6743T,4510 1612T 9571 1729,DEBIT,TJC5755749381@non.live.com,0.14,0.28,26-35,OTHER,100k-200k,500k-1M,0-500,5
151037,M,Ottawa,ON,BRIONES ALBERT,45,False,,White,112700.0,True,828845.0,0.0,True,False,8700,49887.08,771.0,Checking; Credit; Investment,4,51.0,True,5878.25,Mortgage,True,False,0,High,4,2,2,289-831-5553T,5415 9036T 4604 2568,CREDIT,TBA4721@fake.comcast.net,0.14,0.06,36-45,White,100k-200k,500k-1M,0-500,11
83462,M,Montreal,QC,AUBERTIN ALAIN,39,True,,Asian,92174.0,True,670412.0,0.0,True,False,5250,24668.71,713.0,Credit,14,16.93,False,52.56,Mortgage,False,False,9,Low,5,1,5,579-769-5272T,4510 1624T 7864 5310,DEBIT,TAUBERTINALAIN@rand.mail.com,0.18,0.09,36-45,OTHER,60k-100k,500k-1M,0-500,17
20657,F,Toronto,ON,MELLES BRENDA,47,False,,Black,80679.0,True,1264422.0,0.0,True,False,4156,39328.79,739.0,Checking; Credit,5,81.0,True,3059.42,Mortgage,True,False,0,High,3,4,3,613-612-5138T,4510 1310T 9853 0849,CREDIT,TlyingHare2MEBR@rand.neo.com,0.15,0.26,46-55,OTHER,60k-100k,1M-2M,0-500,23
132837,M,Edmonton,AB,SOKALSKI CLARENCE,46,False,,White,112169.0,True,512554.0,0.0,True,False,9347,172621.8,736.0,Credit,4,15.16,False,42.86,Mortgage,True,True,0,Medium,2,2,2,825-303-1274T,4512 2333T 5307 4449,CREDIT,TSOCLlyingRice51954@rand.proton.com,0.16,0.17,36-45,White,100k-200k,500k-1M,0-500,6
19074,M,Toronto,ON,RAMIREZ ALFREDO,20,False,,White,15382.0,False,0.0,825.0,False,False,1045,10961.95,437.0,Savings; Checking,13,9.65,False,22.45,,False,True,0,Medium,2,2,3,289-444-5628T,5415 9031T 0610 4405,CREDIT,TRAMIREZ_ALFREDO96@rand.zoho.com,0.15,0.11,18-25,White,0-30k,0-200k,500-1k,9
115057,F,Vancouver,BC,KELLY SHARON,41,False,,Asian,92327.0,True,1224608.0,0.0,True,False,4950,19863.36,687.0,Checking,18,62.0,True,2983.24,Mortgage,True,True,0,High,4,0,5,604-568-5776T,4519 9265T 5319 4614,DEBIT,TgiddyTuna3KESH@rand.zoho.com,0.13,0.16,36-45,OTHER,60k-100k,1M-2M,0-500,17
112118,M,Vancouver,BC,NOAKES TED,41,False,,White,71381.0,True,1012339.0,0.0,True,False,4014,20483.18,690.0,Credit,24,21.8,False,83.9,Mortgage,False,False,0,Medium,2,4,1,604-639-1982T,4510 1642T 4530 4010,DEBIT,TNT5332816@synth.icloud.com,0.13,0.3,36-45,White,60k-100k,1M-2M,0-500,12
44386,F,Toronto,ON,BELLEFEUILLE JOAN,22,True,,Black,23719.0,False,0.0,923.0,False,False,1696,3465.41,461.0,Checking; Joint,4,10.09,False,15.38,,False,True,0,Medium,2,1,4,289-259-7093T,4510 1382T 2798 2781,CREDIT,TBELLEFEUILLE_JOAN15@synth.outlook.com,0.15,0.08,18-25,OTHER,0-30k,0-200k,500-1k,5
184463,F,Brampton,ON,MULDER MOORE,46,True,2YcVLrpu,Asian,115803.44,True,1376320.0,0.0,True,False,7520,46892.25,816.0,Credit,16,101.0,True,4627.03,Auto Loan,True,True,0,High,4,3,3,343-415-8968T,4512 2373T 4010 3462,CREDIT,TexcitedSnipe2MUMO@synth.yahoo.com,0.17,0.33,36-45,OTHER,100k-200k,1M-2M,0-500,8
145223,F,Ottawa,ON,MCLEOD MARGIE,36,False,,Asian,114399.0,True,726351.0,0.0,True,False,9533,20137.21,703.0,Checking,2,112.0,True,5752.71,Mortgage,False,False,0,High,5,3,3,437-505-6031T,4510 1375T 4756 5852,CREDIT,TMM39901614@test.icloud.com,0.14,0.14,26-35,OTHER,100k-200k,500k-1M,0-500,5
6407,F,Toronto,ON,KINSINGER LAUREL,35,True,,White,93017.0,True,985284.0,0.0,True,False,5270,28936.18,743.0,Joint; Credit,10,5.34,False,38.15,,True,False,0,Low,4,0,6,365-820-8400T,4510 1622T 8494 7632,DEBIT,TboastfulDingo7KILA@rand.gmail.com,0.15,0.14,26-35,White,60k-100k,500k-1M,0-500,5
8495,F,Toronto,ON,CORSTON VIRGINIA,31,False,,Asian,93826.0,True,1128727.0,0.0,True,False,2638,13962.08,707.0,Investment,4,97.0,True,1837.49,Mortgage,False,False,0,High,3,1,6,437-675-8120T,4510 1394T 9112 4071,CREDIT,TCV6192@non.att.net,0.15,0.11,26-35,OTHER,60k-100k,1M-2M,0-500,63
30449,M,Toronto,ON,ROBERTO WILSON,30,True,o0IfOr1q,Others,85417.0,True,848617.0,0.0,True,False,4202,42005.54,725.0,Credit,15,11.09,False,49.85,Mortgage,False,False,12,Medium,2,0,5,548-890-5904T,4514 0179T 6275 2046,CREDIT,TRW45752215@non.proton.com,0.15,0.08,26-35,OTHER,60k-100k,500k-1M,0-500,8
95879,M,Montreal,QC,KARINA REED,33,False,,White,85831.0,True,348435.0,0.0,True,False,3662,44982.82,688.0,Investment,4,10.09,False,24.18,Mortgage,False,True,0,Medium,2,0,4,418-892-4610T,4512 2380T 1028 1540,CREDIT,TKAREmellowCow21957@test.iCloud.com,0.18,0.11,26-35,White,60k-100k,200k-500k,0-500,7
78048,F,Montreal,QC,DUBE NATHALIE,34,True,,White,67889.0,True,528061.0,0.0,True,False,3347,10541.16,663.0,Joint,10,5.39,False,14.75,Mortgage,False,True,0,Low,6,0,8,581-131-4321T,4510 1661T 5326 9260,DEBIT,TDN68239232@fake.hotmail.com,0.18,0.14,26-35,White,60k-100k,500k-1M,0-500,8
62538,M,Toronto,ON,DYLAN BECK,35,True,,Asian,112917.0,True,1099813.0,0.0,False,False,8747,23391.65,748.0,Joint,23,15.22,False,29.52,Mortgage,False,False,0,Medium,2,0,5,343-346-9795T,4510 1669T 3601 5862,DEBIT,TDYLANBECK@test.cogeco.ca,0.15,0.14,26-35,OTHER,100k-200k,1M-2M,0-500,6
241422,M,Oakville,ON,JASON RODRIGUEZ,46,False,,White,134095.0,True,1270778.0,0.0,True,False,11175,10392.81,794.0,Credit,11,16.7,False,44.84,Mortgage,True,False,1,Low,5,1,4,683-713-9662T,4512 2358T 5810 6041,CREDIT,TJASONRODRIGUEZ@fake.aol.com,0.16,0.1,36-45,White,100k-200k,1M-2M,0-500,5
149630,F,Ottawa,ON,ARTHUR EILEEN,45,False,,Asian,79886.0,True,832027.0,0.0,True,False,3849,57725.31,727.0,Checking,14,13.09,False,15.7,Mortgage,False,True,0,Medium,2,0,6,226-328-9144T,4514 0172T 0364 0086,CREDIT,TAE9654312481@test.yahoo.com,0.14,0.13,36-45,OTHER,60k-100k,500k-1M,0-500,7
140374,F,Edmonton,AB,COLLIINS SHELLEY,27,False,,Native,71793.0,True,448051.0,0.0,True,False,3038,41010.34,679.0,Investment; Credit,4,8.51,False,37.07,,True,True,0,Low,5,0,6,825-123-9453T,4512 2350T 6189 9983,CREDIT,TCS07258268@fake.cogeco.ca,0.16,0.27,26-35,OTHER,60k-100k,200k-500k,0-500,7
16255,M,Toronto,ON,COUGHLIN JIM,21,False,,Black,14688.0,False,0.0,996.0,False,False,1038,2327.46,424.0,Savings; Checking,11,14.84,False,8.0,,False,False,0,Medium,2,4,1,519-395-4862T,4512 2345T 6200 3688,CREDIT,TCOUGHLIN_JIM5@synth.aol.com,0.15,0.37,18-25,OTHER,0-30k,0-200k,500-1k,11
51963,M,Toronto,ON,MARTIN DOUG,42,False,,Latino,76823.0,True,1203683.0,0.0,True,False,3514,23059.5,693.0,Credit; Investment; Checking,4,50.0,True,2461.23,Mortgage,True,False,0,High,3,3,2,613-239-2702T,4510 1372T 3751 3919,CREDIT,TMADOgrumpyApples31965@non.att.net,0.15,0.38,36-45,OTHER,60k-100k,1M-2M,0-500,40
103450,M,Vancouver,BC,MCGAW JASON,40,False,,White,76232.0,True,1431924.0,0.0,True,False,4030,58768.21,710.0,Checking,8,9.19,False,37.27,Mortgage,True,False,9,Low,5,3,2,250-861-8651T,4510 1641T 8559 7479,DEBIT,TMCGAWJASON@rand.yahoo.com,0.13,0.59,36-45,White,60k-100k,1M-2M,0-500,12
29082,F,Toronto,ON,HERSI AMINA,28,False,,White,72882.0,True,571162.0,0.0,True,False,3769,12158.59,644.0,Credit,7,14.38,False,28.3,Mortgage,True,False,2,Medium,2,0,6,705-105-8295T,5415 9038T 0010 4078,CREDIT,THA738985@test.aol.com,0.15,0.13,26-35,White,60k-100k,500k-1M,0-500,14
70657,F,Toronto,ON,JONES CORINNA,28,False,,Black,78635.0,True,1292993.0,0.0,False,False,3463,9252.54,678.0,Investment; Checking,11,13.62,False,17.41,Personal Loan,False,False,0,Low,5,1,5,519-528-5677T,4512 2395T 5483 8949,CREDIT,TJC77630977@non.hotmail.com,0.15,0.21,26-35,OTHER,60k-100k,1M-2M,0-500,11
9149,M,Toronto,ON,HIGGINS JOHN,40,True,,Black,119391.0,True,1227282.0,0.0,True,False,9949,14935.52,762.0,Investment; Checking; Joint; Credit,27,91.0,True,7264.78,Mortgage,False,False,0,High,4,2,3,753-623-2214T,4519 9250T 9018 0086,DEBIT,THIJOenragedGatorade71971@rand.icloud.com,0.15,0.09,36-45,OTHER,100k-200k,1M-2M,0-500,22
55283,M,Toronto,ON,AMY MENDOZA,37,True,,Asian,62485.0,True,938504.0,0.0,True,False,5045,14089.81,670.0,Credit,26,9.46,False,18.85,Personal Loan,False,False,10,Low,5,1,5,807-154-4049T,4510 1665T 2751 4416,DEBIT,TAMYMENDOZA@synth.netZero.com,0.15,0.09,36-45,OTHER,60k-100k,500k-1M,0-500,8
17604,M,Toronto,ON,CSEKE DAVID,31,False,,Asian,91065.0,True,1153120.0,0.0,False,False,3048,42499.64,728.0,Investment; Checking,8,76.0,True,2069.84,Mortgage,False,True,10,High,4,0,3,289-181-7275T,4510 1330T 2700 5913,CREDIT,TCD5576647208@non.proton.com,0.15,0.12,26-35,OTHER,60k-100k,1M-2M,0-500,9
70615,F,Toronto,ON,CAMPBELL GINA,29,False,,Native,101224.0,True,1162034.0,0.0,True,False,3535,25402.27,726.0,Investment,9,11.29,False,31.14,Mortgage,True,True,7,Low,5,1,5,416-685-8846T,4510 1510T 9957 5469,CREDIT,TCG7364@fake.hotmail.com,0.15,0.25,26-35,OTHER,100k-200k,1M-2M,0-500,13
62824,M,Toronto,ON,GRAZIANO PAUL,35,False,,White,75991.0,True,1130645.0,0.0,False,False,3688,40669.95,685.0,Checking; Credit,11,8.53,False,30.54,Mortgage,True,True,3,Low,4,1,4,742-136-8773T,4510 1630T 0739 3402,DEBIT,TGP11738@fake.yahoo.com,0.15,0.12,26-35,White,60k-100k,1M-2M,0-500,8
61661,M,Toronto,ON,MCCANN EARL,23,False,,White,73646.0,False,0.0,1309.0,True,False,2480,24222.23,493.0,Savings,3,76.0,True,1791.05,,False,False,0,High,5,3,1,289-359-6655T,4510 1357T 2599 1231,CREDIT,TMCCANN_EARL86@non.yahoo.com,0.15,0.07,18-25,White,60k-100k,0-200k,1k-2k,10
175642,M,Hamilton,ON,BODNAR LARRY,33,False,,White,75554.0,True,838392.0,0.0,True,False,3125,39158.08,695.0,Credit,14,7.66,False,44.84,Mortgage,True,True,0,Low,6,2,2,416-891-1940T,4514 0135T 0767 8512,CREDIT,TBL72113@test.iCloud.com,0.15,0.39,26-35,White,60k-100k,500k-1M,0-500,9
73329,F,Toronto,ON,ZHENG YI,30,False,,Asian,69278.0,True,1036612.0,0.0,True,False,3095,12588.33,669.0,Credit,19,114.0,True,2308.15,Mortgage,True,False,3,High,5,0,7,365-728-7597T,4510 1665T 7893 3901,DEBIT,TZY256312@test.gmail.com,0.15,0.1,26-35,OTHER,60k-100k,1M-2M,0-500,63
98799,M,Montreal,QC,PERREAULT GILBERT,46,False,,Black,69150.0,True,537017.0,0.0,True,False,4352,31281.59,695.0,Checking; Credit,32,41.0,True,2364.84,Mortgage,False,False,8,Medium,6,2,3,581-384-7247T,4514 0156T 3664 6995,CREDIT,TPERREAULTGILBERT@fake.comcast.net,0.18,0.21,36-45,OTHER,60k-100k,500k-1M,0-500,18
78469,M,Montreal,QC,KOPEC WITOLD,36,False,,White,85807.0,True,696474.0,0.0,True,False,5495,38681.34,719.0,Credit,19,14.58,False,18.99,Auto Loan,True,False,2,Low,5,2,2,581-199-4795T,4512 2316T 8068 0168,CREDIT,TKW3325@rand.aol.com,0.18,0.08,26-35,White,60k-100k,500k-1M,0-500,30
80996,M,Montreal,QC,BOURNIVAL GABRIEL,41,False,,Black,79474.0,True,612944.0,0.0,False,False,3289,51387.03,655.0,Investment; Checking,16,64.0,True,2214.22,Mortgage,True,True,0,High,3,1,4,367-374-9213T,5415 9071T 5600 6063,CREDIT,TBG81606728@synth.outlook.com,0.18,0.15,36-45,OTHER,60k-100k,500k-1M,0-500,5
200723,M,Kitchener,ON,TUCAKOVIC AMIR,39,False,,White,77126.0,True,660971.0,0.0,True,False,3396,11852.56,689.0,Investment,3,10.39,False,33.17,Mortgage,True,False,0,Medium,2,2,3,226-237-6242T,4510 1663T 0505 8955,DEBIT,TTA1053496007@synth.gmail.com,0.15,0.05,36-45,White,60k-100k,500k-1M,0-500,8
40589,M,Toronto,ON,PRICE GLENN,48,True,,Latino,111012.0,True,1151327.0,0.0,True,False,9251,42134.86,775.0,Checking; Joint,8,45.0,True,6990.5,Mortgage,True,False,0,High,3,1,2,289-206-4736T,4510 1398T 7075 3297,CREDIT,TPG94495@fake.aol.com,0.15,0.07,46-55,OTHER,100k-200k,1M-2M,0-500,10
240501,M,Oakville,ON,BABIN REGIS,43,False,,White,113951.0,True,1175522.0,0.0,True,False,9496,6021.77,707.0,Credit; Investment,21,15.81,False,67.42,Mortgage,True,False,0,Medium,2,3,2,742-665-7009T,5415 9069T 1585 1647,CREDIT,TBR5370260469@synth.gmail.com,0.16,0.36,36-45,White,100k-200k,1M-2M,0-500,5
162514,M,Quebec City,QC,JALBERT NELSON,45,False,,White,82297.0,True,448278.0,0.0,True,False,5323,28940.06,662.0,Investment; Checking; Credit,31,96.0,True,3475.4,Mortgage,False,False,11,High,4,1,3,514-903-9058T,5415 9011T 2958 7103,CREDIT,TJN19997@non.yahoo.com,0.16,0.12,36-45,White,60k-100k,200k-500k,0-500,7
441,M,Toronto,ON,OLIVIA LESTER,27,False,,Asian,87221.0,True,1010122.0,0.0,True,False,3341,31321.06,702.0,Checking,14,66.0,True,2609.96,Mortgage,True,True,0,High,4,5,1,343-589-2215T,4519 9240T 9170 3416,DEBIT,TOL9889@test.att.net,0.15,0.29,26-35,OTHER,60k-100k,1M-2M,0-500,39
167626,M,Quebec City,QC,LEMAY GILLES,41,True,,White,88387.0,True,384708.0,0.0,True,False,5292,31281.7,696.0,Investment,4,13.91,False,28.24,Personal Loan,False,False,0,Medium,2,3,2,450-414-9463T,4512 2325T 7386 9706,CREDIT,TLG195571@test.bla.com,0.16,0.19,36-45,White,60k-100k,200k-500k,0-500,8
38998,F,Toronto,ON,MARTIN JOAN,33,True,,White,66851.0,True,860048.0,0.0,True,False,3081,21067.04,716.0,Credit,4,91.0,True,1686.05,Mortgage,False,False,3,High,4,1,7,705-791-9320T,4514 0170T 4863 4879,CREDIT,TMJ179335@test.proton.com,0.15,0.09,26-35,White,60k-100k,500k-1M,0-500,5
70013,F,Toronto,ON,DOLOTOWICZ DEBBIE,26,False,,White,75026.0,True,928703.0,0.0,True,False,3384,333.09,669.0,Credit,4,108.0,True,2079.71,Personal Loan,True,True,1,High,4,1,5,905-791-8743T,4510 1643T 8875 8774,DEBIT,TDOLOTOWICZ_DEBBIE69@rand.bla.com,0.15,0.16,18-25,White,60k-100k,500k-1M,0-500,6
85116,F,Montreal,QC,GUITARD JANETTE,28,False,,White,63914.0,True,504786.0,0.0,True,False,2949,15677.28,654.0,Credit,11,7.05,False,28.78,Mortgage,True,False,1,Low,5,0,8,418-244-5459T,4519 9238T 3334 6440,DEBIT,TGUITARD_JANETTE40@rand.proton.com,0.18,0.07,26-35,White,60k-100k,500k-1M,0-500,28
98764,M,Montreal,QC,BELANGER ERNEST,44,False,,Black,63306.0,True,517537.0,0.0,True,False,2831,17089.77,641.0,Credit,18,12.3,False,53.0,Mortgage,False,False,0,Medium,2,0,6,581-456-7327T,4512 2336T 1240 6018,CREDIT,TBE414275670@rand.proton.com,0.18,0.06,36-45,OTHER,60k-100k,500k-1M,0-500,18
37832,M,Toronto,ON,TIMOTHY HERNANDEZ,27,False,,White,68114.0,True,859877.0,0.0,True,False,2433,9832.39,658.0,Checking,4,8.73,False,35.99,,False,False,12,Low,6,0,5,548-187-2174T,4512 2366T 3448 2241,CREDIT,TTIMOTHY_HERNANDEZ81@non.yahoo.com,0.15,0.28,26-35,White,60k-100k,500k-1M,0-500,19
10448,F,Toronto,ON,STEELE FRANCES,41,False,,Asian,93999.0,True,1234302.0,0.0,True,False,4295,37837.67,736.0,Checking,4,119.0,True,3290.44,Mortgage,False,True,3,High,4,1,6,683-637-4255T,4510 1552T 4268 0742,CREDIT,TSF37372@synth.att.net,0.15,0.1,36-45,OTHER,60k-100k,1M-2M,0-500,69
30640,F,Toronto,ON,BARRACLOUGH JUDITH,35,False,,Asian,90764.0,True,1054335.0,0.0,True,True,3372,36583.27,850.0,Checking; Credit,19,8.84,False,38.38,Mortgage,True,False,1,Low,5,0,6,548-591-1587T,4510 1571T 6045 4520,CREDIT,TpitifulGatorade4BAJU@synth.att.net,0.15,0.08,26-35,OTHER,60k-100k,1M-2M,0-500,7
56387,M,Toronto,ON,DAVIDSON MURRAY,48,True,,White,81931.0,True,1097852.0,0.0,True,False,3932,129682.67,764.0,Credit,17,12.9,False,58.09,Mortgage,True,True,7,Medium,2,0,4,548-143-5094T,5415 9083T 8581 8350,CREDIT,TDM8053991824@test.netZero.com,0.15,0.11,46-55,White,60k-100k,1M-2M,0-500,9
108335,M,Vancouver,BC,BROOKS JAMES,34,True,i05vayuQ,Asian,72849.81,True,1038238.0,0.0,True,False,3258,8814.62,709.0,Investment,4,6.99,False,40.25,Mortgage,True,False,2,Low,5,1,3,604-469-7599T,5415 9045T 2826 8712,CREDIT,TBRJAhushedIcecream81976@rand.aol.com,0.13,0.11,26-35,OTHER,60k-100k,1M-2M,0-500,7
24178,M,Toronto,ON,WILLIAM GRANT,47,True,,Black,80866.0,True,1041068.0,0.0,True,False,4692,98057.28,792.0,Joint; Credit; Checking; Investment,20,115.0,True,2779.59,Mortgage,True,True,0,High,5,1,4,365-678-1458T,4512 2357T 4416 2794,CREDIT,TWG5608711@rand.aol.com,0.15,0.12,46-55,OTHER,60k-100k,1M-2M,0-500,9
20447,M,Toronto,ON,TIMMONS JAS,30,False,,White,93456.0,True,1082405.0,0.0,True,False,3537,12674.58,699.0,Credit,4,8.1,False,25.93,Mortgage,False,True,9,Low,4,0,6,437-654-1187T,4514 0162T 6243 7106,CREDIT,TTJ0022720@rand.outlook.com,0.15,0.14,26-35,White,60k-100k,1M-2M,0-500,23
190850,M,Brampton,ON,MCLACHLAN PETER,42,True,,Black,112026.0,True,1399405.0,0.0,True,False,9336,13243.45,774.0,Investment,15,16.19,False,35.37,Mortgage,False,False,0,Medium,2,2,4,753-391-9931T,4519 9222T 1852 9249,DEBIT,TMP004385279@fake.bla.com,0.17,0.11,36-45,OTHER,100k-200k,1M-2M,0-500,6
76169,M,Montreal,QC,CARUSO ANGELO,22,False,,White,11929.0,False,0.0,511.0,False,False,1410,10903.0,430.0,Savings; Checking,15,8.84,False,18.43,,False,True,8,Low,5,0,5,468-708-5488T,4510 1528T 2573 5374,CREDIT,TCA33871@synth.proton.com,0.18,0.15,18-25,White,0-30k,0-200k,500-1k,11
90178,M,Montreal,QC,DEVOST DOMINIC,24,False,,Black,61546.0,False,0.0,743.0,True,False,2593,10100.76,467.0,Savings; Credit,16,19.08,False,10.17,,False,False,0,Medium,2,1,5,514-964-1162T,4514 0124T 6223 8269,CREDIT,TDEVOST_DOMINIC59@non.cogeco.ca,0.18,0.09,18-25,OTHER,60k-100k,0-200k,500-1k,5
6030,M,Toronto,ON,PATERSON REGINALD,29,False,,Asian,60223.0,True,934238.0,0.0,True,False,2837,17748.12,675.0,Checking,17,115.0,True,2184.37,Personal Loan,True,False,0,High,5,3,3,705-515-5253T,4519 9252T 8496 7273,DEBIT,TPATERSON_REGINALD12@synth.cogeco.ca,0.15,0.32,26-35,OTHER,60k-100k,500k-1M,0-500,19
23989,F,Toronto,ON,HOWELL HEIDI,48,True,,Asian,72641.0,True,1073063.0,0.0,True,False,5005,27072.01,739.0,Credit,18,39.0,True,3981.08,Personal Loan,True,True,6,High,4,2,3,683-490-6226T,4510 1541T 4190 9479,CREDIT,THH98998@synth.gmail.com,0.15,0.1,46-55,OTHER,60k-100k,1M-2M,0-500,11
10010,F,Toronto,ON,KNIGHT PAM,20,False,,White,17638.0,False,0.0,510.0,False,False,969,3248.84,392.0,Savings,4,6.17,False,23.96,Student Loan,False,True,12,Medium,2,0,5,548-123-7148T,4510 1684T 5934 0948,DEBIT,TKNIGHT_PAM87@fake.bla.com,0.15,0.12,18-25,White,0-30k,0-200k,500-1k,10
6386,M,Toronto,ON,MORGAN MARK,27,False,,Black,86434.0,True,1106339.0,0.0,False,False,3521,27560.23,668.0,Investment,9,12.19,False,36.89,,True,False,5,Medium,2,3,2,519-585-4653T,4514 0147T 4054 5081,CREDIT,TMM2936014237@test.jumo.com,0.15,0.64,26-35,OTHER,60k-100k,1M-2M,0-500,9
187504,F,Brampton,ON,LINDSAY NATASHA,42,False,,Asian,114933.0,True,1153856.0,0.0,True,False,9578,12620.49,731.0,Investment,4,25.42,False,35.0,Mortgage,True,False,0,Medium,2,0,6,683-804-2394T,4510 1398T 4050 3733,CREDIT,TLN620060@synth.live.com,0.17,0.09,36-45,OTHER,100k-200k,1M-2M,0-500,6
21200,M,Toronto,ON,HUTTS WALTER,25,False,,White,62524.0,True,960683.0,0.0,True,False,2079,5053.04,670.0,Checking; Credit,5,21.86,False,10.51,Mortgage,True,False,0,Low,5,0,6,548-875-4366T,4519 9269T 0943 3975,DEBIT,THUTTSM66@synth.mail.com,0.15,0.12,18-25,White,60k-100k,500k-1M,0-500,7
11425,M,Toronto,ON,BURNETT ROSS,41,True,,Asian,93281.0,True,1091135.0,0.0,True,False,5612,23323.71,745.0,Credit; Joint,7,51.0,True,4257.33,Mortgage,False,False,0,High,3,0,4,226-971-2626T,5415 9018T 5728 1692,CREDIT,TBR63003@synth.att.net,0.15,0.09,36-45,OTHER,60k-100k,1M-2M,0-500,26
113681,M,Vancouver,BC,KOETT PHIL,40,False,,White,94307.0,True,1456193.0,0.0,True,False,4586,10183.97,679.0,Checking; Investment; Credit,4,19.98,False,303.23,Mortgage,False,False,1,Medium,2,2,2,250-578-6461T,4514 0195T 6266 7012,CREDIT,TKP733102109@rand.hotmail.com,0.13,0.11,36-45,White,60k-100k,1M-2M,0-500,12
64323,F,Toronto,ON,CHAD HAMILTON,48,False,,Asian,75383.0,True,1309854.0,0.0,True,False,3653,17068.09,735.0,Credit,29,43.0,True,2566.38,Mortgage,False,False,0,Medium,6,3,4,807-255-1225T,4519 9273T 8525 7702,DEBIT,TrelievedBagels2CHHA@rand.att.net,0.15,0.35,46-55,OTHER,60k-100k,1M-2M,0-500,23
65741,M,Toronto,ON,BERRY GRAHAM,32,False,,Asian,75644.0,True,1220355.0,0.0,True,False,3729,11831.07,697.0,Credit,13,9.77,False,11.22,Mortgage,False,False,12,Low,4,2,3,807-221-2806T,4519 9254T 6221 2420,DEBIT,TBERRYGRAHAM@fake.gmail.com,0.15,0.08,26-35,OTHER,60k-100k,1M-2M,0-500,39
97896,M,Montreal,QC,LAFRANCE PATRICK,23,False,,Asian,59705.0,False,0.0,605.0,True,False,2001,3291.45,499.0,Checking,6,11.74,False,8.07,Student Loan,False,False,0,Medium,2,1,4,367-504-9075T,4514 0177T 7336 1423,CREDIT,TLAFRANCE_PATRICK57@non.proton.com,0.18,0.12,18-25,OTHER,30k-60k,0-200k,500-1k,6
162731,M,Quebec City,QC,LANGEVIN HUBERT,30,False,,White,72005.0,True,342224.0,0.0,True,False,3444,30508.6,651.0,Credit,4,13.1,False,47.94,Mortgage,True,True,12,Medium,2,5,1,819-310-5179T,4512 2393T 5512 8892,CREDIT,TLH9039488125@non.iCloud.com,0.16,0.49,26-35,White,60k-100k,200k-500k,0-500,6
108600,M,Vancouver,BC,ROGER PHELPS,38,False,,White,90599.0,True,1000881.0,0.0,True,False,5666,20222.88,724.0,Checking,3,120.0,True,3918.6,Mortgage,True,False,10,High,3,2,3,604-467-4745T,4514 0118T 7438 3461,CREDIT,TRP374611@test.gmail.com,0.13,0.09,36-45,White,60k-100k,1M-2M,0-500,12
56714,F,Toronto,ON,JOSEPH NELLIE,46,False,,Asian,92348.0,True,1145849.0,0.0,True,False,5175,16229.68,709.0,Credit,11,56.0,True,3041.46,Mortgage,True,False,10,High,4,4,1,613-350-5554T,4512 2389T 0756 4289,CREDIT,TJN801078924@non.mail.com,0.15,0.29,36-45,OTHER,60k-100k,1M-2M,0-500,69
157648,F,Winnipeg,MB,PENNER SHARON,43,False,,White,81202.0,True,435983.0,0.0,True,False,3906,49937.18,716.0,Checking,28,16.23,False,40.63,,True,False,12,Medium,2,0,5,584-628-6069T,4519 9263T 7963 2239,DEBIT,TPS78651816@fake.netZero.com,0.18,0.11,36-45,White,60k-100k,200k-500k,0-500,8
32218,F,Toronto,ON,SCHWARTZ NAOMI,24,False,,White,50995.0,False,0.0,1099.0,True,False,1516,10664.2,472.0,Checking; Credit; Savings,10,13.48,False,10.94,,False,False,5,Medium,2,1,6,416-311-1663T,4510 1591T 0569 4081,CREDIT,TSCHWARTZF81@synth.zoho.com,0.15,0.11,18-25,White,30k-60k,0-200k,1k-2k,5
98961,F,Montreal,QC,GAUTHIER PRISCILLA,34,False,,White,68400.0,True,571002.0,0.0,True,False,3227,10498.8,643.0,Credit,11,47.0,True,2237.33,Mortgage,True,False,1,High,3,1,5,367-385-3896T,4519 9281T 4696 2845,DEBIT,TresolvedLion3GAPR@test.live.com,0.18,0.05,26-35,White,60k-100k,500k-1M,0-500,28
158498,F,Winnipeg,MB,BROOKS JOYCELYN,28,False,,Asian,69195.0,True,340195.0,0.0,True,False,3825,12216.73,638.0,Checking,4,8.57,False,30.7,Mortgage,False,True,0,Low,5,0,7,584-709-7130T,4514 0156T 5959 7049,CREDIT,TBJ47722@non.mail.com,0.18,0.17,26-35,OTHER,60k-100k,200k-500k,0-500,6
9300,F,Toronto,ON,MCCOWAN NANCY,33,False,,White,79999.0,True,1019118.0,0.0,True,False,2540,44715.9,727.0,Investment,14,40.0,True,1603.19,Mortgage,False,False,7,High,4,0,7,437-633-2681T,5415 9066T 7188 9093,CREDIT,TlovesickFish3MCNA@fake.hotmail.com,0.15,0.13,26-35,White,60k-100k,1M-2M,0-500,37
